current_balance,average_daily_income,average_daily_expense,income_volatility,expense_volatility,upcoming_payment_amount,upcoming_payment_count,expected_receivables,overdue_receivables,recurring_expense_ratio,discretionary_spending,recent_cash_burn_rate,days_until_next_major_payment,historical_min_balance,transaction_frequency,month_day,shortage_risk,predicted_minimum_balance,days_to_cash_shortage
62042.86,2663.99,2717.05,0.2546,0.189,8285.94,4,2473.44,0.0,0.2203,7996.32,1591.82,4,36949.79,3.67,30,0,52217.5,30.0
36485.39,2063.89,2040.7,0.4141,0.1849,7083.95,2,10796.63,14000.0,0.3023,4247.71,0.0,20,32361.56,3.28,3,0,18741.95,30.0
97574.89,2862.35,8193.67,0.319,0.1771,37007.62,6,36669.84,40000.0,0.3556,5770.73,159939.72,7,65958.41,4.21,14,1,14135.09,6.5
61191.25,5468.19,3365.96,0.4027,0.19,17261.36,6,47693.09,0.0,0.4883,14119.91,0.0,8,46752.44,5.63,21,0,71114.43,30.0
22776.41,1530.53,1434.4,0.3482,0.2487,21257.72,3,20174.04,5000.0,0.3027,1605.6,0.0,4,18061.34,1.72,7,1,6416.06,1.0
45130.48,2531.84,2700.86,0.2962,0.2903,22498.06,3,19732.25,5000.0,0.334,8787.84,5070.31,24,24817.29,3.07,15,1,11771.42,26.5
203103.66,8724.57,6325.34,0.0967,0.1104,10463.36,2,32091.6,0.0,0.385,4030.61,0.0,22,159442.81,6.12,30,0,219759.55,30.0
295028.18,5899.28,7409.07,0.1447,0.1307,16708.23,2,46442.66,0.0,0.474,5180.03,45293.97,23,218421.23,3.03,8,0,235813.02,30.0
19647.53,1536.58,1881.28,0.3953,0.251,10790.99,4,18382.22,28500.0,0.2227,3404.37,10340.98,3,12182.48,2.35,17,1,-57.95,1.1
25704.27,2468.7,2897.55,0.3858,0.2619,22517.25,3,18748.98,28500.0,0.3935,5945.23,12865.48,18,17465.31,3.4,6,1,-20032.04,6.6
35491.93,2591.63,3288.39,0.3141,0.2051,19838.97,4,23632.04,0.0,0.4489,7571.26,20902.91,21,23193.26,4.01,11,1,-193.7,12.3
152583.33,5409.44,6007.15,0.2226,0.1186,24435.36,5,24412.85,40000.0,0.664,13805.02,17931.13,9,137201.24,9.08,20,0,103019.23,30.0
249768.86,5131.05,3388.96,0.1878,0.1106,39157.24,4,32060.6,0.0,0.2523,3014.72,0.0,21,198162.26,5.43,3,0,238763.18,30.0
24523.98,2692.98,2829.19,0.4972,0.3144,19635.65,3,7611.76,28500.0,0.3989,2202.56,4086.29,23,19227.11,2.96,8,1,-22219.3,9.6
103877.65,3717.64,7029.0,0.2342,0.1049,38497.23,6,50998.63,20000.0,0.5759,5125.33,99340.63,14,95333.03,8.49,5,1,19592.94,13.3
308842.65,6708.37,4618.04,0.1821,0.0817,35014.82,4,62754.59,6000.0,0.2924,7568.01,0.0,6,292018.21,4.04,15,0,300392.47,30.0
36099.78,2954.75,3029.69,0.444,0.3256,14654.96,3,21942.66,28500.0,0.3258,3701.94,2248.34,19,26196.97,1.74,7,1,3548.25,25.5
149368.9,6983.03,4991.37,0.2627,0.1188,22752.08,3,9755.36,8000.0,0.5524,3431.31,0.0,17,83224.95,5.82,11,0,137258.9,30.0
42373.43,1370.69,1513.7,0.386,0.2852,27299.35,1,9428.0,0.0,0.4231,6945.69,4290.15,11,29557.04,2.7,19,1,14308.12,10.0
14386.22,1700.49,2608.3,0.4501,0.315,20113.56,3,16069.58,5000.0,0.298,8661.49,27234.39,6,8220.16,2.24,16,1,-8622.45,1.0
10649.42,1822.83,3554.92,0.2614,0.1543,8983.64,4,11165.61,0.0,0.4672,7551.85,51962.9,6,5541.82,4.35,4,1,-6774.06,1.7
158473.48,5895.86,4063.55,0.1712,0.2285,55047.46,5,26243.99,40000.0,0.3593,10029.31,0.0,12,118146.34,4.77,29,0,101186.89,30.0
178108.74,11708.93,7479.43,0.1035,0.0569,27784.12,4,25339.15,6000.0,0.2752,2182.22,0.0,26,90919.59,4.93,10,0,206305.11,30.0
46804.23,2457.89,3330.44,0.4573,0.3509,18075.97,1,24781.62,14000.0,0.2987,2830.8,26176.58,4,35629.48,2.62,7,0,26524.23,30.0
227322.67,6289.48,6239.15,0.1688,0.0738,34446.64,5,42322.64,0.0,0.3444,7343.27,0.0,25,211715.53,4.95,12,0,179451.45,30.0
259495.57,8118.91,5211.64,0.09,0.0592,32075.98,2,78597.2,0.0,0.4006,7537.03,0.0,26,243513.68,3.46,10,0,292622.68,30.0
85643.92,10027.77,5502.54,0.1647,0.1469,11235.93,2,51956.86,6000.0,0.422,10369.64,0.0,10,77195.46,3.36,18,0,117405.25,30.0
39878.33,2926.28,3336.79,0.2828,0.3769,6920.52,4,14843.3,5000.0,0.4072,4126.64,12315.45,13,21934.63,2.25,19,0,22979.66,30.0
31703.05,5002.71,3498.41,0.1856,0.1235,26875.32,7,11895.89,0.0,0.5772,11952.54,0.0,17,27294.71,5.34,6,1,18168.19,30.0
7604.05,3049.29,3422.05,0.2885,0.3239,21002.22,1,16433.84,5000.0,0.2264,2746.62,11183.04,2,6933.86,4.2,25,1,-11640.11,1.0
15180.79,2493.7,2254.19,0.2803,0.2165,21057.72,3,8434.56,28500.0,0.3261,3449.62,0.0,18,9441.41,3.94,28,1,-21468.41,1.3
167876.48,3188.92,7846.31,0.3155,0.133,64363.81,4,25706.73,8000.0,0.4939,12331.23,139721.65,17,146576.97,6.29,22,1,19499.79,17.0
13031.13,1227.34,1565.79,0.4421,0.2836,22686.71,3,19412.87,5000.0,0.4625,8348.74,10153.38,6,7717.95,2.24,14,1,-8233.33,1.0
57693.24,2714.0,1503.17,0.294,0.1555,16963.76,3,20776.87,14000.0,0.3744,5071.58,0.0,13,49403.76,3.18,30,0,50499.27,30.0
147700.24,5805.0,7466.74,0.4209,0.2235,34612.2,4,24368.01,8000.0,0.6932,10297.05,49852.15,2,100206.38,6.71,15,0,114205.47,30.0
159354.56,7262.75,3979.49,0.428,0.1984,46040.28,4,23451.33,20000.0,0.4404,8509.63,0.0,2,85117.4,7.48,11,0,115915.72,30.0
58807.3,2147.92,2868.63,0.2603,0.1981,12995.24,4,4040.16,0.0,0.2143,2767.01,21621.11,23,34863.92,3.1,12,0,21166.56,30.0
35205.04,2580.79,1486.49,0.4798,0.307,13677.58,3,8368.19,0.0,0.2286,8051.84,0.0,18,20525.75,1.75,3,0,35062.43,30.0
122738.22,4533.89,5651.43,0.3742,0.1073,41605.67,5,48759.1,8000.0,0.4384,11560.2,33526.2,13,67161.26,7.2,15,0,69828.82,30.0
57342.58,5450.64,7655.76,0.1768,0.2071,48955.12,3,38494.67,8000.0,0.4316,7115.12,66153.81,3,47684.38,4.52,15,1,10733.36,2.4
86815.89,4386.0,7968.13,0.3323,0.1489,26861.34,3,25171.77,40000.0,0.5244,6964.18,107463.93,6,46841.47,4.96,11,1,23586.27,7.7
63504.03,2181.5,2990.37,0.4873,0.3296,22698.34,1,24263.86,14000.0,0.3873,5074.65,24266.22,7,52791.61,2.78,1,0,35533.82,30.0
94441.25,8295.78,7626.08,0.1185,0.1094,10028.0,2,35129.78,6000.0,0.3423,6542.68,0.0,15,53120.48,7.05,1,0,80729.72,30.0
12001.76,2146.33,2733.42,0.478,0.1767,7858.84,2,23581.83,14000.0,0.4978,7094.81,17612.75,12,10003.52,2.64,1,1,-5153.53,1.1
52716.04,1603.25,1760.04,0.2575,0.3536,12272.52,4,11026.24,5000.0,0.4328,5422.99,4703.65,11,44092.97,3.37,1,0,36470.08,30.0
177489.54,8576.65,7485.6,0.1549,0.0617,30198.96,5,79551.89,0.0,0.485,8277.08,0.0,23,160140.23,5.48,30,0,164759.33,30.0
112468.97,6837.92,3866.69,0.1693,0.0534,32148.33,4,81594.3,0.0,0.3925,9624.59,0.0,25,62686.82,4.89,13,0,153564.2,30.0
18755.08,2644.51,2984.08,0.4244,0.3235,24016.37,1,9878.06,0.0,0.39,3388.49,10187.26,11,17073.38,4.34,12,1,-11041.16,1.9
45331.9,7118.13,7387.45,0.1569,0.2303,36206.53,3,51915.25,8000.0,0.6199,7493.22,8079.63,14,24975.93,9.46,1,1,1815.61,7.1
89850.41,3057.38,4976.55,0.3909,0.1009,58175.91,3,24278.26,8000.0,0.4667,7778.02,57574.97,6,63209.59,6.89,27,1,22639.63,5.5
15583.22,2196.74,2321.64,0.5202,0.2406,9891.66,4,6094.83,14000.0,0.4032,6241.98,3747.01,18,10699.14,2.88,20,1,-9628.22,2.3
49997.63,1619.81,3375.72,0.2718,0.1977,18511.43,4,19837.14,0.0,0.2128,5040.5,52677.25,2,35822.78,3.07,28,0,35285.0,30.0
144803.44,3284.01,4972.12,0.1727,0.2506,35436.71,4,38969.43,0.0,0.4453,13769.16,50643.3,7,87458.91,7.31,3,0,108579.61,30.0
44164.77,1676.37,1618.77,0.2851,0.3306,26721.42,4,6714.64,0.0,0.4995,7726.65,0.0,23,36707.86,1.54,7,1,13690.45,26.6
166593.6,5736.38,4980.09,0.3975,0.1726,35470.58,7,28497.95,40000.0,0.362,12967.85,0.0,9,140542.13,5.32,26,0,119351.32,30.0
57108.08,2174.86,3368.01,0.4799,0.2563,21073.45,4,7014.53,5000.0,0.2079,3515.08,35794.58,8,42063.56,2.77,26,0,23099.53,30.0
59857.93,1435.5,2668.34,0.2959,0.2885,7451.31,3,5148.37,0.0,0.428,7723.06,36985.02,23,46020.92,2.3,27,0,19196.15,30.0
129755.5,3624.25,8046.38,0.2756,0.1766,62931.36,6,11891.54,40000.0,0.5316,3563.59,132664.15,1,87608.71,8.63,29,0,46064.48,30.0
74568.26,5462.1,5723.07,0.3491,0.2874,41992.14,6,47551.89,0.0,0.6064,5579.28,7828.96,3,42474.26,6.98,13,0,46996.05,30.0
101135.6,4418.6,5063.16,0.2738,0.241,55955.12,5,8109.95,20000.0,0.5594,8516.18,19336.78,5,55259.7,5.63,2,0,31177.35,30.0
291203.8,9679.2,5367.15,0.0904,0.1458,29081.07,2,67792.37,6000.0,0.4396,8389.49,0.0,25,230341.97,4.25,25,0,345407.08,30.0
37739.37,5948.61,3434.08,0.3265,0.2999,51551.18,7,13418.25,20000.0,0.5445,8678.52,0.0,16,31522.91,9.67,18,1,2725.74,17.7
126682.0,5855.79,5132.9,0.3182,0.1962,51238.34,4,34904.1,40000.0,0.6597,9363.18,0.0,12,101059.91,7.24,29,0,64084.23,30.0
161499.81,4762.28,5648.3,0.4471,0.1,18501.49,5,24483.46,8000.0,0.4149,7607.57,26580.56,14,115624.82,4.53,30,0,123738.49,30.0
161051.57,7425.19,7271.85,0.2753,0.1843,38365.54,5,41631.01,0.0,0.6082,5865.33,0.0,4,146500.98,4.25,1,0,133630.27,30.0
293437.01,6442.37,5737.05,0.1979,0.1384,13345.09,3,24873.98,6000.0,0.4002,11037.24,0.0,23,226968.12,7.71,22,0,273518.96,30.0
64600.47,3629.68,4368.58,0.2059,0.2559,40913.02,3,16173.08,8000.0,0.4725,3694.11,22166.85,17,52533.7,7.09,18,1,1392.0,12.4
18429.06,2273.95,2704.47,0.403,0.1729,15963.57,4,23979.98,14000.0,0.5071,3492.0,12915.57,4,14648.5,1.61,15,1,1176.03,1.1
85903.28,4020.84,7034.13,0.2988,0.1162,64573.77,7,49496.59,8000.0,0.4271,11199.11,90398.51,8,65036.82,7.55,26,1,6806.4,6.5
275494.78,8409.45,7274.88,0.1094,0.0657,30319.09,2,27937.56,0.0,0.2901,5340.09,0.0,13,247046.28,6.76,7,0,249218.87,30.0
71440.65,10649.6,3757.44,0.189,0.0501,8204.35,5,66269.52,0.0,0.389,9566.36,0.0,16,44072.57,5.8,8,0,166162.42,30.0
110997.81,6465.27,3767.0,0.3783,0.2083,23974.87,6,12817.96,40000.0,0.687,7102.47,0.0,5,58887.3,5.04,4,0,79605.68,30.0
39930.23,1891.77,2766.01,0.216,0.3679,19894.19,4,19440.05,28500.0,0.5407,8766.58,26227.44,21,26646.44,1.57,6,1,-13153.18,13.4
14536.3,2137.08,3477.47,0.2358,0.3636,10077.7,3,19774.92,14000.0,0.3845,7694.41,40211.67,3,12946.38,3.46,27,1,357.64,1.2
340065.73,10200.71,4932.64,0.1174,0.0821,8996.29,4,47639.48,0.0,0.4311,9458.37,0.0,27,318195.1,5.36,27,0,437376.43,30.0
57117.39,2753.19,3096.03,0.4957,0.3403,25972.23,1,6265.55,0.0,0.4192,2484.34,10285.03,4,31776.32,1.5,7,0,29806.93,30.0
34495.67,1328.42,2680.34,0.2941,0.3494,15685.77,4,13038.59,5000.0,0.3086,4914.15,40557.58,19,32035.85,3.58,1,1,-8488.73,9.1
51888.31,3283.12,6225.79,0.1555,0.1965,31323.07,4,33109.38,0.0,0.4236,7152.2,88280.09,2,45196.34,6.1,1,0,26798.06,30.0
24325.68,3154.93,1841.89,0.4426,0.3554,19637.9,4,22613.09,0.0,0.2144,6527.89,0.0,4,18872.47,4.31,7,0,16610.03,30.0
245085.3,10375.67,5867.42,0.1381,0.1161,22474.19,3,23056.56,6000.0,0.3883,7974.76,0.0,6,202482.6,6.66,11,0,243363.67,30.0
127544.13,5052.61,6463.43,0.2487,0.194,47935.39,7,34102.09,8000.0,0.6105,13461.99,42324.65,12,120956.51,7.92,5,0,60208.65,30.0
45813.69,1344.4,1467.44,0.2902,0.2657,24463.64,1,9956.5,14000.0,0.5039,6953.77,3691.16,6,23733.74,3.8,28,0,16029.16,30.0
232029.11,7789.62,6488.92,0.1384,0.1373,39748.27,3,46936.33,0.0,0.4752,6217.21,0.0,25,203303.71,6.11,8,0,204924.48,30.0
120278.31,5772.94,5176.1,0.3038,0.1826,35251.04,6,32196.42,0.0,0.3742,8245.98,0.0,14,68989.92,7.98,7,0,89810.48,30.0
63164.74,1716.27,2844.82,0.3138,0.3434,10397.5,3,3690.43,0.0,0.2458,8773.66,33856.61,11,55142.66,2.85,12,0,37430.89,30.0
136016.58,3585.1,4088.38,0.161,0.2473,50269.28,3,48808.75,40000.0,0.5823,8695.57,15098.55,15,84518.98,7.24,20,0,66794.99,30.0
36870.17,3073.21,1486.56,0.2427,0.263,18447.43,1,5411.89,28500.0,0.5269,3871.17,0.0,13,18517.05,2.94,27,0,19029.41,30.0
197327.16,8366.97,5188.66,0.16,0.064,38074.23,5,32178.64,0.0,0.2575,5079.3,0.0,26,112530.5,3.47,8,0,211433.32,30.0
62800.81,1710.61,2855.59,0.5425,0.2436,24984.81,2,19675.95,5000.0,0.2061,3331.1,34349.34,9,57362.57,4.29,14,0,30049.68,30.0
256752.02,8828.89,4417.16,0.0991,0.1105,35864.11,2,26786.13,0.0,0.3295,10664.39,0.0,12,203535.09,6.69,4,0,263410.25,30.0
329188.95,7786.29,7457.57,0.1853,0.0817,25423.65,3,44343.94,6000.0,0.4672,5756.72,0.0,24,267617.53,6.05,15,0,288621.55,30.0
27395.11,1654.54,1561.03,0.4112,0.3171,17474.36,3,13938.88,14000.0,0.4168,4976.21,0.0,9,15040.28,1.58,26,1,5498.34,6.8
33601.73,1988.73,2608.71,0.4614,0.3289,5173.95,3,3639.45,0.0,0.3824,7667.95,18599.42,16,17712.15,3.46,19,1,13127.37,19.6
34152.31,1713.55,2026.72,0.3076,0.3508,21505.62,4,8270.35,14000.0,0.3887,3834.81,9395.02,3,19860.15,3.97,30,1,7208.42,2.1
136356.94,3302.32,6206.75,0.227,0.2926,33675.48,3,37758.11,20000.0,0.5192,12671.91,87133.0,13,118444.41,4.02,22,0,61661.45,30.0
133862.34,6090.34,5860.4,0.1293,0.134,16180.64,3,40610.45,0.0,0.475,5534.21,0.0,7,107143.07,7.26,7,0,127104.78,30.0
117991.27,3589.67,7105.43,0.4088,0.1433,45354.7,5,18901.51,8000.0,0.3835,3283.66,105472.92,11,85372.0,7.79,25,0,29313.69,30.0
108203.13,9713.58,4723.75,0.1314,0.1218,34198.63,5,74325.41,0.0,0.4231,11912.56,0.0,7,57968.61,7.53,13,0,124831.8,30.0
26299.78,1338.85,2541.93,0.2237,0.3501,18634.68,2,14258.03,28500.0,0.2818,5550.09,36092.52,4,21073.2,2.87,22,1,-7171.0,2.8
39021.35,5442.8,8275.41,0.2026,0.238,56090.32,3,24335.86,40000.0,0.4203,9429.93,84978.57,12,35791.55,9.89,3,1,-74221.15,1.6
64549.01,3054.0,2587.91,0.4947,0.2802,24887.78,3,20999.56,14000.0,0.4183,2168.43,0.0,22,35691.86,3.63,14,0,37314.7,30.0
25500.47,1961.82,2161.91,0.2837,0.2774,18813.67,2,5720.58,5000.0,0.4889,3597.78,6002.67,24,22520.52,3.22,28,1,-7711.1,10.6
57678.46,2936.11,3173.04,0.4765,0.2262,8537.2,2,9960.29,14000.0,0.2283,4522.35,7107.68,4,50186.96,3.22,10,0,42818.79,30.0
144721.47,3621.74,5863.6,0.2696,0.1293,40305.38,4,53266.41,40000.0,0.4786,3818.07,67255.76,15,92667.66,8.66,28,0,61556.66,30.0
95926.75,3296.62,6596.38,0.2148,0.2239,43222.05,5,29610.62,8000.0,0.5776,4824.3,98992.66,2,50457.59,6.91,18,0,52405.33,30.0
23196.51,1402.09,2922.75,0.2218,0.2774,10078.46,3,17081.64,0.0,0.5488,7604.78,45619.9,21,15823.71,1.89,20,1,-18036.38,3.5
102245.23,3631.37,5251.52,0.4391,0.1497,53014.49,7,37090.57,0.0,0.3968,8022.97,48604.44,7,80076.87,4.07,18,0,48180.17,30.0
8877.0,1285.27,2217.1,0.293,0.3115,16229.55,1,21887.19,14000.0,0.3748,3495.14,27954.97,5,5940.04,3.46,3,1,-11892.03,1.0
319783.71,11665.01,6827.97,0.1178,0.1188,37770.2,3,54610.81,0.0,0.3594,4546.71,0.0,11,288701.69,5.48,8,0,331922.96,30.0
36104.48,1500.34,3022.35,0.3793,0.3201,20157.82,3,3638.9,0.0,0.2146,2135.94,45660.49,20,24349.51,4.37,21,1,-18414.85,8.5
333848.31,10378.82,4451.63,0.1295,0.105,8670.24,3,92589.5,0.0,0.4576,2687.13,0.0,19,260768.45,6.91,8,0,435383.71,30.0
17341.24,1442.77,2753.03,0.4711,0.311,12410.96,2,8734.91,0.0,0.3856,1814.63,39307.67,5,15852.21,3.31,21,1,1375.64,1.2
7624.14,1421.62,2716.77,0.2333,0.244,26690.74,2,4794.53,5000.0,0.3925,4414.9,38854.61,21,7216.91,4.16,24,1,-53302.79,1.6
142360.85,8580.12,5998.39,0.1065,0.1478,28997.18,4,44004.49,0.0,0.437,7578.13,0.0,14,105745.68,7.92,22,0,142869.35,30.0
43780.63,7336.11,5788.49,0.1952,0.1685,40418.03,3,35127.12,0.0,0.4947,12098.22,0.0,7,25059.23,8.57,15,1,18101.87,5.1
162217.62,4106.14,4227.96,0.4139,0.2315,24401.24,5,25637.22,0.0,0.4588,11908.18,3654.47,9,143014.54,7.33,22,0,139682.68,30.0
303150.53,4582.74,6622.5,0.171,0.1178,36052.82,3,29353.55,0.0,0.4391,10419.7,61192.89,8,258035.64,5.24,20,0,255005.39,30.0
30281.98,3638.35,3354.08,0.2001,0.1363,40505.49,6,11048.12,40000.0,0.4857,7827.93,0.0,3,22781.05,5.35,20,1,-27277.53,1.8
145549.8,10687.87,5240.41,0.0892,0.0559,14714.94,3,58795.18,6000.0,0.3336,9848.97,0.0,7,94270.68,4.87,30,0,174904.74,30.0
43290.06,3836.88,6370.59,0.3707,0.2997,46877.66,3,16377.87,20000.0,0.6766,10710.78,76011.54,16,36201.27,6.46,14,1,-59732.43,2.7
116282.35,9751.89,5721.96,0.1504,0.1198,16297.5,4,36915.6,0.0,0.4824,9825.82,0.0,17,83305.57,7.21,5,0,150381.09,30.0
124675.6,3034.26,7990.74,0.4228,0.256,21567.47,6,8629.92,40000.0,0.3525,3687.36,148694.49,4,64373.68,4.34,30,0,64265.62,30.0
21536.74,2774.25,3544.64,0.3299,0.2572,16214.14,1,3441.02,0.0,0.4957,3511.04,23111.49,12,15928.34,3.19,21,1,-9908.92,2.6
76110.55,9478.42,7798.67,0.1472,0.1437,27981.61,5,93597.28,0.0,0.2631,6187.93,0.0,8,44840.07,3.72,23,0,83307.14,30.0
240387.64,7121.3,3127.53,0.0981,0.0725,25443.38,4,28607.67,0.0,0.3127,10506.16,0.0,27,127513.81,5.02,11,0,296730.05,30.0
111530.73,3184.11,5628.99,0.2954,0.1332,19878.13,4,27352.98,0.0,0.681,13199.7,73346.53,16,58890.78,8.5,12,0,53845.39,30.0
37793.49,6495.51,4267.23,0.2276,0.1329,47981.47,7,19223.42,0.0,0.4656,12081.02,0.0,14,32026.41,7.36,28,1,10532.68,11.1
104671.88,3295.73,6680.93,0.3966,0.1761,41166.48,6,35146.89,0.0,0.6215,14573.72,101556.24,9,70987.08,5.87,9,0,41133.83,30.0
219248.08,5684.66,6327.45,0.1752,0.0817,13403.33,3,30553.36,0.0,0.4643,11061.43,19283.52,9,197826.53,3.17,8,0,201666.6,30.0
122294.7,3192.28,7876.81,0.3911,0.201,48396.0,7,23181.53,40000.0,0.6885,8013.13,140535.77,13,70075.48,9.29,27,1,-5858.01,11.6
137903.04,6984.21,3620.85,0.3694,0.1375,20537.42,4,54439.08,8000.0,0.6504,12828.76,0.0,12,88440.99,8.93,12,0,158632.67,30.0
54155.31,2959.64,2555.96,0.2855,0.1782,8265.36,3,19012.44,0.0,0.2305,6893.08,0.0,10,37690.87,3.75,25,0,52245.51,30.0
306246.45,6404.81,2671.14,0.1687,0.0606,13596.21,4,69146.18,0.0,0.3287,2038.17,0.0,12,163745.42,7.19,23,0,349946.68,30.0
56983.19,1631.06,2192.83,0.224,0.3408,25037.7,4,20570.11,14000.0,0.3429,7194.37,16853.14,8,45178.89,3.49,18,0,25917.93,30.0
18603.82,1963.22,1683.47,0.3445,0.3506,22017.79,4,8440.86,0.0,0.3677,1635.0,0.0,7,16217.28,2.38,19,1,-1283.31,1.7
243976.46,8693.89,5955.31,0.1439,0.1135,25302.35,2,39748.68,0.0,0.3625,4184.43,0.0,11,153149.59,3.06,24,0,245769.46,30.0
90787.44,6197.64,6516.35,0.1519,0.0564,26983.09,2,94177.13,0.0,0.4693,10772.62,9561.53,12,79635.88,3.39,29,0,82553.02,30.0
52349.65,2346.7,2849.42,0.2883,0.2051,25921.42,1,21976.68,0.0,0.3709,7031.74,15081.49,5,26767.1,4.14,1,0,29681.78,30.0
42331.06,7080.18,5661.5,0.1913,0.1682,46565.38,7,39792.04,40000.0,0.4077,5046.98,0.0,4,36152.32,4.63,22,1,-8389.96,1.0
145308.5,7552.29,7403.14,0.0804,0.054,16858.06,4,53784.9,0.0,0.401,11073.8,0.0,4,103370.25,5.41,8,0,144003.99,30.0
110551.12,6814.44,3462.33,0.4,0.2688,43602.43,7,21793.97,8000.0,0.4497,8554.22,0.0,10,59608.25,5.67,24,0,90505.89,30.0
47075.76,4422.55,5889.28,0.4123,0.1987,61471.33,7,26545.08,40000.0,0.5958,14913.8,44002.04,13,42764.79,8.38,8,1,-54034.91,4.3
54427.42,3110.12,3206.64,0.2005,0.3091,5932.85,3,17791.57,0.0,0.2179,3432.05,2895.46,21,38388.01,3.5,1,0,40166.61,30.0
142676.71,3133.74,3624.95,0.2564,0.2883,59401.95,4,8476.17,8000.0,0.584,11144.04,14736.54,13,110668.34,4.83,9,0,68008.92,30.0
272712.46,5404.19,7463.49,0.088,0.1034,25039.77,3,56450.04,0.0,0.2855,2117.07,61779.15,14,151451.27,5.0,5,0,225506.95,30.0
127843.75,6774.34,6870.21,0.279,0.2346,44514.28,4,45523.88,20000.0,0.4464,6675.76,2876.14,12,116655.61,6.7,12,0,74423.21,30.0
77830.02,5536.33,5167.21,0.3303,0.2411,36526.47,6,10104.59,0.0,0.5909,7494.63,0.0,4,50814.91,6.08,20,0,41452.99,30.0
28152.47,2783.44,2711.18,0.2354,0.3618,27724.83,4,4420.96,0.0,0.3859,7812.93,0.0,2,16970.84,1.92,5,1,1360.98,1.0
10958.13,1617.73,3436.4,0.345,0.2489,11652.63,1,21216.05,28500.0,0.3096,2602.96,54560.22,6,7816.47,4.37,5,1,-19144.12,1.1
43230.26,5652.32,4003.4,0.1593,0.2941,42685.57,3,15911.84,0.0,0.6207,14761.31,0.0,2,28544.23,9.0,19,1,7940.66,1.3
35446.78,2554.77,1917.08,0.4907,0.2862,15213.01,1,20785.41,14000.0,0.2578,5872.38,0.0,16,29440.68,2.71,17,0,23915.25,30.0
24549.39,2785.04,2415.18,0.4558,0.187,10238.24,2,15779.77,28500.0,0.4984,6831.64,0.0,22,13718.04,2.88,22,1,2111.14,30.0
147214.92,11078.18,7692.23,0.0979,0.0963,23741.8,5,48149.74,0.0,0.4952,6834.07,0.0,26,124074.09,5.61,30,0,173257.32,30.0
116591.85,6868.21,8397.92,0.2723,0.2655,38824.17,7,10795.16,0.0,0.6176,9882.35,45891.18,9,73953.71,6.63,17,0,54987.72,30.0
23713.94,1712.1,1467.74,0.54,0.2052,20817.61,2,22057.11,0.0,0.4569,7219.47,0.0,12,18734.29,1.9,30,1,10331.13,6.4
109286.72,6528.95,8449.89,0.2102,0.2989,51893.48,5,42802.38,0.0,0.3814,3027.81,57628.26,5,92458.23,4.03,8,0,58856.09,30.0
241809.15,5164.54,5181.95,0.0893,0.0908,25572.17,4,80617.64,0.0,0.3518,2660.1,522.53,17,224834.6,6.49,13,0,230911.84,30.0
74934.85,3161.25,5853.31,0.3884,0.2414,48342.72,7,21207.21,40000.0,0.3676,3874.82,80761.71,2,51127.77,5.76,24,1,8315.04,2.2
63904.35,5810.24,8388.6,0.331,0.1716,50989.57,3,35535.65,40000.0,0.5767,4475.05,77350.88,10,51582.17,7.33,20,1,-29952.22,4.6
295108.38,8643.76,5360.93,0.0971,0.1275,36223.75,3,67216.83,0.0,0.3179,6966.95,0.0,27,189729.33,4.36,17,0,327731.37,30.0
21570.17,2613.95,1537.92,0.4938,0.151,26410.41,1,4988.39,0.0,0.2864,7056.78,0.0,2,16335.4,4.03,12,1,-1742.11,1.0
259039.22,5370.17,2732.6,0.1478,0.143,13342.5,4,85663.34,0.0,0.4611,8758.48,0.0,24,144626.85,7.83,12,0,317011.18,30.0
171597.35,4064.15,5719.66,0.3403,0.2999,58291.01,6,29511.88,8000.0,0.3867,8982.85,49665.16,3,114355.21,7.81,3,0,114200.13,30.0
129358.34,9430.15,5097.55,0.1856,0.0716,20631.5,3,68872.98,0.0,0.4195,8077.52,0.0,11,102215.68,6.69,6,0,163060.27,30.0
47792.41,1598.43,3358.47,0.3006,0.2419,17507.53,2,21216.05,28500.0,0.2203,2336.34,52801.27,16,41924.43,2.64,24,1,-8683.76,11.5
49172.03,1860.49,3393.34,0.2933,0.3312,20583.47,2,12463.13,0.0,0.5072,1812.43,45985.78,21,43552.07,3.06,26,1,-6735.54,13.7
27064.02,1563.48,2358.12,0.3162,0.2355,13550.0,1,15066.13,28500.0,0.4587,3174.48,23839.15,17,24240.29,3.44,7,1,-13326.27,8.6
239721.04,6683.58,3639.02,0.0983,0.1399,23490.47,3,24478.74,6000.0,0.4275,11373.78,0.0,18,226678.78,3.29,26,0,253838.37,30.0
126688.68,5438.08,7317.72,0.2115,0.2451,54066.09,3,20983.15,0.0,0.5669,13752.9,56389.16,13,115019.31,8.87,8,0,41804.05,30.0
43569.13,2819.72,3484.27,0.3181,0.3312,6430.67,2,23403.96,14000.0,0.3886,1954.72,19936.48,18,22658.29,3.39,11,0,16711.54,30.0
169194.97,11618.03,7792.71,0.1545,0.1429,21850.11,3,32431.23,0.0,0.4402,7468.6,0.0,6,88402.78,5.41,13,0,169039.95,30.0
344733.91,10448.57,7195.82,0.109,0.1461,21013.57,5,39465.63,0.0,0.2992,11514.3,0.0,15,183704.12,7.6,23,0,357017.29,30.0
52555.71,3015.8,3476.14,0.536,0.2804,24647.1,1,7688.83,0.0,0.5421,7179.83,13810.38,5,30125.71,2.87,17,0,25683.16,30.0
145744.04,5144.81,3264.15,0.1527,0.1714,17302.84,5,23118.49,8000.0,0.6742,5744.12,0.0,10,79128.76,7.09,16,0,142030.92,30.0
129365.1,3356.96,4731.09,0.2694,0.2839,39077.47,7,26445.53,0.0,0.6976,3538.94,41223.84,3,120040.19,4.2,3,0,94702.83,30.0
83568.17,6501.48,4530.31,0.3192,0.1717,58867.78,4,47471.36,0.0,0.5798,5884.79,0.0,10,77747.15,4.23,26,0,50574.28,30.0
30882.84,2638.32,2639.31,0.3496,0.2316,25564.17,3,21454.54,28500.0,0.4939,2578.61,29.83,8,26881.11,2.76,4,1,-4924.76,5.0
20318.54,1791.39,2706.37,0.2115,0.309,16659.17,3,4186.22,5000.0,0.3275,3714.31,27449.28,4,16804.19,4.01,29,1,-1865.89,1.0
214384.63,7974.7,2749.72,0.1148,0.1431,8000.37,2,47163.22,0.0,0.348,7467.01,0.0,25,126832.15,7.87,7,0,316486.0,30.0
31248.92,2965.47,1514.18,0.2669,0.2275,24513.78,1,16021.51,28500.0,0.4561,6304.77,0.0,24,19441.43,3.64,27,0,19346.92,30.0
183610.33,6153.66,6693.66,0.1451,0.065,30698.27,3,78547.38,0.0,0.3452,6144.7,16199.78,5,131619.29,4.34,10,0,175147.76,30.0
61952.52,2464.32,1685.87,0.396,0.3452,26457.27,1,18035.82,5000.0,0.448,2790.67,0.0,3,50340.63,3.91,15,0,41332.69,30.0
53424.25,1590.48,2159.75,0.3175,0.3946,20434.27,4,23783.09,0.0,0.4998,6758.77,17078.13,14,30631.65,2.44,26,0,30248.71,30.0
275644.3,7382.66,2638.56,0.1807,0.0511,11120.46,2,72865.33,0.0,0.4259,11702.57,0.0,27,257773.14,6.53,1,0,381897.09,30.0
159396.07,3642.5,7440.02,0.3158,0.1793,48857.62,6,21632.14,40000.0,0.3961,13383.55,113925.51,12,136842.58,8.9,25,0,44614.97,30.0
42492.45,2343.49,3232.23,0.5171,0.153,5455.3,1,9055.86,5000.0,0.4359,1888.77,26662.05,22,27633.79,2.73,6,1,8044.25,25.0
52025.59,1771.52,2352.09,0.4399,0.2331,27587.14,4,17444.02,5000.0,0.2198,4304.41,17417.11,21,28386.09,3.86,29,1,8898.21,19.1
177055.31,3117.26,5949.12,0.2038,0.2941,24490.77,7,17608.71,0.0,0.3897,7843.21,84955.6,9,136769.42,6.39,27,0,129192.53,30.0
112440.94,6041.96,3962.89,0.3286,0.1344,19603.35,3,29527.04,20000.0,0.6739,3820.01,0.0,12,88686.03,7.89,30,0,105144.22,30.0
85988.97,5449.2,5588.64,0.3516,0.2167,58304.78,4,13502.1,0.0,0.534,5994.29,4183.09,1,51239.82,4.93,15,0,32094.85,30.0
8029.34,2454.97,2248.35,0.5277,0.2855,24315.44,1,19006.39,0.0,0.5289,3153.63,0.0,11,5581.29,2.99,27,1,-11291.64,1.1
191525.87,6440.34,4889.22,0.1668,0.0509,29461.62,2,73553.95,6000.0,0.3974,8132.92,0.0,21,171389.13,6.27,21,0,193862.11,30.0
32061.83,3967.37,4336.35,0.2312,0.1495,25767.22,5,39624.97,8000.0,0.3719,8507.29,11069.58,1,28128.53,6.23,23,1,17182.02,1.2
222391.11,6002.12,5892.31,0.1691,0.1238,21679.86,3,79978.91,0.0,0.3804,2684.59,0.0,9,202790.83,4.34,28,0,222719.09,30.0
248627.19,10752.32,5246.87,0.1442,0.0644,17356.26,4,64913.41,0.0,0.446,6193.9,0.0,14,130598.7,4.51,7,0,304751.12,30.0
169066.59,3295.35,7251.54,0.2729,0.231,18524.6,7,52298.97,8000.0,0.4411,4913.91,118685.63,10,147412.48,9.29,13,0,121852.78,30.0
60473.66,2086.61,2617.44,0.2892,0.3356,12079.3,1,23914.75,14000.0,0.2268,8044.77,15924.7,24,43996.73,3.4,17,0,28109.1,30.0
315369.44,5269.26,4660.02,0.1464,0.1003,36300.05,3,84407.32,0.0,0.2985,10588.17,0.0,15,199683.83,5.07,22,0,305234.5,30.0
87720.54,5100.07,5476.93,0.3722,0.2726,32261.5,3,42423.45,20000.0,0.5362,12473.19,11305.69,11,68912.18,5.45,10,0,46636.57,30.0
47762.26,3795.9,4848.31,0.2001,0.1487,43595.61,6,34173.29,20000.0,0.4437,7028.09,31572.3,11,35506.81,8.52,1,1,-11657.16,5.1
35006.77,2023.92,3315.16,0.421,0.2831,26461.93,4,5285.37,0.0,0.2404,6042.28,38737.29,8,23676.36,3.04,13,1,-2962.06,4.4
92890.75,2885.18,7401.62,0.1707,0.1949,27663.62,4,33175.86,0.0,0.5462,10541.12,135493.05,9,81697.11,6.79,22,0,31821.9,30.0
196362.35,5875.82,7202.36,0.1859,0.0966,8496.27,5,35596.73,6000.0,0.2689,5878.26,39796.22,19,114238.8,7.39,12,0,151497.65,30.0
157189.18,5364.25,8403.05,0.2851,0.2027,42952.96,7,18345.23,8000.0,0.6962,5778.58,91163.96,3,83455.06,8.38,8,0,104997.47,30.0
128509.42,6131.2,3244.33,0.2153,0.2323,19768.58,6,10286.91,40000.0,0.5194,3063.76,0.0,15,95947.01,8.6,26,0,116882.85,30.0
82530.45,5984.13,7220.06,0.1544,0.1414,24748.76,6,43248.96,0.0,0.5996,7639.44,37078.05,6,57352.34,5.55,3,0,60696.66,30.0
143740.09,4242.45,5399.35,0.3638,0.1772,25745.63,7,42044.19,20000.0,0.556,5224.47,34706.89,12,109688.16,5.13,17,0,100912.39,30.0
31631.55,2101.55,3508.7,0.3509,0.2873,19636.61,3,14160.66,14000.0,0.3866,6275.71,42214.28,2,18929.02,2.89,14,1,6393.93,1.8
152240.96,6456.72,7232.51,0.2063,0.1177,25861.54,6,20200.09,8000.0,0.5946,7420.17,23273.8,5,132593.82,6.49,3,0,120515.8,30.0
190115.78,6007.99,5328.11,0.1683,0.0936,15968.28,5,73012.84,0.0,0.4167,2943.27,0.0,25,172319.46,3.47,20,0,190452.12,30.0
294377.44,9556.94,2531.45,0.1359,0.1071,8717.63,4,78780.37,0.0,0.326,5181.04,0.0,24,233869.3,3.07,28,0,440159.21,30.0
80902.64,10778.4,5907.39,0.1476,0.1125,10218.51,2,53172.04,0.0,0.4661,7869.37,0.0,22,48783.81,3.69,25,0,152221.65,30.0
169227.31,7166.96,5012.1,0.3083,0.1423,58052.26,6,41609.71,0.0,0.6985,14773.41,0.0,10,148035.72,7.02,11,0,135408.89,30.0
60502.83,2463.29,1519.66,0.4255,0.3936,19626.63,1,11518.03,14000.0,0.2244,5660.16,0.0,5,48432.05,1.63,18,0,40596.29,30.0
117523.96,4643.59,6785.06,0.1532,0.12,37126.82,3,91515.13,0.0,0.4595,10028.11,64244.33,27,102857.72,3.77,5,0,33849.0,30.0
44236.27,5592.19,6923.99,0.17,0.1462,25561.59,5,53880.79,40000.0,0.6705,10395.77,39954.12,13,38044.65,5.18,21,1,-11538.56,5.5
120455.93,5709.26,8186.1,0.3828,0.1256,55848.7,6,52084.37,20000.0,0.4716,8224.72,74305.14,10,64078.42,7.31,2,0,38999.47,30.0
18761.95,2138.21,1990.84,0.2353,0.1919,8818.5,2,12114.03,5000.0,0.2515,8798.08,0.0,9,11235.93,2.48,8,1,9200.68,3.9
63522.4,1540.23,3376.12,0.4719,0.1691,16144.37,2,18253.54,28500.0,0.5454,3535.24,55076.79,24,46211.21,2.94,10,1,-10885.18,18.8
34270.06,1364.54,2411.08,0.3073,0.3556,9386.7,1,14586.46,14000.0,0.2199,4639.55,31396.21,17,20207.71,3.83,15,1,1894.04,12.2
74430.49,8420.7,5089.77,0.1587,0.106,35513.43,2,29242.44,0.0,0.4218,8580.83,0.0,21,54426.02,5.27,25,0,85213.81,30.0
106934.56,6887.15,5334.71,0.4411,0.2865,23265.11,6,18279.36,0.0,0.6096,6352.99,0.0,3,67215.68,6.44,16,0,92044.08,30.0
341579.43,8784.45,3286.51,0.1249,0.1298,31342.84,2,33134.24,0.0,0.3418,2870.17,0.0,8,250730.68,3.13,30,0,354430.56,30.0
244573.79,9002.11,2794.33,0.1252,0.0732,11000.85,2,89055.47,0.0,0.3163,7543.37,0.0,11,145128.48,7.72,8,0,317925.85,30.0
59506.07,2136.14,2425.86,0.4662,0.1886,21193.92,1,19697.32,28500.0,0.3705,4724.89,8691.62,14,34324.22,3.62,18,0,21960.32,30.0
166590.86,5196.31,5856.76,0.1651,0.107,54800.37,3,29104.82,0.0,0.5429,8258.14,19813.41,11,137615.58,6.02,12,0,103883.38,30.0
41499.17,1762.1,1781.69,0.3329,0.3504,19984.86,3,7449.47,28500.0,0.3372,7130.77,587.75,2,38101.02,4.07,8,1,9244.08,2.6
54611.51,2249.47,3105.54,0.282,0.2363,5954.48,3,8106.42,0.0,0.2105,8711.19,25681.97,8,35109.6,3.46,24,0,41584.46,30.0
21896.96,3126.72,1422.63,0.4506,0.3266,11396.97,2,3815.61,5000.0,0.4179,8925.82,0.0,15,14332.09,4.05,10,0,25920.85,30.0
331935.66,5893.0,4548.8,0.1914,0.0562,16734.4,5,92605.73,0.0,0.2731,3627.91,0.0,26,202811.49,7.57,3,0,357379.39,30.0
281083.06,8834.18,7473.98,0.1781,0.1257,35678.8,5,50839.81,0.0,0.2639,2068.78,0.0,15,253818.93,7.28,18,0,259491.79,30.0
157885.86,9682.92,3993.98,0.1029,0.0685,34319.83,2,75119.44,0.0,0.3355,6299.58,0.0,24,113957.09,3.58,29,0,243982.4,30.0
54660.83,3347.94,6097.49,0.4207,0.1688,20292.66,4,34630.45,20000.0,0.6066,10903.94,82486.4,3,37157.53,8.2,8,0,27313.02,30.0
5648.67,2853.1,3162.16,0.2366,0.2942,18456.8,1,3546.39,0.0,0.3624,2390.32,9271.66,6,4392.54,3.72,28,1,-16813.12,1.2
291057.84,10111.21,5586.91,0.1095,0.0924,21799.48,3,30823.19,0.0,0.4484,2317.78,0.0,18,214106.2,3.26,12,0,326194.09,30.0
164661.53,6302.34,3605.13,0.4188,0.2588,22801.79,4,29934.58,8000.0,0.4054,3621.43,0.0,6,98724.04,9.48,3,0,158542.55,30.0
53504.34,2847.25,2246.14,0.3607,0.2258,6761.07,2,14226.16,0.0,0.5264,2389.83,0.0,24,36569.5,4.31,26,0,53374.82,30.0
227412.87,9860.65,2876.48,0.1301,0.0616,30186.72,5,46599.97,6000.0,0.4032,11384.82,0.0,6,199018.05,6.41,26,0,242545.46,30.0
241312.69,7300.93,3904.35,0.0927,0.0855,16899.18,3,49644.45,6000.0,0.3533,8758.23,0.0,18,210493.67,5.78,16,0,276089.08,30.0
57759.81,2314.08,1909.04,0.3758,0.3329,6154.93,4,23077.67,0.0,0.5353,3153.35,0.0,13,39360.12,2.45,16,0,59873.17,30.0
218762.33,9580.79,4856.52,0.1678,0.1324,38181.59,3,28071.06,0.0,0.2866,10329.3,0.0,17,192488.0,7.58,10,0,240487.11,30.0
39382.53,1850.42,1486.39,0.2952,0.1516,10379.63,4,9953.54,5000.0,0.5424,8743.1,0.0,20,26465.59,4.34,20,0,29297.49,30.0
98160.47,6466.89,8487.4,0.2073,0.1919,24059.16,3,27732.89,40000.0,0.5008,6653.91,60615.34,15,83370.7,7.28,30,1,15560.85,19.7
149581.66,6203.89,6859.15,0.2522,0.261,18840.37,4,9114.26,0.0,0.3683,4915.5,19657.72,11,83908.85,9.69,7,0,113727.08,30.0
187495.67,4879.67,2716.66,0.1489,0.0893,33011.7,3,42982.46,6000.0,0.2572,7832.52,0.0,14,127301.68,6.49,28,0,185152.86,30.0
222375.63,6564.29,6401.91,0.1126,0.1404,10982.28,5,82427.27,0.0,0.3437,7498.69,0.0,16,133811.33,4.11,17,0,225912.33,30.0
57241.31,1367.05,1864.48,0.4634,0.1628,16141.0,3,14188.63,5000.0,0.3724,4815.8,14922.82,16,49367.45,2.15,21,0,31583.71,30.0
113091.97,5619.37,3974.96,0.1233,0.0908,26714.84,5,72287.28,0.0,0.4199,2566.8,0.0,22,69769.0,4.23,22,0,126342.99,30.0
66079.74,5960.2,7578.14,0.3519,0.2649,33023.73,5,20720.27,8000.0,0.4889,4875.8,48538.16,4,37684.66,4.18,9,0,25803.23,30.0
343638.38,10453.64,6126.83,0.1493,0.1366,21899.57,3,52061.48,6000.0,0.3224,6676.81,0.0,13,271538.77,6.33,16,0,368609.87,30.0
12750.47,1399.09,2727.02,0.3833,0.2134,11763.55,4,19603.36,0.0,0.3648,5191.74,39837.89,22,6965.31,3.31,4,1,-26695.29,1.5
45589.02,2388.48,2726.93,0.4389,0.2938,5422.88,1,17924.15,0.0,0.3502,3569.42,10153.4,11,36175.16,3.38,9,0,38538.72,30.0
44025.51,1624.67,1668.42,0.4455,0.1784,26363.77,1,4906.89,0.0,0.5489,2875.89,1312.45,9,27135.84,1.54,25,0,16336.71,30.0
112221.78,3620.84,4768.44,0.3491,0.2931,23295.05,6,31513.09,8000.0,0.3676,13684.61,34427.94,7,86456.83,7.28,5,0,84320.52,30.0
60036.08,2013.18,1715.22,0.4502,0.2233,18926.07,4,21263.21,14000.0,0.3839,6733.75,0.0,2,36870.32,4.34,3,0,42312.09,30.0
161230.57,5458.31,4933.02,0.0851,0.1185,18967.39,2,27081.42,0.0,0.4757,10372.63,0.0,18,127759.85,5.3,12,0,142958.64,30.0
29121.63,2657.88,3115.61,0.2414,0.15,8409.0,3,20751.36,28500.0,0.4492,4174.47,13731.83,24,26339.19,4.37,3,1,-8447.23,17.6
44976.07,3177.67,1896.6,0.3365,0.27,27708.73,3,14233.05,0.0,0.2483,2107.79,0.0,12,34281.73,1.7,20,0,30482.21,30.0
29162.22,2545.01,2900.82,0.3103,0.1833,7749.93,3,18114.06,0.0,0.4213,2462.44,10674.22,21,21142.07,3.91,19,1,10902.77,19.9
6541.38,1769.08,2374.67,0.416,0.3625,17041.96,2,13005.29,5000.0,0.2687,2441.62,18167.74,20,3523.94,2.33,9,1,-26410.85,1.6
43266.45,2840.14,1491.47,0.3743,0.3223,8540.15,2,20628.26,5000.0,0.2883,3808.28,0.0,4,28736.28,1.91,15,0,44511.5,30.0
99927.24,3692.7,6919.21,0.3169,0.1717,63759.0,3,26609.05,0.0,0.669,3251.21,96795.39,4,68502.71,8.06,26,0,31038.86,30.0
175794.98,4965.28,4366.18,0.1407,0.0662,11652.48,5,50052.81,0.0,0.4145,11977.49,0.0,23,120713.41,5.26,25,0,174711.06,30.0
44581.42,2084.07,2826.11,0.2215,0.3534,9545.7,2,12980.57,28500.0,0.5292,6365.74,22261.4,11,29073.24,1.83,27,1,13118.56,17.9
49061.94,1617.66,1528.84,0.3933,0.2988,10848.01,1,14426.41,5000.0,0.5052,5827.36,0.0,5,27806.45,3.54,14,0,40735.73,30.0
41864.0,2247.33,2102.07,0.3645,0.2756,19492.14,2,20019.8,28500.0,0.2703,3862.58,0.0,5,23274.53,2.09,29,1,14675.73,7.4
29325.37,2232.57,2677.42,0.5276,0.3181,19212.43,2,24597.99,28500.0,0.3684,7572.56,13345.59,8,18362.1,1.54,29,1,-1754.2,4.9
87142.78,3056.46,6377.14,0.4207,0.1766,24844.39,5,46838.02,8000.0,0.4257,8310.93,99620.6,11,74934.29,5.59,2,0,33353.87,30.0
153889.85,5767.86,7357.35,0.3296,0.1828,35756.25,6,34865.56,0.0,0.6853,9493.37,47684.78,17,118797.07,8.92,5,0,85504.13,30.0
44991.32,1360.21,2372.03,0.2572,0.1961,13857.36,2,13769.27,5000.0,0.2708,4400.3,30354.68,7,39485.1,4.15,8,0,25790.06,30.0
35341.8,1324.08,1556.54,0.4009,0.2915,7611.43,1,4254.18,0.0,0.5073,5684.05,6973.79,8,26018.81,2.06,24,0,24669.3,30.0
98141.76,4922.36,8165.72,0.4452,0.2593,32906.99,6,40464.14,0.0,0.6149,11166.7,97300.78,11,90057.16,9.69,18,0,34688.53,30.0
22154.03,2544.78,1773.72,0.2194,0.2328,5552.12,4,2511.03,0.0,0.4681,4602.59,0.0,2,20725.35,1.8,3,0,18342.14,30.0
34424.51,1539.01,1512.14,0.4161,0.2019,26215.99,3,12052.19,0.0,0.4057,2342.73,0.0,16,32587.33,3.44,19,1,8557.17,12.3
132904.07,7494.99,4753.2,0.1974,0.0681,16724.82,4,82445.88,0.0,0.4498,5341.93,0.0,4,70017.56,3.34,30,0,153989.47,30.0
50998.11,4754.35,6107.52,0.2708,0.2039,34800.05,5,8520.69,20000.0,0.6988,4622.61,40595.14,14,35460.18,9.7,21,1,-22748.01,6.3
23169.79,2661.76,2941.6,0.4062,0.3847,15850.02,1,9245.24,14000.0,0.3224,3328.51,8395.11,24,20212.74,2.13,19,1,-15548.05,7.9
46960.37,1861.12,3038.42,0.3443,0.1989,8063.19,1,22975.07,14000.0,0.3796,2478.78,35318.96,6,27342.11,3.3,9,0,31465.84,30.0
137921.91,5184.82,4252.79,0.0926,0.0629,28021.82,4,47123.53,6000.0,0.3935,2609.02,0.0,20,108811.97,5.61,30,0,122956.27,30.0
34671.27,1443.39,2693.81,0.3106,0.3067,25999.95,2,9530.68,0.0,0.4829,6087.35,37512.46,2,29672.05,2.31,12,1,8957.02,1.0
118448.02,3116.67,7607.17,0.2032,0.2446,29164.22,4,36427.45,40000.0,0.6204,11578.79,134714.85,9,75683.67,7.9,9,0,37418.46,30.0
38444.3,2614.03,2857.65,0.4827,0.3715,21563.62,1,22234.31,0.0,0.4856,1642.09,7308.56,10,23039.4,1.91,11,0,17746.75,30.0
56546.71,2200.12,2884.77,0.2837,0.3395,26429.05,4,24460.9,28500.0,0.466,3844.49,20539.46,8,37788.82,4.3,14,0,16476.68,30.0
15947.48,3130.42,2342.0,0.4212,0.3315,19840.03,3,7341.17,5000.0,0.3284,2604.2,0.0,6,9399.19,1.52,30,1,-2843.44,1.1
50076.74,2993.99,3261.47,0.264,0.3891,25774.71,1,4507.31,0.0,0.3318,4044.3,8024.48,23,35982.19,2.45,20,1,6210.8,25.7
289823.42,6552.74,7515.0,0.0917,0.1353,28663.2,3,42953.54,6000.0,0.332,2537.72,28867.92,22,145582.03,7.01,6,0,225373.4,30.0
42638.31,6008.47,4448.8,0.4331,0.2743,64328.16,3,39852.99,40000.0,0.4513,12398.59,0.0,8,24559.08,7.75,3,1,-22855.59,2.6
157364.7,4601.97,4091.88,0.4009,0.2098,30393.71,3,29662.22,0.0,0.4162,11644.61,0.0,17,128917.09,9.89,3,0,132348.01,30.0
57756.77,2650.74,1647.7,0.3427,0.3716,24837.42,3,8222.86,5000.0,0.2165,8710.62,0.0,24,36630.65,3.39,13,0,45480.94,30.0
180074.1,5544.41,2558.93,0.1453,0.1476,13491.08,2,53049.87,0.0,0.3423,5571.92,0.0,21,123735.69,3.17,29,0,227150.95,30.0
97689.99,6885.12,6009.33,0.2904,0.1821,47437.36,4,14456.0,40000.0,0.6362,13740.68,0.0,17,89764.48,5.54,2,0,27258.45,30.0
141954.43,4264.39,7681.96,0.2279,0.1003,35934.76,3,8010.67,40000.0,0.4817,9849.14,102527.29,2,118394.47,7.08,22,0,80742.8,30.0
190550.03,5393.56,5318.16,0.1219,0.0875,31980.13,2,28102.17,0.0,0.4053,9187.18,0.0,9,118813.28,3.27,10,0,160665.56,30.0
42174.63,4925.35,7117.18,0.356,0.263,16586.12,5,29654.48,20000.0,0.6571,12278.2,65754.99,2,39817.21,8.85,18,1,20771.29,2.0
178820.35,6830.39,3716.04,0.3619,0.1691,21093.98,5,23854.54,40000.0,0.3524,7841.77,0.0,6,114180.12,4.41,8,0,157445.01,30.0
16227.46,2311.1,2040.99,0.3461,0.2442,21960.43,1,4456.42,0.0,0.5066,8289.74,0.0,11,10411.26,2.39,17,1,-6367.55,1.5
271021.15,6627.06,4294.55,0.0825,0.1261,10491.41,3,55739.49,0.0,0.2607,10646.52,0.0,22,189181.43,7.3,12,0,305165.4,30.0
61842.85,3343.12,7633.03,0.3007,0.1029,29209.21,7,49285.55,0.0,0.631,14769.53,128697.2,15,43318.06,6.36,14,1,-21373.31,6.3
31832.06,2859.64,2840.4,0.3439,0.3158,13679.35,3,6277.11,0.0,0.2414,4511.23,0.0,14,29576.27,2.13,15,1,12772.88,17.5
28533.07,3095.56,1710.64,0.4672,0.1772,15997.66,2,16436.38,28500.0,0.5434,4362.12,0.0,4,21085.92,1.94,9,1,8210.94,5.4
168610.95,6655.52,6177.88,0.3514,0.2853,42596.82,6,28021.88,20000.0,0.5667,12897.68,0.0,17,127128.93,5.42,10,0,112769.36,30.0
143896.63,6149.53,4223.75,0.2914,0.1945,32146.48,7,48121.76,0.0,0.4824,9207.52,0.0,1,77586.48,7.66,11,0,131971.41,30.0
37729.42,1614.11,2596.74,0.2811,0.3622,12076.62,4,4564.22,0.0,0.339,3341.63,29478.8,18,30998.98,4.4,8,1,3845.87,13.0
9857.22,2953.23,3003.51,0.3055,0.2998,12792.94,1,13546.19,5000.0,0.2704,8176.77,1508.58,19,6068.88,1.66,13,1,-12808.02,1.0
167881.2,4791.72,5013.3,0.4385,0.189,42677.93,4,43822.21,0.0,0.5212,7219.8,6647.5,12,116704.71,5.87,3,0,128415.81,30.0
333477.85,9174.08,6578.95,0.1766,0.1345,10000.22,3,53776.28,0.0,0.3488,2512.63,0.0,19,261991.83,5.32,6,0,359834.72,30.0
49962.17,2291.39,1848.94,0.3022,0.3372,17221.21,4,16102.49,14000.0,0.3689,3120.24,0.0,12,46612.0,2.93,12,0,32897.72,30.0
130009.73,5201.56,5472.45,0.1661,0.1044,56954.98,3,15197.79,20000.0,0.4753,7003.93,8126.65,2,107786.23,9.63,23,0,66784.3,30.0
343114.9,8801.72,4379.03,0.1578,0.0568,34947.42,5,64798.43,0.0,0.4743,3193.81,0.0,25,261715.59,3.96,16,0,400828.74,30.0
26365.59,2560.77,2003.06,0.4897,0.335,9519.2,3,13915.77,28500.0,0.4762,2393.3,0.0,18,23361.77,4.01,6,1,8829.97,30.0
271388.66,11476.24,5401.73,0.1111,0.0553,33970.3,3,62331.24,6000.0,0.4315,3213.03,0.0,4,182069.72,3.87,2,0,275224.06,30.0
175472.83,6219.87,8089.8,0.3787,0.2183,45123.46,3,27170.81,8000.0,0.4172,11000.23,56098.01,9,145222.28,6.01,21,0,108956.09,30.0
177955.0,8300.14,7208.01,0.17,0.1305,37524.64,5,41590.98,0.0,0.2842,2697.19,0.0,10,158045.45,6.69,22,0,151693.14,30.0
56132.74,1281.87,1509.26,0.4182,0.1658,16914.24,1,8471.06,0.0,0.3136,6545.67,6821.62,22,47015.04,2.79,24,0,32441.4,30.0
20321.2,2855.95,2231.59,0.5434,0.2666,24185.77,4,12071.7,28500.0,0.4772,4517.3,0.0,8,14016.97,2.25,15,1,-12920.11,2.2
115636.06,4362.41,4872.33,0.182,0.1734,58427.85,5,32281.5,0.0,0.3848,12199.15,15297.61,4,101954.19,8.21,4,0,64370.38,30.0
73506.6,3746.88,4605.61,0.2009,0.1191,60640.04,4,15736.17,8000.0,0.4967,4359.6,25761.74,5,44041.01,5.5,29,1,6738.53,3.8
323745.39,10075.76,5430.55,0.1833,0.1195,26421.29,3,22641.14,0.0,0.2526,5940.9,0.0,19,290052.23,6.83,15,0,356651.7,30.0
49693.2,4255.55,4269.51,0.4226,0.2521,52822.55,6,17824.74,40000.0,0.5867,6611.6,418.87,1,47108.15,7.7,5,1,-16752.83,1.0
157090.41,3768.23,8246.11,0.2526,0.2972,16721.57,4,25960.25,40000.0,0.6435,12702.85,134336.41,12,114269.82,9.31,28,0,67844.35,30.0
125183.47,5719.58,3839.96,0.4431,0.1374,33170.2,4,28146.28,0.0,0.5058,8857.41,0.0,10,97938.61,5.99,24,0,110283.61,30.0
17209.28,3109.11,3420.75,0.2164,0.2347,14994.21,1,6155.12,5000.0,0.3418,3292.61,9349.2,22,11130.95,3.13,25,1,-19008.21,1.9
96686.03,6289.14,4410.16,0.1675,0.16,20911.92,4,35129.16,8000.0,0.516,5016.24,0.0,3,63090.06,4.91,17,0,88256.53,30.0
91695.23,6617.35,5719.13,0.1108,0.1434,19784.0,4,43303.65,0.0,0.2828,9973.94,0.0,11,65112.34,5.51,24,0,84777.17,30.0
96534.5,7212.72,4763.21,0.2926,0.2514,39028.0,4,13224.09,0.0,0.5912,13363.69,0.0,17,57128.88,6.5,12,0,79052.3,30.0
226152.83,4909.58,7845.15,0.1415,0.0791,27682.07,3,29680.34,6000.0,0.3674,10578.58,88067.16,17,161073.25,6.58,19,0,140506.67,30.0
61395.46,1886.05,3573.87,0.3698,0.1948,13093.35,2,13995.67,0.0,0.5119,4952.67,50634.59,20,48266.65,3.66,7,1,12404.71,19.7
6166.88,1577.59,2311.7,0.5275,0.2643,22523.47,1,15073.93,5000.0,0.3016,5714.51,22023.31,2,3779.64,3.11,26,1,-14897.52,1.4
206473.76,11590.29,2814.8,0.1917,0.0551,12570.06,2,44324.67,0.0,0.3868,10904.41,0.0,21,196037.92,4.4,1,0,347248.03,30.0
39712.51,1365.14,1739.95,0.3538,0.2776,25002.67,1,18396.29,5000.0,0.2906,3873.43,11244.05,24,36111.3,2.28,17,1,3892.24,17.5
31996.62,2585.82,3012.95,0.5484,0.2219,7230.51,4,24481.5,28500.0,0.3884,5499.93,12814.05,5,24684.13,1.67,4,0,15684.9,30.0
107275.05,7454.34,6440.11,0.2613,0.2544,26982.29,6,35094.98,20000.0,0.4097,7614.19,0.0,3,65140.67,6.03,20,0,82292.39,30.0
35270.18,1721.7,1419.99,0.4269,0.2778,21260.0,3,22067.96,0.0,0.3559,8752.26,0.0,8,32329.43,4.1,22,0,22053.0,30.0
20749.1,2362.43,2979.97,0.2435,0.2999,25597.78,2,9428.76,14000.0,0.3926,5354.67,18526.16,21,11990.09,2.46,11,1,-30330.06,2.8
11384.71,2843.5,1705.73,0.4616,0.162,12117.8,2,13823.88,0.0,0.532,6833.7,0.0,13,8976.4,2.83,30,1,12053.42,1.0
55996.79,1961.78,2491.29,0.2027,0.273,24357.31,2,20740.25,28500.0,0.5453,3587.01,15885.4,15,51630.25,2.88,3,1,12397.38,18.7
34012.99,1640.18,1958.77,0.5072,0.1724,14456.32,3,2170.01,28500.0,0.4504,3533.57,9557.59,11,30264.83,2.6,24,1,-797.47,11.5
75492.44,6168.05,5100.91,0.2303,0.1864,32983.78,7,16594.63,0.0,0.382,11959.24,0.0,17,71478.1,4.37,9,0,46725.04,30.0
133235.1,5820.19,7264.28,0.1333,0.0637,31264.59,5,83884.28,0.0,0.4656,10160.92,43322.85,23,100731.39,4.13,21,0,74575.9,30.0
30872.63,2338.6,1404.57,0.2912,0.2796,19529.62,2,12226.44,5000.0,0.4528,2806.18,0.0,3,19746.32,2.85,13,0,15852.36,30.0
35247.97,1845.62,1967.84,0.3624,0.1833,11994.85,1,19845.18,0.0,0.5247,8007.77,3666.52,15,19431.67,4.2,20,0,24235.13,30.0
126961.11,4954.31,6002.15,0.1603,0.2278,28255.66,4,54955.33,20000.0,0.3785,8220.18,31435.21,16,96905.07,4.98,22,0,78246.57,30.0
108629.44,5934.6,4615.86,0.4232,0.1871,18763.94,7,10317.52,40000.0,0.3952,11907.59,0.0,13,67026.71,6.67,15,0,75936.45,30.0
155246.07,6138.65,3796.27,0.3708,0.155,38200.02,6,9158.29,8000.0,0.5737,7091.54,0.0,11,136053.05,4.45,1,0,128910.79,30.0
343168.54,4989.58,7020.12,0.1576,0.1147,32572.04,4,52934.8,0.0,0.2821,8501.87,60916.22,14,299200.29,4.06,2,0,289222.86,30.0
30613.68,2138.05,3442.82,0.4244,0.2279,26019.15,2,12990.95,0.0,0.3839,1995.41,39143.17,4,24943.74,3.55,13,1,3600.72,1.8
45016.16,1405.06,1426.22,0.2489,0.3289,6770.29,3,18947.01,0.0,0.5405,8872.99,634.83,23,25287.93,2.23,27,0,38815.52,30.0
168540.34,7846.12,6194.13,0.1201,0.0754,9560.52,5,52853.31,0.0,0.4078,2249.84,0.0,17,91198.69,5.64,9,0,181720.43,30.0
16293.93,1568.5,1525.41,0.4057,0.3601,9665.62,2,9514.99,0.0,0.2061,1867.53,0.0,22,10157.57,2.35,27,1,5079.63,3.9
131284.63,3767.65,5068.15,0.1878,0.126,18870.58,3,16652.76,8000.0,0.5867,13303.2,39015.13,10,99834.14,5.97,6,0,95274.57,30.0
147219.31,6105.4,7622.63,0.1669,0.2495,15958.39,3,9551.56,0.0,0.6478,6433.62,45516.77,1,125875.04,7.48,15,0,132063.01,30.0
37211.85,5072.8,3277.63,0.4263,0.2952,47296.39,5,15367.74,0.0,0.4278,5497.27,0.0,15,31245.76,6.1,1,1,8044.29,8.7
177613.42,4173.57,4762.53,0.2564,0.2129,59790.79,3,52523.1,8000.0,0.4383,13983.48,17668.84,5,106637.12,9.44,7,0,126969.73,30.0
132596.27,3694.07,5960.69,0.2907,0.1142,40739.21,3,13039.45,20000.0,0.6364,7028.19,67998.7,1,110073.37,4.78,11,0,84131.82,30.0
19210.97,1529.87,1674.15,0.3281,0.2073,11120.33,3,5960.54,0.0,0.2764,1910.2,4328.55,23,16801.45,4.17,19,1,605.82,7.3
345968.21,9650.09,3839.88,0.1758,0.0607,22347.09,5,36331.15,6000.0,0.4452,11101.96,0.0,10,188295.0,4.55,17,0,374435.43,30.0
171074.58,7278.32,4468.46,0.3372,0.1948,46658.93,7,24427.57,8000.0,0.6565,6257.17,0.0,14,137929.27,8.32,29,0,148989.53,30.0
58888.79,3070.85,3555.57,0.504,0.1935,11201.49,2,24985.06,28500.0,0.2162,5846.98,14541.54,17,47434.88,2.3,14,0,24010.77,30.0
10037.75,2740.04,2786.39,0.546,0.2361,7303.56,3,19979.77,0.0,0.2216,7007.63,1390.28,13,5436.83,2.63,30,1,2415.42,1.0
136344.64,7058.67,3929.99,0.1663,0.1037,54325.29,6,47618.44,8000.0,0.4003,10895.39,0.0,13,113076.44,4.38,10,0,119203.2,30.0
40604.49,4499.24,6034.44,0.4489,0.1949,34514.78,5,49669.99,0.0,0.6356,8184.81,46055.95,17,31813.96,8.29,11,1,-15870.01,3.8
6000.29,2947.07,1920.24,0.274,0.334,27058.94,1,21586.37,0.0,0.312,5295.34,0.0,20,5058.62,3.49,11,1,-3777.37,1.0
107702.3,2835.08,5440.24,0.3654,0.1885,23894.2,4,19125.86,40000.0,0.6063,5796.23,78154.87,8,73994.98,4.42,17,0,45957.16,30.0
57020.7,2538.54,2385.79,0.3708,0.2011,16669.96,3,13175.37,0.0,0.4194,4190.57,0.0,17,51717.99,4.25,14,0,39904.28,30.0
18063.49,1700.68,3229.79,0.3621,0.2717,7975.75,3,5437.03,0.0,0.5272,6278.14,45873.41,8,10508.15,3.37,9,1,-2104.72,1.1
157969.23,7187.83,8142.79,0.1876,0.1764,50744.92,3,22402.79,40000.0,0.3599,13261.98,28648.91,7,99559.53,7.89,11,0,79393.67,30.0
175926.62,2822.88,5387.19,0.1801,0.2018,41665.42,5,40182.08,8000.0,0.3586,7882.78,76929.4,11,110231.76,9.07,16,0,111338.81,30.0
57763.58,3131.22,2151.45,0.3185,0.1518,27546.01,2,19066.52,0.0,0.4381,7690.8,0.0,15,36911.68,1.86,22,0,42953.83,30.0
51183.89,2821.87,2280.78,0.5315,0.2516,20464.01,1,9853.8,5000.0,0.4701,5129.08,0.0,9,30592.43,3.98,12,0,32149.69,30.0
61452.58,1565.79,2648.38,0.332,0.3912,27088.44,3,5290.42,0.0,0.2957,4497.44,32477.67,12,56506.88,3.6,27,0,19749.12,30.0
153398.62,2862.42,6072.68,0.2879,0.1998,53277.17,4,23201.81,20000.0,0.3753,11213.22,96307.78,6,136060.48,7.89,19,0,76902.46,30.0
43583.66,2725.07,2686.85,0.2932,0.1578,16543.0,4,19329.94,0.0,0.2418,6167.27,0.0,9,23546.63,3.51,16,0,29687.64,30.0
157992.72,6823.92,3725.96,0.1772,0.1525,15796.01,4,53158.98,40000.0,0.6562,4546.83,0.0,13,85867.19,8.73,4,0,165622.22,30.0
294629.77,7388.3,4798.36,0.0853,0.0789,32283.78,2,63599.08,0.0,0.3628,3169.83,0.0,17,210231.59,7.07,17,0,306230.69,30.0
26523.62,2258.53,2685.67,0.4789,0.2352,24134.66,1,15521.75,28500.0,0.4819,4039.58,12814.08,19,16106.52,3.68,19,1,-22377.11,7.5
11409.26,1677.69,3488.42,0.3068,0.1922,20860.41,4,14514.5,14000.0,0.3612,3803.16,54321.85,4,10661.76,2.4,21,1,-19788.6,1.0
32465.88,2719.04,1853.17,0.4483,0.1553,21623.68,1,6714.52,0.0,0.3466,7318.99,0.0,6,28688.28,3.25,13,0,15583.29,30.0
48361.01,1838.45,3393.01,0.2443,0.1946,7844.89,4,18899.46,5000.0,0.3726,2114.54,46636.65,23,26949.23,4.27,18,1,1265.17,17.6
35707.38,6224.59,5998.76,0.2106,0.122,54336.15,3,42194.21,20000.0,0.4842,13045.94,0.0,4,23894.91,4.91,11,1,-15481.58,1.1
6081.74,1404.66,2303.1,0.5266,0.3094,27565.25,4,22146.46,28500.0,0.4806,4997.81,26952.98,9,4442.82,3.77,30,1,-36848.69,2.2
232336.0,8551.63,2776.78,0.0875,0.0687,39859.81,4,82705.92,6000.0,0.2581,9433.53,0.0,19,192482.38,7.62,18,0,299690.19,30.0
87268.88,7875.48,3625.96,0.148,0.115,9744.3,2,31965.5,0.0,0.3257,6599.82,0.0,14,78287.53,5.64,3,0,127014.77,30.0
106162.82,5145.81,3783.75,0.2669,0.1482,22281.43,5,12744.26,8000.0,0.3555,7321.2,0.0,5,53185.76,8.7,15,0,86957.8,30.0
51186.55,7126.95,3696.25,0.4365,0.2222,47512.75,5,44062.12,8000.0,0.3504,13728.09,0.0,3,32861.72,5.55,18,1,23577.75,2.6
263903.92,6326.46,7624.13,0.0926,0.0768,12845.13,3,47120.55,6000.0,0.38,7657.42,38929.9,5,176994.43,3.95,30,0,254111.73,30.0
30593.99,5155.46,5233.99,0.4416,0.1318,25775.64,7,33573.92,8000.0,0.474,8033.78,2355.88,2,23649.84,7.0,19,1,11139.07,1.2
42920.37,4979.91,4122.08,0.2512,0.1036,48174.52,6,54565.19,40000.0,0.4901,9598.52,0.0,15,31497.47,4.72,30,1,-5700.9,7.5
84238.96,10976.68,4375.21,0.1879,0.1441,25581.18,2,92120.96,6000.0,0.4177,8644.24,0.0,5,65121.5,4.28,28,0,113991.03,30.0
221537.05,10528.95,5298.87,0.0875,0.0884,21827.72,2,53916.13,6000.0,0.3611,3416.17,0.0,13,205645.33,6.72,18,0,259211.87,30.0
168052.23,5124.43,6485.07,0.1174,0.1283,13235.73,2,53234.55,0.0,0.3607,6852.67,40819.08,11,123800.04,3.07,2,0,149712.7,30.0
171295.13,8431.91,6189.0,0.1123,0.0778,18066.05,2,22197.46,6000.0,0.4834,9235.35,0.0,8,127715.48,6.54,13,0,163292.78,30.0
62044.68,2017.4,2426.7,0.2184,0.1594,14694.76,3,19129.27,0.0,0.451,5535.71,12279.11,15,56159.16,2.07,4,0,42720.03,30.0
45782.93,5958.49,6567.77,0.3917,0.265,28412.52,3,32355.67,40000.0,0.6539,7969.58,18278.25,7,41861.48,4.89,7,1,-2277.02,4.7
171752.56,5965.97,3543.97,0.2897,0.148,55040.13,6,15720.71,20000.0,0.5144,8465.59,0.0,15,137196.89,4.36,10,0,131636.21,30.0
128617.55,4795.63,6577.2,0.1793,0.1468,30085.47,5,38499.23,0.0,0.4725,8005.35,53446.98,22,121713.92,6.66,3,0,53561.05,30.0
54991.5,2053.58,2827.22,0.4545,0.3084,16458.35,2,12203.85,14000.0,0.2492,4822.13,23209.1,17,41075.95,4.07,17,0,16431.16,30.0
254894.03,8420.32,2629.76,0.1296,0.0799,35410.3,5,29421.17,0.0,0.437,4082.78,0.0,20,216333.11,5.12,12,0,313918.92,30.0
149600.52,4066.26,7903.44,0.1912,0.1673,62378.26,7,44867.07,8000.0,0.5554,4234.86,115115.31,8,124264.6,7.54,22,0,63940.83,30.0
42072.0,2531.72,2233.08,0.534,0.3685,21625.3,4,6558.74,28500.0,0.4478,6852.39,0.0,20,32819.07,3.12,11,1,3996.6,30.0
37439.03,3245.0,3374.14,0.2998,0.2201,17054.12,5,54149.17,40000.0,0.3719,11654.69,3874.2,2,34694.35,8.12,17,1,20265.49,2.4
169850.5,6460.48,7706.29,0.1672,0.072,30846.65,2,76532.62,0.0,0.3623,9964.52,37374.37,5,142220.31,3.59,22,0,156877.68,30.0
124480.86,4491.01,5350.8,0.4411,0.1225,36218.6,5,21016.87,0.0,0.444,8908.82,25793.82,17,75584.06,5.79,14,0,66357.69,30.0
185172.48,5589.19,5383.73,0.1956,0.1108,10712.52,2,77860.5,0.0,0.4958,10411.07,0.0,7,149513.63,4.4,19,0,198376.33,30.0
51970.92,2891.02,3157.98,0.378,0.2082,17352.92,3,7190.29,5000.0,0.4959,6953.72,8008.77,3,30356.64,2.92,29,0,32872.17,30.0
165244.68,7153.11,3248.22,0.1726,0.1501,45348.66,4,45833.44,0.0,0.5843,13659.27,0.0,6,119417.65,6.02,30,0,152912.01,30.0
38548.2,2205.57,1717.76,0.3547,0.2335,10950.22,4,18399.33,5000.0,0.3826,5892.41,0.0,10,32369.68,3.16,14,0,32527.83,30.0
53226.21,4474.11,6894.17,0.318,0.1773,37617.65,6,37930.61,8000.0,0.4971,9745.33,72601.72,4,28050.41,8.24,16,1,13299.8,2.7
129316.77,7089.22,7831.11,0.3005,0.1875,24553.11,7,22178.13,20000.0,0.4689,11628.23,22256.85,14,108244.55,7.7,17,0,73321.01,30.0
12050.11,1704.0,3425.66,0.4036,0.2834,16963.1,3,4685.2,5000.0,0.4087,4245.21,51650.03,3,11103.65,3.96,4,1,-11422.3,1.0
139387.48,4772.56,3060.16,0.1674,0.07,17782.47,4,50477.48,0.0,0.3428,7016.99,0.0,9,121024.9,6.9,1,0,148794.46,30.0
113380.62,6087.78,5383.69,0.1915,0.2332,60343.33,3,27132.61,8000.0,0.5336,10672.5,0.0,9,87404.17,8.54,3,0,55079.8,30.0
43574.45,5138.39,4594.32,0.3673,0.1379,36901.09,4,16381.58,40000.0,0.6623,8171.3,0.0,9,26712.72,7.51,11,1,-11452.74,5.0
39337.03,2083.71,2162.78,0.4613,0.3734,14074.68,2,4997.31,0.0,0.4649,3990.01,2372.22,2,24029.29,3.44,4,0,26414.06,30.0
38317.75,2255.16,2841.96,0.2816,0.3661,14220.29,2,10089.33,5000.0,0.3083,6705.99,17604.0,11,32783.1,2.12,10,1,14604.28,12.7
227325.55,10056.62,6140.23,0.1227,0.1309,8125.25,4,50480.47,0.0,0.3237,7712.13,0.0,12,140992.84,7.09,9,0,261821.48,30.0
18639.32,1878.47,2496.04,0.3535,0.2046,7054.82,2,7306.9,28500.0,0.2457,1594.33,18526.88,16,9953.16,3.27,19,1,-15743.82,4.1
43447.83,4385.59,3675.41,0.4385,0.2615,35831.8,3,39229.18,0.0,0.5109,5683.23,0.0,4,39096.1,9.66,18,1,22190.89,2.1
291192.86,9294.72,7194.06,0.1685,0.1382,21052.62,4,28563.78,6000.0,0.3585,9475.97,0.0,12,168424.44,4.52,7,0,281176.63,30.0
120273.95,3103.15,8354.37,0.3132,0.212,29362.07,4,37896.96,8000.0,0.532,10328.78,157536.47,4,75684.3,7.62,19,0,78560.21,30.0
98012.43,7449.62,3490.15,0.2565,0.1964,35001.48,7,52237.09,8000.0,0.5261,6791.23,0.0,9,67102.43,9.1,2,0,101807.26,30.0
46301.46,1719.59,1960.26,0.5494,0.197,7542.49,2,10400.24,28500.0,0.2518,2240.14,7220.01,11,38558.17,2.8,17,0,22094.13,30.0
80055.63,4287.4,7302.17,0.1656,0.1026,17735.71,7,51827.69,0.0,0.6284,8725.76,90443.12,4,57400.0,7.59,22,0,67740.47,30.0
130275.33,10583.28,3584.83,0.1056,0.1176,20403.99,2,88889.11,0.0,0.3513,11315.44,0.0,15,86631.4,4.82,19,0,218661.51,30.0
53909.23,7349.7,8048.17,0.2001,0.1242,56872.54,5,31852.93,8000.0,0.3799,13913.32,20954.02,4,37432.59,4.43,26,1,-2276.58,1.5
46087.03,5188.39,7098.04,0.4476,0.2258,62888.33,3,33020.93,20000.0,0.4796,5713.82,57289.26,10,26769.33,8.29,25,1,-42852.4,2.6
42437.19,5714.01,5003.18,0.4068,0.1869,28279.38,4,8459.63,8000.0,0.4175,5293.27,0.0,9,37535.9,5.93,3,1,10502.28,7.1
101557.23,6724.03,7206.2,0.295,0.1223,36088.71,4,9775.87,20000.0,0.3904,12618.47,14465.11,8,53170.92,8.58,12,0,45038.24,30.0
205258.55,7620.53,7878.2,0.1041,0.0715,29514.46,5,66151.09,0.0,0.323,3727.57,7729.96,15,107105.74,7.06,16,0,175232.76,30.0
38953.32,2431.11,1487.03,0.3411,0.3123,20043.78,2,11823.59,5000.0,0.4443,6286.05,0.0,8,27805.92,1.66,17,0,25237.9,30.0
76505.1,6616.25,7795.91,0.3519,0.1094,50544.72,7,8945.72,8000.0,0.5482,12159.54,35389.74,15,53633.71,5.46,11,1,-12304.18,11.6
135394.44,7293.11,6016.1,0.2699,0.2907,57521.47,3,30128.37,40000.0,0.5747,6577.8,0.0,15,106850.93,4.45,6,0,66347.72,30.0
151904.21,5756.03,4584.53,0.1224,0.0632,37914.31,2,44427.67,0.0,0.4181,7086.92,0.0,17,78705.61,4.52,23,0,131903.62,30.0
294616.84,7115.71,6316.32,0.0992,0.1396,19059.85,3,37725.71,0.0,0.3511,6556.26,0.0,18,196190.16,3.93,17,0,279890.4,30.0
88077.49,4426.71,7630.21,0.1804,0.2352,28983.69,3,41328.98,20000.0,0.4371,3185.98,96104.96,2,79810.89,9.19,9,0,57747.81,30.0
56525.12,2600.91,2283.99,0.2267,0.3332,20334.3,3,7966.19,0.0,0.4159,1521.84,0.0,11,49530.33,2.86,11,0,36801.53,30.0
31917.96,2275.38,2859.97,0.4744,0.2487,6801.52,2,18778.99,0.0,0.4261,2629.58,17537.7,4,22954.98,3.89,17,0,28499.59,30.0
205463.13,8178.37,3158.61,0.1763,0.0747,8485.57,5,70782.03,0.0,0.4749,11108.24,0.0,18,158295.11,6.17,15,0,286623.49,30.0
34853.97,1509.69,1802.43,0.3278,0.2581,23528.99,2,15201.43,0.0,0.4181,2058.21,8782.35,5,17568.12,3.17,17,1,14199.5,3.2
74651.81,2954.85,6327.68,0.3072,0.1566,61161.19,3,13973.82,40000.0,0.3633,14935.13,101184.61,1,65395.53,5.86,5,1,-5461.06,1.3
6691.48,1689.49,3339.27,0.3456,0.3301,8644.41,3,22885.92,14000.0,0.5214,4560.3,49493.36,6,5431.19,2.48,7,1,-11381.82,1.1
37042.17,2958.93,2302.05,0.3687,0.1676,22303.71,3,12599.98,0.0,0.2974,3933.8,0.0,19,28960.18,4.25,13,0,20690.76,30.0
107120.74,10310.05,3956.49,0.192,0.122,10468.62,2,69172.21,6000.0,0.4385,4190.59,0.0,23,93110.53,7.81,22,0,220173.33,30.0
106279.11,4296.72,7073.92,0.2363,0.2474,49965.65,7,36718.1,0.0,0.3745,13374.5,83315.83,9,89306.88,9.16,6,0,38466.44,30.0
166954.49,10558.04,4460.15,0.0921,0.1462,24046.13,5,93608.57,0.0,0.4132,6561.0,0.0,20,119952.45,6.9,29,0,259969.89,30.0
100704.97,3626.18,3968.14,0.2264,0.2829,23820.6,3,49670.93,40000.0,0.3896,12089.1,10258.75,7,71447.92,4.79,19,0,69644.18,30.0
161248.15,3188.87,8049.94,0.238,0.1981,54733.14,6,16026.11,40000.0,0.5035,12123.74,145832.15,2,91323.58,4.43,6,0,81565.03,30.0
114862.1,6159.1,8169.83,0.4237,0.2892,63398.49,7,33680.35,0.0,0.4357,4578.78,60322.01,9,86458.19,9.68,18,0,35995.17,30.0
13569.45,2591.76,1762.07,0.4638,0.392,17234.46,4,3082.41,5000.0,0.4728,1668.37,0.0,6,7779.45,2.94,15,1,-3198.67,1.2
144279.82,11279.65,4263.65,0.1463,0.0551,33141.41,2,34281.01,0.0,0.261,9203.73,0.0,14,124463.14,5.04,22,0,191619.77,30.0
16489.38,1972.47,2466.69,0.3242,0.2302,5683.93,3,22125.2,28500.0,0.5374,6311.85,14826.49,11,15609.98,1.78,1,1,-4534.52,1.5
57860.25,2254.99,3214.64,0.4998,0.3819,21614.59,4,4440.99,0.0,0.5324,5661.19,28789.5,7,54401.33,3.43,10,0,28129.41,30.0
43363.19,1458.07,2346.7,0.2961,0.3719,21419.72,3,20153.69,0.0,0.2142,8352.96,26658.7,19,31957.27,1.95,10,1,7087.18,13.6
64360.97,1278.58,2840.8,0.355,0.3872,14261.44,1,3564.24,5000.0,0.2861,5490.65,46866.35,16,53559.13,3.73,29,0,19376.44,30.0
39409.51,1630.49,3295.57,0.5298,0.2796,26205.71,3,17047.42,5000.0,0.3233,3255.43,49952.62,21,34418.81,4.33,4,1,-24666.09,7.4
12375.31,2439.14,2886.17,0.4721,0.2892,17522.61,4,17612.13,0.0,0.426,1601.38,13411.04,5,10119.24,4.34,22,1,-3087.49,1.0
88512.91,3714.38,7077.9,0.1962,0.2711,48709.35,5,22008.71,8000.0,0.5301,4268.41,100905.79,12,54732.98,7.63,25,1,-4840.55,8.0
46006.07,2567.75,2504.05,0.4723,0.3603,7179.0,3,2556.74,28500.0,0.4029,6142.01,0.0,17,34111.67,2.05,14,0,17857.81,30.0
58702.03,2572.05,1949.78,0.223,0.3227,18456.79,1,13400.89,0.0,0.4003,4533.9,0.0,5,40809.67,3.29,26,0,46097.02,30.0
35968.09,1809.68,2913.4,0.5024,0.2247,9513.39,4,6324.36,14000.0,0.2675,2371.35,33111.78,6,26955.76,2.75,19,1,13879.44,7.9
58272.38,2605.98,1875.48,0.2642,0.2579,9846.25,3,2809.02,28500.0,0.4861,7822.12,0.0,2,40954.86,3.42,4,0,35947.56,30.0
117099.11,10751.81,3573.1,0.1871,0.0959,39964.95,2,50352.94,0.0,0.4192,6972.41,0.0,6,83814.24,4.6,14,0,127627.57,30.0
59828.87,1936.59,2221.58,0.3342,0.3592,11702.55,1,2882.37,0.0,0.4278,6106.27,8549.61,6,43299.67,3.25,1,0,45184.65,30.0
13294.73,2078.93,2491.91,0.3413,0.3197,25326.53,3,4515.19,28500.0,0.3473,8710.63,12389.38,8,8272.89,2.51,30,1,-30681.78,1.2
160062.0,7277.56,5345.76,0.3019,0.2943,62318.93,4,19919.93,40000.0,0.4467,12508.69,0.0,4,93423.41,7.64,1,0,87087.77,30.0
34630.95,3123.2,3093.21,0.3709,0.2344,6296.78,1,18586.66,0.0,0.3922,7112.71,0.0,20,31825.52,3.18,24,0,24149.4,30.0
55757.92,2055.01,1998.93,0.3345,0.359,21129.75,4,6502.16,0.0,0.252,4921.19,0.0,8,32693.26,3.99,25,0,34744.03,30.0
40454.97,3178.43,1767.03,0.2163,0.3449,7421.1,3,11405.33,14000.0,0.2884,7722.33,0.0,19,31707.18,4.07,17,0,44798.68,30.0
109287.63,6609.84,7098.26,0.3491,0.1227,32101.13,6,10592.36,8000.0,0.6022,9003.66,14652.65,8,72701.01,8.4,2,0,62853.56,30.0
52215.12,6307.67,3244.28,0.2006,0.2162,51713.6,6,39771.65,20000.0,0.6,13999.72,0.0,9,35105.36,7.21,25,1,22867.73,9.9
96652.83,7236.78,3453.55,0.4051,0.2995,26565.71,5,22315.04,20000.0,0.6604,12725.24,0.0,5,61920.12,5.06,21,0,80866.82,30.0
295609.13,9018.84,4127.02,0.1866,0.1341,18257.16,2,89471.0,0.0,0.3682,2390.79,0.0,20,237780.66,5.19,8,0,375124.35,30.0
48771.02,1894.58,2898.31,0.3305,0.1864,16237.91,3,14128.35,5000.0,0.3421,2345.05,30112.05,18,25347.81,4.01,3,1,11225.35,17.0
6433.05,2100.05,2131.92,0.3534,0.2157,7757.42,3,9350.56,0.0,0.2577,6668.58,956.1,18,3643.38,3.84,18,1,-5389.89,1.4
130407.81,5041.86,6604.07,0.1615,0.2243,48561.08,3,42145.35,8000.0,0.6223,9004.3,46866.37,16,110089.69,9.23,15,0,53365.81,30.0
346171.89,8344.54,7638.48,0.1427,0.0792,24956.02,4,61664.38,0.0,0.3167,11295.06,0.0,6,215501.88,3.47,7,0,339720.57,30.0
42249.13,2637.98,2652.95,0.4584,0.1854,20596.82,1,21430.21,14000.0,0.5089,5867.97,448.96,20,40073.61,2.29,13,1,12668.69,26.7
7949.65,1262.11,2619.2,0.4667,0.2843,15054.96,2,12287.28,28500.0,0.4943,1750.7,40712.55,15,7274.24,1.93,6,1,-40477.31,1.0
169624.93,2825.14,7165.67,0.4209,0.1279,42119.33,5,16443.33,20000.0,0.3836,8094.87,130215.76,8,110884.89,4.0,26,0,84908.94,30.0
139046.69,5525.22,4061.33,0.3523,0.1267,44971.53,4,8645.46,8000.0,0.6321,14876.84,0.0,12,97416.17,7.97,25,0,98252.58,30.0
319009.25,8395.48,5607.68,0.1604,0.1461,27643.07,5,63287.87,0.0,0.4007,7594.75,0.0,11,300557.92,6.57,25,0,329466.17,30.0
251448.86,7040.62,5084.88,0.183,0.0799,18913.53,3,76219.96,0.0,0.4809,4298.06,0.0,10,197289.92,5.59,2,0,268556.44,30.0
43307.3,1773.63,2045.99,0.3399,0.3631,17625.45,3,11864.41,5000.0,0.3751,6591.76,8170.79,2,21667.62,4.3,9,0,26364.24,30.0
12383.13,3172.7,2093.48,0.2404,0.1767,24421.25,4,3299.86,14000.0,0.4518,7909.26,0.0,8,7472.76,2.94,25,1,-14509.01,1.0
323664.31,8751.05,4449.33,0.1257,0.0912,37746.66,3,45195.96,0.0,0.4319,6516.39,0.0,14,191030.26,4.96,16,0,339760.47,30.0
60930.41,6919.83,4038.92,0.2867,0.2211,43415.96,3,11160.31,8000.0,0.5922,7596.83,0.0,13,47315.11,8.08,13,0,37429.71,30.0
5818.39,1806.44,2935.58,0.4766,0.2239,14381.3,4,5136.54,5000.0,0.3735,4658.39,33874.2,9,2947.2,2.73,16,1,-21910.71,1.0
15976.12,2060.11,3565.77,0.3042,0.2999,25517.71,4,22039.09,28500.0,0.4718,7118.68,45169.85,3,9600.42,3.46,20,1,-20153.14,1.0
44073.28,5209.14,6190.23,0.2982,0.2464,35007.76,7,46799.95,20000.0,0.4843,14339.6,29432.64,16,36074.1,8.81,20,1,-15302.76,6.5
181750.62,7615.79,4743.79,0.1189,0.1282,39746.95,2,41922.73,0.0,0.4397,6786.45,0.0,27,156769.71,4.97,15,0,195174.97,30.0
139866.22,4831.4,6802.55,0.3327,0.2538,35548.03,7,28503.49,20000.0,0.5064,8673.91,59134.34,1,89822.38,5.07,20,0,103194.65,30.0
42712.64,1390.08,1608.9,0.4549,0.231,7803.45,1,15461.0,0.0,0.5421,1780.15,6564.53,14,24506.98,3.44,9,0,33563.4,30.0
13452.12,2449.89,3003.52,0.5262,0.2197,20945.84,3,22556.81,0.0,0.5326,1974.47,16608.83,7,7635.96,4.14,7,1,-6086.02,1.0
119745.91,2945.56,4656.95,0.1598,0.1841,27960.77,5,50574.92,20000.0,0.6633,14791.83,51341.55,3,109540.81,9.49,17,0,95437.85,30.0
60050.97,3791.73,6847.95,0.2159,0.1877,29883.69,5,47415.22,0.0,0.6237,12407.43,91686.64,8,37430.09,8.12,21,1,18977.12,4.8
17571.15,2110.66,3398.56,0.2366,0.3301,7344.91,2,10365.69,14000.0,0.4405,2218.16,38637.15,24,14114.97,2.27,24,1,-33808.08,1.7
181670.03,8415.95,4708.48,0.1161,0.1303,23931.81,3,45234.59,0.0,0.318,9229.43,0.0,6,151751.73,5.05,20,0,187812.44,30.0
5640.34,2753.11,3207.63,0.2208,0.3027,23270.84,1,19875.7,0.0,0.3324,7454.22,13635.41,15,5306.88,3.1,7,1,-24930.09,1.9
47451.37,1262.35,3314.43,0.2485,0.1818,20007.15,4,10242.34,14000.0,0.2615,8702.0,61562.49,2,35508.95,3.43,22,0,19390.55,30.0
117532.38,11742.4,2581.71,0.1377,0.0833,12156.76,3,74954.26,0.0,0.3623,7706.65,0.0,4,71986.41,4.66,9,0,162899.95,30.0
117779.22,4537.77,5776.1,0.2441,0.1284,48036.37,6,27541.39,8000.0,0.4248,4266.16,37150.12,1,71594.35,4.31,4,0,74093.55,30.0
50173.52,4304.88,8041.26,0.2728,0.2496,64413.11,4,26149.33,20000.0,0.3897,5970.77,112091.45,14,46813.66,8.81,7,1,-78388.5,2.3
132715.97,3389.58,7368.36,0.1554,0.1965,27109.17,3,35962.81,40000.0,0.4659,11883.64,119363.51,16,106918.81,5.74,21,0,25356.97,30.0
78074.17,7036.05,3093.19,0.1115,0.1339,27474.29,5,55647.28,6000.0,0.2581,7201.83,0.0,8,49948.71,6.41,5,0,90758.26,30.0
161305.69,4752.82,5334.71,0.1609,0.2102,61053.47,5,19855.88,20000.0,0.598,4373.26,17456.84,15,88140.02,8.03,4,0,75579.98,30.0
292620.41,5859.38,6416.04,0.1262,0.0902,23725.03,3,56070.62,0.0,0.4458,11627.85,16700.01,20,153192.9,3.46,22,0,256501.22,30.0
53962.01,2805.12,2470.06,0.3045,0.3095,8084.75,3,2156.13,0.0,0.3009,3270.06,0.0,16,51161.98,1.51,29,0,43856.01,30.0
13956.08,1681.99,3459.48,0.3821,0.2412,7765.77,1,10066.96,28500.0,0.5057,4462.43,53324.51,18,10539.01,2.37,24,1,-41519.12,1.0
172026.38,4997.67,7837.18,0.3932,0.2962,33973.07,6,40366.32,20000.0,0.6743,13777.49,85185.32,16,157907.87,5.77,10,0,82590.65,30.0
25511.94,1536.52,2679.63,0.5414,0.3404,15392.99,4,18162.98,28500.0,0.3482,1533.78,34293.36,22,14508.54,1.81,22,1,-28608.38,6.2
29704.86,1865.9,2872.71,0.2756,0.2977,23469.14,4,6697.49,14000.0,0.5196,7483.52,30204.18,19,16234.3,2.74,26,1,-23832.26,6.4
17610.55,2195.38,2447.25,0.5155,0.1587,13397.16,4,20760.31,14000.0,0.312,5974.93,7556.09,17,12726.08,2.53,14,1,-6307.48,2.0
13466.58,2417.6,1794.45,0.279,0.1563,24487.83,3,22775.93,0.0,0.453,7577.73,0.0,13,12608.05,1.72,21,1,83.78,1.0
51279.39,2882.88,2758.93,0.4255,0.1571,16815.19,1,6941.66,14000.0,0.49,7412.06,0.0,23,29761.69,3.26,22,0,19911.39,30.0
30106.97,2217.08,2448.86,0.2947,0.1573,13772.55,3,3362.14,14000.0,0.4118,4468.09,6953.42,13,19674.68,1.89,30,1,2619.39,11.9
45351.34,2608.52,2628.97,0.5163,0.1777,14931.52,1,11163.21,14000.0,0.262,4714.99,613.53,19,29519.29,4.32,11,0,18114.76,30.0
12495.19,1253.35,1427.34,0.5079,0.1613,19872.29,2,24132.97,14000.0,0.4559,8039.89,5219.48,15,7357.06,4.06,17,1,-10337.87,1.0
37752.85,3545.12,7507.27,0.1898,0.1467,47540.13,4,45123.64,8000.0,0.5087,9205.45,118864.6,9,21532.31,6.69,19,1,-38164.25,1.0
117110.57,4624.23,4105.03,0.2181,0.2151,44356.64,7,46994.43,20000.0,0.4982,9179.13,0.0,12,95608.16,6.95,12,0,76187.01,30.0
33222.29,3112.49,3086.75,0.5393,0.3366,18563.77,4,24007.22,28500.0,0.2615,1984.02,0.0,17,25331.99,2.45,23,1,-1025.6,18.0
5223.18,1683.01,2521.39,0.333,0.2621,22509.34,3,22417.66,5000.0,0.5432,4127.04,25151.36,21,3500.7,3.78,3,1,-34592.3,1.0
187344.57,10374.88,3975.87,0.1638,0.0502,26806.5,3,39968.43,6000.0,0.4679,2303.8,0.0,11,109845.04,7.81,14,0,221578.98,30.0
40772.19,6312.38,3481.14,0.3129,0.152,54283.33,3,50134.22,0.0,0.5557,6135.94,0.0,7,37229.28,8.17,23,1,17166.88,3.3
55602.4,1607.55,3034.38,0.44,0.3397,10811.25,1,9103.49,5000.0,0.3864,6290.45,42804.76,8,28365.41,1.55,1,0,32098.79,30.0
8144.34,3015.63,2986.77,0.437,0.2806,5069.48,1,4539.42,14000.0,0.4737,2667.36,0.0,14,4573.3,3.66,12,1,-10113.23,1.0
312893.57,6656.63,4331.98,0.1312,0.0639,17898.38,4,89524.14,0.0,0.2556,10691.22,0.0,25,267253.63,3.77,27,0,355514.59,30.0
328420.42,11130.56,4986.49,0.1829,0.0548,37545.58,2,46735.75,0.0,0.2871,6139.68,0.0,23,281531.67,5.26,30,0,399344.1,30.0
46168.84,5091.63,6897.53,0.309,0.1783,34500.8,7,45005.4,0.0,0.5677,14623.66,54176.77,11,25915.16,4.91,28,1,-1426.42,4.8
234038.59,9556.44,6923.44,0.1591,0.0898,35062.67,3,92702.09,0.0,0.3784,10030.46,0.0,15,123959.08,3.46,30,0,246093.41,30.0
20419.5,2528.31,2322.65,0.5379,0.321,26137.88,1,9235.38,0.0,0.4772,3695.56,0.0,6,13772.83,4.36,9,1,-3477.48,1.0
89561.34,9582.08,3450.51,0.1213,0.0562,11389.3,2,80348.13,0.0,0.3175,9684.21,0.0,20,76923.71,7.37,9,0,194245.55,30.0
76452.29,3481.65,7105.07,0.3304,0.2311,32388.5,3,38803.01,8000.0,0.353,14130.2,108702.4,1,67855.58,6.98,26,0,51198.51,30.0
133119.72,3974.38,6593.33,0.4132,0.1836,60143.83,4,52667.85,40000.0,0.6689,14917.96,78568.58,14,67458.33,8.55,29,0,25773.82,30.0
64760.77,1560.0,2505.6,0.4969,0.1551,10971.04,4,17795.38,0.0,0.4116,3577.69,28368.17,9,48191.5,2.16,1,0,49845.75,30.0
163065.98,4483.28,5206.8,0.2754,0.2093,61360.32,7,41774.38,40000.0,0.5437,8956.79,21705.72,1,111821.07,7.91,12,0,96827.16,30.0
40031.5,1942.93,2387.61,0.388,0.2009,27396.95,3,2819.08,14000.0,0.2545,8103.16,13340.37,20,30082.8,4.29,14,1,-10250.28,14.1
53643.83,3094.34,1699.05,0.3742,0.2035,18660.63,2,14275.68,28500.0,0.221,3941.28,0.0,18,46330.6,4.21,13,0,40573.43,30.0
40129.16,1831.31,1591.27,0.278,0.197,5273.65,4,2136.25,0.0,0.3498,6437.13,0.0,11,36560.87,4.39,12,0,33850.92,30.0
98924.37,4444.3,6525.78,0.3853,0.2296,51179.04,5,31785.91,8000.0,0.6119,13871.68,62444.6,2,82525.15,7.98,21,0,50981.37,30.0
171390.41,6711.3,6503.97,0.3497,0.1427,52166.65,5,29345.87,40000.0,0.5801,8096.15,0.0,8,115858.46,5.69,14,0,102303.51,30.0
10389.55,2381.51,2718.6,0.3466,0.258,19201.64,4,4388.31,5000.0,0.2189,5374.1,10112.77,5,8045.34,4.29,19,1,-13873.38,1.0
62470.12,2909.23,1907.09,0.3146,0.2025,23538.27,1,5781.03,28500.0,0.3722,1647.08,0.0,21,38572.98,3.88,13,0,36176.71,30.0
207325.01,4777.89,5443.89,0.1646,0.0839,18847.04,3,80898.61,6000.0,0.2778,4785.68,19980.0,13,144325.52,4.54,13,0,196790.16,30.0
32416.23,3350.11,4180.11,0.1841,0.1683,50831.6,4,9087.9,40000.0,0.6876,9110.67,24899.88,16,18510.44,7.04,1,1,-58798.19,2.6
13814.53,2304.32,3056.2,0.2987,0.2047,9670.62,4,4002.89,14000.0,0.3827,2665.07,22556.27,17,7444.66,3.46,12,1,-22183.75,1.5
65521.94,5748.39,4797.89,0.4404,0.2406,41712.36,7,35420.83,20000.0,0.3979,8000.34,0.0,1,33004.67,6.46,27,0,28046.53,30.0
22546.51,2796.55,3123.34,0.3233,0.2247,5438.0,2,6264.47,0.0,0.3959,1562.74,9803.84,19,17894.62,3.47,25,1,3228.23,12.3
51625.17,7125.28,5536.06,0.4484,0.184,55855.11,5,44844.22,40000.0,0.5628,4257.15,0.0,8,45156.92,4.08,14,1,-5265.85,4.8
125608.87,6166.87,4388.57,0.1795,0.2834,60746.5,4,46418.39,0.0,0.5461,4845.91,0.0,13,114476.21,6.66,1,0,89954.68,30.0
83431.7,2834.18,3522.83,0.2787,0.1799,64023.54,5,8455.92,0.0,0.4146,7745.76,20659.58,12,63438.41,7.02,8,1,8010.55,9.6
281522.44,9050.4,5947.31,0.1566,0.1129,14262.65,3,85434.71,0.0,0.3884,11864.14,0.0,27,201936.75,3.1,30,0,336861.03,30.0
115627.95,5277.23,3402.47,0.3346,0.2656,21173.18,3,26504.8,40000.0,0.4051,10131.98,0.0,11,92551.02,8.36,6,0,94091.21,30.0
126532.82,3213.63,7935.73,0.2668,0.1627,30719.25,5,20509.44,20000.0,0.5118,7680.79,141663.15,8,77259.38,8.69,13,0,50446.81,30.0
71490.77,8736.14,4365.62,0.1187,0.1145,33118.58,4,58962.64,0.0,0.4629,8091.95,0.0,18,53658.51,6.27,21,0,109399.1,30.0
118787.16,6260.52,6228.1,0.17,0.1233,36480.14,7,40610.73,40000.0,0.5588,6299.75,0.0,9,79306.75,8.32,7,0,67923.83,30.0
197572.58,9089.28,4554.36,0.1642,0.1336,16069.82,4,70985.82,6000.0,0.4221,7125.83,0.0,22,107373.77,5.38,16,0,266352.65,30.0
291416.46,7304.46,5595.47,0.0857,0.0541,28161.11,4,59909.96,0.0,0.3127,8897.02,0.0,20,161228.88,5.89,27,0,292996.62,30.0
95231.82,10278.61,5892.49,0.1518,0.0793,23519.75,5,27594.89,0.0,0.421,9947.98,0.0,23,82240.73,4.91,4,0,136135.8,30.0
12504.69,1283.0,2019.32,0.2855,0.2901,7471.42,2,18155.6,14000.0,0.2076,5404.28,22089.68,18,8032.16,2.14,30,1,-12768.23,1.0
39279.2,3106.25,2536.82,0.4867,0.2868,11730.0,3,21760.0,5000.0,0.2143,3862.56,0.0,22,33988.92,4.27,21,0,32962.75,30.0
54480.87,1752.24,3446.81,0.3276,0.3644,16894.46,3,18524.29,14000.0,0.2932,5358.95,50837.08,8,32254.15,3.79,1,0,21992.72,30.0
33190.73,1861.59,3060.87,0.3153,0.1846,5951.61,4,4347.72,0.0,0.3397,8849.36,35978.47,19,18385.04,3.61,15,1,-536.58,12.0
215507.01,10286.79,5374.82,0.099,0.0625,12630.74,5,52460.12,0.0,0.2971,5509.22,0.0,4,176060.36,6.59,23,0,235031.69,30.0
42433.34,2325.02,2284.69,0.4254,0.2877,20121.22,2,24100.8,28500.0,0.2877,4482.97,0.0,14,32694.34,3.66,16,1,12043.58,19.7
49767.86,2241.63,1990.83,0.4718,0.2881,13277.3,1,11312.95,0.0,0.4313,3921.76,0.0,9,36338.52,3.29,10,0,39264.06,30.0
91657.08,4469.12,5357.97,0.2728,0.2088,55915.76,4,15947.88,20000.0,0.5402,8965.85,26665.54,4,70780.12,7.94,15,1,24574.13,5.3
248620.54,10268.77,4527.09,0.1952,0.132,12226.14,2,40318.19,0.0,0.4635,3721.94,0.0,7,132824.28,3.15,30,0,277995.63,30.0
52876.59,2326.25,1412.7,0.3503,0.252,15568.12,2,7218.38,0.0,0.2399,6571.06,0.0,20,46229.54,4.36,25,0,48904.69,30.0
113189.53,6762.94,5749.2,0.2118,0.2657,35660.17,3,28818.04,8000.0,0.5382,4836.51,0.0,15,104109.56,9.25,14,0,79974.75,30.0
148785.98,5540.19,8017.26,0.4326,0.1129,60539.75,5,45124.63,40000.0,0.4908,3281.51,74312.29,8,100674.07,4.56,3,0,57290.14,30.0
54364.19,2102.82,2503.18,0.3823,0.2621,7819.41,3,12444.22,0.0,0.2896,2402.55,12011.07,24,27643.99,3.89,8,0,31816.51,30.0
80210.3,6068.8,6902.77,0.3612,0.1985,24969.04,7,26886.47,20000.0,0.6702,8870.36,25019.19,8,47912.45,5.49,28,0,39235.02,30.0
282072.62,7177.03,7942.36,0.1115,0.0755,28265.07,3,77399.93,0.0,0.4431,6346.57,22959.9,19,262550.69,4.48,5,0,242527.48,30.0
143761.3,3857.06,3606.04,0.3932,0.2953,18989.46,6,52316.9,40000.0,0.5756,6334.4,0.0,4,126631.15,8.89,16,0,123340.73,30.0
121641.98,6655.38,5341.78,0.2165,0.2024,37240.27,7,49158.7,8000.0,0.5421,9459.92,0.0,5,66212.48,7.25,12,0,99963.15,30.0
211446.4,10110.26,3264.28,0.1103,0.1232,19123.19,5,61625.43,0.0,0.2912,5513.56,0.0,14,152634.32,5.78,21,0,283813.26,30.0
335309.48,7168.84,3874.32,0.1539,0.0999,38153.63,3,83269.02,0.0,0.4973,6623.62,0.0,9,219057.71,4.69,8,0,347519.94,30.0
50664.44,4534.56,7027.12,0.2023,0.218,59210.37,7,43801.91,8000.0,0.5933,7126.24,74776.58,9,42486.24,5.51,27,1,-25714.0,3.0
101467.23,7108.03,7320.32,0.1042,0.0578,13747.48,5,34146.54,0.0,0.447,10354.86,6368.44,20,83120.3,7.15,6,0,69061.09,30.0
9163.72,2805.36,3179.87,0.2859,0.3038,6151.48,2,19893.64,0.0,0.3551,6245.22,11235.41,14,6270.29,3.19,19,1,-2278.7,1.3
23039.34,2356.15,2227.06,0.3872,0.3691,12800.01,2,23829.59,28500.0,0.5194,3494.81,0.0,22,19056.78,3.66,25,1,-2013.98,17.6
33385.45,6028.56,4758.22,0.318,0.1602,41740.05,3,12082.56,8000.0,0.4085,7886.08,0.0,6,17583.75,8.03,17,1,-6881.12,1.3
145519.69,3465.29,7620.86,0.1524,0.1426,62453.98,7,28322.63,8000.0,0.5656,7502.96,124667.1,16,85127.8,5.64,28,1,12391.36,15.5
22780.88,2651.14,1905.62,0.2003,0.3288,6598.7,2,2328.37,14000.0,0.2599,2283.62,0.0,21,12771.47,4.41,26,1,14791.5,30.0
149244.75,7784.73,4452.47,0.0887,0.1173,18934.78,2,69634.3,6000.0,0.4563,5048.79,0.0,13,105357.92,6.68,4,0,178594.31,30.0
72359.57,6725.94,4879.28,0.3675,0.1242,55759.01,5,26628.74,0.0,0.409,6789.55,0.0,16,58607.3,5.68,13,0,34882.06,30.0
54029.46,2836.58,7190.8,0.1819,0.1165,33166.22,7,24378.46,8000.0,0.3509,8191.22,130626.54,15,38302.7,8.99,30,1,-48317.92,4.3
130125.84,8374.98,6548.1,0.1468,0.1429,8813.46,4,41615.9,0.0,0.3445,6636.76,0.0,4,96233.21,3.31,11,0,138653.18,30.0
58352.59,5006.34,7017.71,0.3088,0.1791,29230.51,5,49868.73,40000.0,0.4628,10324.73,60341.03,13,54097.59,5.03,25,1,-10280.61,8.3
96128.27,5780.94,7304.73,0.1601,0.2186,38453.02,6,14844.55,8000.0,0.4154,7151.39,45713.63,5,89351.36,6.71,12,0,46051.84,30.0
61775.87,2666.72,2802.5,0.4258,0.3567,23084.74,1,21290.04,0.0,0.2374,5285.66,4073.23,16,49269.66,3.57,21,0,36974.33,30.0
76706.32,6897.45,4026.17,0.2119,0.2375,27613.45,3,18392.79,0.0,0.4734,11556.2,0.0,3,43341.51,6.43,3,0,60841.57,30.0
61627.33,2808.41,1797.44,0.3423,0.2389,10167.2,4,11128.42,28500.0,0.4769,5326.6,0.0,19,44617.6,1.96,30,0,49712.55,30.0
6150.37,2745.0,1776.08,0.2154,0.3134,10608.38,3,18956.24,0.0,0.4709,7603.72,0.0,8,5575.52,2.9,21,1,6188.81,1.2
272247.13,5928.43,4931.86,0.0886,0.089,33694.92,4,85415.34,0.0,0.4354,5864.43,0.0,19,155509.83,7.97,8,0,269448.23,30.0
45858.68,5924.6,4716.76,0.2097,0.2873,54584.75,4,39392.45,8000.0,0.3565,8253.33,0.0,17,26277.3,4.79,6,1,3896.24,10.3
159028.75,8489.67,5312.14,0.1945,0.0979,38238.32,4,68125.68,0.0,0.4248,11217.89,0.0,10,97763.19,4.35,9,0,163265.83,30.0
18157.72,2612.46,3121.83,0.3594,0.3245,14774.89,1,23805.23,5000.0,0.3358,2699.35,15281.05,3,11740.2,3.02,18,1,6967.97,1.0
75780.16,11717.63,5042.96,0.1295,0.0756,22036.97,4,43930.62,0.0,0.2525,4747.9,0.0,16,68589.06,5.13,3,0,140689.17,30.0
47175.93,4683.97,4295.83,0.2099,0.2013,37545.18,6,31498.93,8000.0,0.5852,13939.42,0.0,10,37337.46,5.13,9,1,12299.46,6.5
32614.58,6249.31,3589.98,0.3387,0.2586,28031.67,7,53410.37,40000.0,0.3964,9223.66,0.0,5,19039.55,7.33,26,1,12913.54,3.4
278951.37,9034.6,6275.02,0.0822,0.0812,22638.77,5,39902.73,0.0,0.4095,2093.45,0.0,24,177986.99,4.75,14,0,294832.82,30.0
145270.17,3841.74,4628.3,0.2228,0.2983,15096.6,3,53630.15,0.0,0.4191,9906.24,23596.65,9,86660.98,8.39,11,0,137511.62,30.0
144133.72,7434.33,4156.25,0.3798,0.1678,41669.74,5,20068.17,40000.0,0.4115,8056.52,0.0,8,78978.33,6.39,27,0,104572.36,30.0
44532.0,2494.22,1472.71,0.2004,0.1697,11084.56,4,15182.43,0.0,0.467,5884.32,0.0,21,30577.06,4.3,5,0,50458.38,30.0
289767.24,6000.07,3219.63,0.1611,0.106,27000.02,3,60019.23,6000.0,0.4474,9388.05,0.0,21,177724.1,6.31,18,0,317282.52,30.0
84661.48,4459.12,6572.78,0.3754,0.2357,59108.34,6,26706.3,0.0,0.4194,8927.85,63409.59,12,51823.71,7.97,24,1,823.23,8.8
84006.23,5664.57,6840.84,0.123,0.0618,17409.27,3,71045.29,6000.0,0.4991,9872.5,35287.99,24,45206.1,5.03,17,0,37210.44,30.0
31017.83,3004.24,7991.09,0.3083,0.2472,18926.36,7,23790.6,20000.0,0.6435,14395.04,149605.49,8,20624.44,4.93,5,1,-32324.52,1.3
273948.13,9328.11,4343.01,0.0841,0.0788,16427.64,2,64932.45,0.0,0.4421,4052.72,0.0,25,182863.22,5.48,28,0,361651.73,30.0
114862.73,4517.62,8161.58,0.1665,0.2347,25017.54,7,45320.85,0.0,0.6619,12646.62,109318.61,16,68815.38,8.31,9,0,35903.11,30.0
277964.6,7607.31,5104.63,0.1294,0.143,8007.71,2,63486.63,6000.0,0.3359,11634.84,0.0,19,154945.93,4.64,17,0,310921.83,30.0
20837.65,3095.67,2207.69,0.5177,0.2262,19124.09,1,15315.56,0.0,0.3901,1653.58,0.0,4,17699.12,4.5,9,1,9566.0,1.8
321480.37,11644.99,4623.75,0.1744,0.112,38034.74,3,82776.66,0.0,0.2707,10239.8,0.0,27,222571.7,4.45,15,0,442527.06,30.0
59820.18,2140.57,2652.13,0.5248,0.2826,13037.9,4,19404.21,28500.0,0.3238,7478.66,15346.93,11,45740.83,3.88,19,0,29715.91,30.0
103768.59,5457.64,6992.18,0.1829,0.2499,56579.91,5,10840.52,0.0,0.3976,3799.54,46036.1,15,74547.9,9.06,2,1,13219.35,14.1
76800.2,7076.17,7813.12,0.3175,0.165,44171.78,3,30142.19,0.0,0.4527,3401.02,22108.54,17,68040.76,9.44,17,1,8618.54,14.9
24974.73,1552.31,2735.99,0.3668,0.3664,6241.3,4,18180.69,0.0,0.2112,6329.01,35510.37,12,12848.86,4.28,27,1,7881.74,5.2
94398.2,7340.46,6401.78,0.3748,0.2873,22607.39,5,21117.0,40000.0,0.5571,3144.75,0.0,9,58679.05,7.92,22,0,56203.46,30.0
176335.42,5696.47,8161.58,0.4378,0.1416,19986.55,7,14616.21,20000.0,0.4589,12239.91,73953.41,17,125406.3,5.8,8,0,90801.09,30.0
43564.76,2985.49,3346.72,0.4448,0.2664,15295.35,2,20887.6,5000.0,0.3792,2526.89,10837.14,17,36049.57,2.45,25,0,17486.72,30.0
41512.08,2605.58,2396.09,0.2851,0.3693,26535.88,3,6419.97,14000.0,0.46,8248.93,0.0,6,30528.34,4.45,23,1,9114.33,7.2
59529.44,1242.34,2165.63,0.4516,0.3417,14585.23,1,4480.68,14000.0,0.3456,1626.82,27698.54,20,52454.69,2.54,12,0,16139.5,30.0
138122.45,3933.67,4091.15,0.4416,0.2235,26130.18,6,39733.9,8000.0,0.6935,7053.07,4724.28,9,103622.72,5.01,17,0,115841.06,30.0
6454.42,2450.04,1955.65,0.4341,0.3368,5471.75,4,17709.42,5000.0,0.5206,8685.92,0.0,2,3649.79,1.72,13,1,5226.79,2.0
11453.68,2080.26,1671.27,0.3703,0.3063,17728.88,3,12793.97,28500.0,0.4896,6589.87,0.0,14,6093.59,2.69,29,1,-15450.09,1.1
56614.75,5044.19,5821.37,0.297,0.2078,60070.0,5,34015.95,20000.0,0.4402,7394.89,23315.23,3,38285.72,8.97,19,1,-5931.7,1.0
98644.78,5238.78,3941.57,0.3039,0.1485,49481.79,4,37452.25,40000.0,0.4145,3778.01,0.0,11,70207.99,6.68,16,0,46266.68,30.0
104219.15,6790.92,7835.92,0.2012,0.1272,48998.93,6,29663.28,40000.0,0.5706,6614.71,31349.97,16,83399.88,8.3,21,1,8073.18,19.7
61769.89,6800.22,5465.24,0.4386,0.2446,46467.75,7,23567.05,40000.0,0.5756,11740.23,0.0,17,56078.38,9.38,30,1,3916.36,26.6
37512.81,1382.49,2893.68,0.4538,0.3913,15878.56,1,20179.37,28500.0,0.2911,1638.42,45335.71,18,27409.33,2.75,20,1,-16213.39,9.8
149936.8,5528.91,7297.38,0.2498,0.2663,40301.81,7,22954.23,8000.0,0.4461,9553.19,53053.95,11,85768.85,7.06,9,0,83037.74,30.0
345566.19,4649.26,6344.65,0.1103,0.054,15540.61,3,33819.88,0.0,0.3507,11352.18,50861.69,25,220094.85,3.42,4,0,278657.87,30.0
94762.52,11657.77,7567.28,0.0865,0.086,39336.38,4,57257.76,6000.0,0.4533,8115.77,0.0,8,49452.3,5.4,20,0,89450.65,30.0
150061.63,5549.46,8484.22,0.2868,0.2498,23201.54,7,14753.51,20000.0,0.5835,14897.18,88042.63,14,96409.85,7.95,11,0,66063.48,30.0
314749.06,7193.03,2750.18,0.1815,0.1411,10484.22,3,20268.32,0.0,0.4552,3279.5,0.0,17,201208.6,4.18,13,0,364254.34,30.0
148752.81,11650.77,2794.5,0.1651,0.1032,33285.32,4,61463.13,0.0,0.3695,4234.94,0.0,16,76292.94,4.27,16,0,244218.63,30.0
64909.54,5109.34,7824.07,0.3636,0.216,54318.37,6,27601.29,40000.0,0.3812,11327.91,81441.8,14,36151.04,5.72,30,1,-50974.31,5.5
165761.72,4842.66,5786.89,0.4282,0.2042,20344.17,6,30106.32,0.0,0.5207,9939.95,28326.99,8,131572.02,4.43,6,0,142239.31,30.0
113878.6,10061.38,5796.86,0.0869,0.1277,34193.36,3,45371.42,6000.0,0.3458,5303.81,0.0,17,106678.06,6.03,28,0,132598.74,30.0
40490.57,2466.0,1516.66,0.2851,0.3489,10847.01,2,9967.96,5000.0,0.2174,7913.16,0.0,10,38021.55,3.98,21,0,35782.82,30.0
320106.12,11147.82,5479.28,0.1576,0.1045,20798.79,2,57697.99,6000.0,0.2628,9455.03,0.0,11,200201.15,4.43,6,0,357055.94,30.0
112871.76,6519.53,5748.24,0.1532,0.0654,10317.51,2,90349.09,6000.0,0.4484,9852.03,0.0,7,60612.7,5.77,28,0,131786.89,30.0
113895.28,3680.83,5575.6,0.3303,0.1655,52336.32,6,12868.1,0.0,0.6233,13085.39,56843.03,7,61197.9,5.78,27,0,48116.6,30.0
171692.97,6653.64,5254.04,0.1347,0.0844,18996.71,5,39999.21,0.0,0.4234,9595.62,0.0,27,138159.09,4.28,25,0,171429.77,30.0
179065.97,6225.84,8248.2,0.4005,0.2806,22242.64,7,8951.1,0.0,0.635,8509.91,60670.92,6,131857.5,6.55,5,0,140634.84,30.0
84079.94,6552.93,5977.4,0.3216,0.2706,38088.52,5,23356.83,20000.0,0.6321,4586.54,0.0,17,69838.36,6.92,20,0,32415.77,30.0
67850.1,4749.08,3636.41,0.332,0.1207,31092.33,7,9202.21,0.0,0.6426,12774.65,0.0,10,55631.54,5.41,5,0,42104.5,30.0
99384.5,5626.51,7385.56,0.2146,0.1132,36586.64,3,49440.5,0.0,0.5361,3745.51,52771.62,9,61013.98,8.28,24,0,55842.47,30.0
116797.08,9738.6,6791.43,0.1196,0.0822,30589.97,2,64933.9,0.0,0.3895,10612.86,0.0,11,65050.48,7.37,11,0,123260.95,30.0
137110.68,6877.52,3428.58,0.3222,0.2707,31789.33,6,12244.97,0.0,0.4894,6628.6,0.0,9,75006.33,7.55,28,0,128957.53,30.0
140692.97,6406.21,7998.48,0.2728,0.2906,34099.17,7,26889.24,8000.0,0.6529,6558.02,47768.1,14,117829.54,4.76,27,0,72732.67,30.0
156734.08,11784.73,3148.23,0.195,0.0591,24794.14,2,49388.23,0.0,0.3078,2465.8,0.0,18,102588.61,5.95,2,0,264736.91,30.0
58798.79,3856.91,4639.19,0.2848,0.2306,33942.37,3,30197.21,0.0,0.6497,6445.58,23468.23,8,37912.38,8.07,5,1,24355.48,6.9
245237.07,7568.58,3897.12,0.1832,0.12,9814.55,3,34527.52,0.0,0.3869,8095.69,0.0,11,223181.74,7.74,1,0,272439.28,30.0
160678.06,6317.1,7804.41,0.311,0.2504,55050.41,5,50828.06,8000.0,0.399,7179.3,44619.45,4,80808.65,5.04,4,0,110781.57,30.0
39381.68,1247.55,2273.21,0.3062,0.3286,17766.9,4,7057.31,28500.0,0.2195,5165.48,30769.58,16,36693.79,3.55,20,1,-9585.26,11.2
144352.37,8789.02,7418.67,0.137,0.1445,23049.23,2,93773.19,0.0,0.3036,2741.59,0.0,21,92872.27,7.68,27,0,150672.79,30.0
57122.77,5342.43,4655.64,0.3692,0.2665,50605.9,4,38619.99,8000.0,0.6002,11762.93,0.0,9,39189.82,5.47,9,1,14918.53,5.7
41032.57,3846.92,7167.39,0.2811,0.2411,15743.45,3,19625.51,8000.0,0.5486,14408.55,99614.28,13,26015.94,9.55,16,1,-24133.11,3.2
138124.54,9940.59,2875.92,0.1946,0.0693,9038.72,5,74554.8,0.0,0.4707,10094.73,0.0,26,96602.12,3.66,4,0,290866.69,30.0
63922.68,1392.49,2696.27,0.4193,0.2845,12285.19,3,23624.05,0.0,0.4318,2371.36,39113.18,10,33041.65,4.19,24,0,44910.11,30.0
19539.54,2557.55,1908.4,0.3782,0.372,21821.14,4,6071.95,14000.0,0.4428,4459.72,0.0,2,17264.45,3.16,16,1,-6827.46,1.3
17595.91,2752.3,2470.1,0.2787,0.1988,22298.83,2,15331.05,14000.0,0.2579,7328.71,0.0,9,12369.65,4.0,16,1,-7424.21,1.2
113664.71,5861.28,4016.6,0.344,0.1365,24301.7,3,41136.62,0.0,0.6127,7069.05,0.0,9,89096.19,5.51,28,0,111758.09,30.0
83032.33,5067.52,6365.95,0.2917,0.2397,52445.88,7,28797.95,8000.0,0.5018,5427.28,38952.88,13,75778.66,9.75,29,1,8464.23,11.4
18199.47,1217.63,2975.48,0.3206,0.3467,20448.32,3,9840.16,14000.0,0.3186,7645.0,52735.53,11,14380.44,3.79,17,1,-27040.64,1.0
236656.05,9434.13,2851.51,0.0999,0.0801,32240.31,4,39211.32,0.0,0.3848,9765.91,0.0,6,186001.18,6.53,11,0,248468.81,30.0
129970.53,3433.19,5362.35,0.182,0.2633,61237.37,3,13003.04,20000.0,0.5793,9086.45,57875.06,9,68487.14,5.37,21,0,40092.07,30.0
223706.49,10474.93,2740.71,0.148,0.0898,23083.78,5,41868.26,0.0,0.443,2384.26,0.0,20,170987.11,3.49,16,0,330155.16,30.0
42551.5,2787.18,2017.3,0.3949,0.3272,14458.87,4,4668.4,0.0,0.2471,7605.5,0.0,18,25034.29,2.8,25,0,33514.59,30.0
43745.57,2892.01,2438.84,0.4544,0.3998,11994.53,1,21171.41,5000.0,0.5466,7082.53,0.0,20,23475.73,1.8,4,0,35914.01,30.0
61586.88,5587.05,7206.36,0.3435,0.1469,19594.8,7,32975.41,0.0,0.6061,6082.77,48579.57,16,34336.79,4.4,18,1,10591.45,12.9
148480.22,5884.33,6426.42,0.2735,0.1948,24000.9,5,38612.04,40000.0,0.4951,13105.99,16262.75,13,131638.23,5.76,30,0,96789.09,30.0
11383.3,2190.34,2740.29,0.2962,0.3292,16063.43,4,6939.33,5000.0,0.4082,3936.18,16498.4,21,8647.72,4.27,1,1,-25644.73,1.0
191262.46,5940.31,7474.34,0.1038,0.0526,18360.61,3,44000.82,0.0,0.2551,8223.15,46020.73,26,100634.69,7.75,11,0,119439.85,30.0
57496.0,2917.5,2287.85,0.4458,0.2893,22115.93,3,10139.83,0.0,0.4985,3862.92,0.0,3,45759.48,4.24,6,0,39857.25,30.0
28443.05,3093.13,1942.56,0.4339,0.335,12290.16,4,15094.71,0.0,0.3568,8531.44,0.0,15,18789.47,3.18,12,0,29777.12,30.0
7580.84,2940.11,2892.46,0.4312,0.3037,24220.93,1,23314.27,28500.0,0.4972,5102.0,0.0,9,5796.67,2.27,6,1,-26702.47,1.0
63352.95,5360.5,3945.1,0.4109,0.2352,48787.34,4,29916.24,0.0,0.6978,4105.17,0.0,15,37192.25,9.54,20,0,32013.34,30.0
78697.26,11215.47,2777.86,0.1599,0.0572,12780.31,5,82334.54,0.0,0.4266,2339.71,0.0,4,39435.56,5.45,1,0,124265.65,30.0
334653.13,9063.78,3900.45,0.1909,0.1275,11914.83,4,47628.09,0.0,0.3936,8956.4,0.0,12,225518.4,4.56,5,0,381761.4,30.0
55025.74,2908.5,3906.92,0.3464,0.2605,36114.61,6,15850.96,40000.0,0.6959,7156.36,29952.56,8,29716.04,4.65,7,1,-7278.43,5.6
10465.06,1298.25,2136.44,0.3783,0.2831,27161.64,3,8905.22,14000.0,0.2937,8336.98,25145.46,3,6522.13,1.54,19,1,-23345.13,1.0
162271.8,7362.16,5899.21,0.1662,0.0892,32606.41,5,91460.29,0.0,0.4762,7600.04,0.0,20,105401.94,6.67,14,0,165278.06,30.0
153940.37,6237.32,8443.47,0.2318,0.275,20203.8,5,37801.62,40000.0,0.6183,7346.15,66184.33,3,112953.65,5.75,1,0,118372.24,30.0
159109.0,7279.46,5444.15,0.2017,0.2631,36965.16,7,52958.04,40000.0,0.4911,14226.55,0.0,4,82042.57,6.23,28,0,124963.73,30.0
165326.42,5189.23,5375.74,0.4098,0.2485,37349.31,6,44946.73,8000.0,0.6821,14281.46,5595.19,10,97874.06,9.65,17,0,130039.14,30.0
42201.9,1494.71,1751.92,0.205,0.3455,13460.14,3,7510.68,28500.0,0.4843,2715.17,7716.39,19,22005.2,4.33,29,1,7278.8,28.3
34910.87,1900.01,2676.73,0.2789,0.1662,21514.14,1,9791.05,0.0,0.4191,4626.37,23301.51,24,26884.8,3.28,29,1,-10432.6,12.0
48428.17,3010.94,3150.28,0.4043,0.3178,26134.76,2,16722.08,0.0,0.5466,2179.97,4180.17,24,25584.31,4.0,16,1,10713.78,27.4
140926.53,6483.1,4799.75,0.3037,0.2242,60082.67,4,44502.08,0.0,0.6368,12136.66,0.0,6,94801.04,4.72,28,0,101139.18,30.0
36595.75,6731.99,4518.34,0.2797,0.2336,36357.88,3,40737.71,20000.0,0.5003,8295.45,0.0,6,32163.59,6.54,13,1,11439.87,2.2
155200.28,5424.44,3364.8,0.2884,0.1926,40100.63,5,16037.51,20000.0,0.5403,11051.51,0.0,9,131607.79,8.01,13,0,119957.1,30.0
82671.55,4497.17,7716.74,0.3161,0.2436,16243.79,7,20907.93,20000.0,0.664,13820.9,96587.01,8,64115.18,8.93,19,0,32509.75,30.0
258775.82,6033.5,7629.75,0.1117,0.065,15866.83,5,52720.67,0.0,0.2725,7633.84,47887.5,16,218535.35,6.02,3,0,218967.62,30.0
13841.86,2588.45,3363.72,0.4218,0.2056,15128.09,2,7188.34,28500.0,0.2187,6113.45,23258.04,23,8315.81,2.45,8,1,-42576.02,1.3
55056.67,1817.58,2302.36,0.3217,0.1791,5531.46,3,8798.78,0.0,0.2136,6934.06,14543.29,21,29211.24,1.93,14,0,35239.51,30.0
172737.05,7240.73,7331.93,0.3306,0.191,58030.09,4,8897.59,8000.0,0.4747,14365.05,2735.98,5,97899.85,5.88,23,0,106174.61,30.0
89137.33,10697.99,3940.61,0.1627,0.1424,18005.0,3,84438.66,0.0,0.335,7028.94,0.0,21,51383.13,7.58,10,0,202262.42,30.0
62096.21,3092.62,1718.78,0.2621,0.3657,14293.85,4,2434.06,5000.0,0.3375,1532.8,0.0,9,39991.51,4.27,15,0,52953.89,30.0
26652.0,1234.94,1823.22,0.4634,0.3843,13038.16,1,23458.14,0.0,0.2306,5684.26,17648.54,9,14947.84,3.89,26,0,15148.16,30.0
268243.17,11013.47,4609.05,0.1176,0.0881,23405.93,2,64860.58,0.0,0.2546,9247.04,0.0,7,135445.0,7.95,2,0,299949.91,30.0
44151.61,2424.16,3133.3,0.2889,0.3409,25312.06,1,12408.98,0.0,0.4408,3921.11,21274.31,8,38756.51,4.0,27,1,13740.37,7.7
105897.5,4673.61,3834.04,0.275,0.1146,61277.22,5,35943.85,40000.0,0.3846,7991.0,0.0,11,89286.5,7.18,15,0,37807.07,30.0
41942.44,5594.38,6323.69,0.3553,0.174,63970.99,3,46422.42,8000.0,0.5071,6959.63,21879.52,17,27242.69,9.32,2,1,-39531.0,3.6
247259.21,8656.45,6379.46,0.1301,0.1258,27900.22,3,59178.75,6000.0,0.3483,10263.63,0.0,10,164163.02,7.93,4,0,245217.19,30.0
33188.51,2321.91,1713.72,0.3949,0.2298,5738.75,3,8036.59,0.0,0.3374,3594.89,0.0,24,22592.54,2.14,16,0,33992.56,30.0
221282.39,6172.31,4739.28,0.1986,0.1284,20451.94,5,25325.08,6000.0,0.3938,3151.64,0.0,17,177915.45,3.83,3,0,211453.87,30.0
39415.08,3086.47,2990.41,0.4413,0.392,17581.65,1,11167.79,28500.0,0.4796,2524.68,0.0,20,25452.58,2.43,11,1,2044.7,30.0
11555.69,3097.87,2474.57,0.376,0.3053,13776.21,3,6004.51,5000.0,0.2012,8483.48,0.0,21,9937.85,2.63,4,1,-2298.82,1.3
106085.63,6578.91,6976.47,0.2604,0.1673,25003.34,3,11933.01,40000.0,0.4384,9918.19,11926.97,10,71802.09,8.7,29,0,49752.85,30.0
154913.8,3371.1,7493.37,0.2944,0.1901,21088.32,5,34616.65,20000.0,0.4984,9110.54,123667.95,17,109791.35,8.34,13,0,56201.68,30.0
216883.96,6170.62,4357.11,0.1388,0.0817,35832.59,2,23487.2,0.0,0.3339,5373.93,0.0,25,166402.55,4.32,3,0,204972.26,30.0
215747.59,9931.57,4514.81,0.0844,0.1404,29754.78,3,57164.35,0.0,0.2819,11479.37,0.0,17,142384.12,4.25,7,0,267142.95,30.0
106510.38,3947.88,4976.08,0.4089,0.2051,55585.68,3,20492.57,8000.0,0.5349,14537.61,30846.02,4,65604.56,4.78,15,0,47704.27,30.0
163689.4,5788.61,8170.09,0.1886,0.1175,25325.66,4,18220.72,20000.0,0.6434,13266.13,71444.42,3,111191.5,5.93,30,0,124974.7,30.0
74003.41,6649.91,3571.18,0.3874,0.2204,39278.31,4,29151.34,40000.0,0.5505,8500.52,0.0,4,39585.76,9.57,10,0,33558.26,30.0
56386.58,2588.79,3089.79,0.4926,0.1807,21727.73,3,4303.89,0.0,0.4879,5284.82,15029.87,11,35454.97,2.71,28,0,24857.59,30.0
27875.94,2201.88,3492.52,0.4667,0.2573,13552.78,3,10756.0,28500.0,0.219,2763.9,38719.33,16,23912.36,4.18,26,1,-23567.67,6.6
154958.54,6034.14,3312.17,0.251,0.1289,35802.55,4,35199.75,40000.0,0.4315,13865.87,0.0,17,139330.07,5.31,2,0,139245.73,30.0
53774.29,1436.79,3063.36,0.2343,0.2617,22759.51,1,8005.92,28500.0,0.4569,2799.14,48796.92,21,31235.44,2.89,20,1,-20531.57,14.3
177670.11,5417.69,6703.93,0.2498,0.1764,44950.63,3,8746.99,40000.0,0.558,3837.43,38586.94,4,119531.59,8.14,16,0,106926.49,30.0
44123.59,1469.32,2540.95,0.4688,0.1911,18159.38,4,24400.51,28500.0,0.4636,7205.96,32149.04,19,24584.58,2.08,27,1,-4346.34,14.1
23406.37,2150.45,2388.57,0.448,0.3059,15549.2,2,15608.14,5000.0,0.4255,6855.41,7143.54,20,13437.47,4.48,8,1,-1948.85,8.1
158699.28,6262.73,4342.73,0.2698,0.2016,40462.26,4,11496.69,20000.0,0.6336,13069.46,0.0,13,125013.95,7.39,19,0,122302.15,30.0
163954.49,7292.55,5925.9,0.3895,0.2929,24763.67,4,15524.52,8000.0,0.4029,3219.22,0.0,16,104498.71,8.07,30,0,139675.3,30.0
267233.55,9841.44,3020.77,0.1679,0.1239,34182.78,2,70265.12,0.0,0.4149,4284.36,0.0,20,187681.86,3.91,3,0,357918.17,30.0
45033.12,2991.71,2671.49,0.3846,0.1901,27206.17,2,19398.25,14000.0,0.4504,6767.24,0.0,8,39061.92,1.99,8,0,16744.23,30.0
25572.12,2746.62,2655.01,0.2323,0.2575,23812.04,3,5004.36,0.0,0.4053,8321.38,0.0,6,21666.0,3.86,30,1,1041.75,3.1
40321.34,2756.79,1605.32,0.2604,0.1531,17115.2,3,16399.37,5000.0,0.4078,8150.51,0.0,9,37824.92,4.41,25,0,32910.58,30.0
282144.13,8726.03,3160.02,0.1438,0.0857,34493.9,2,80682.74,0.0,0.4481,9581.29,0.0,5,157602.19,5.92,24,0,298894.62,30.0
6250.71,2457.49,2785.28,0.5454,0.2495,10544.5,1,22388.24,0.0,0.3162,6183.19,9833.68,2,4505.35,1.92,20,1,2796.6,1.0
48094.28,1422.19,1936.45,0.3043,0.2901,15213.48,3,20301.08,28500.0,0.3393,6560.05,15427.55,24,34448.94,2.39,3,1,8100.94,28.9
129459.46,5275.7,3708.57,0.2706,0.2915,20094.53,7,51548.18,0.0,0.6984,11765.98,0.0,14,118302.84,8.33,5,0,137406.93,30.0
134663.3,5238.28,7886.81,0.1155,0.1371,26995.62,5,71738.1,0.0,0.251,2210.25,79455.94,21,77186.68,7.08,24,0,58552.93,30.0
16136.24,2784.44,2315.35,0.2327,0.2711,11009.61,1,10511.33,0.0,0.2318,2467.03,0.0,21,10444.84,2.5,13,1,7305.82,11.8
47298.22,1920.26,1500.02,0.2552,0.1843,15419.34,1,4300.73,0.0,0.4062,8235.88,0.0,13,25670.82,2.83,17,0,33674.59,30.0
53719.9,6844.84,5571.97,0.4251,0.1936,43642.94,6,42024.37,0.0,0.4463,4701.95,0.0,6,27684.18,8.65,4,0,25682.65,30.0
155660.81,6126.2,5351.21,0.1593,0.2935,42048.63,3,39959.32,0.0,0.6952,9592.37,0.0,7,85291.27,8.64,3,0,127027.29,30.0
60658.56,2842.28,1894.48,0.506,0.2159,9014.56,1,9566.9,0.0,0.2719,3481.83,0.0,15,56922.55,3.53,21,0,61212.65,30.0
39067.04,6320.84,6195.42,0.2844,0.1619,62904.36,3,49211.85,40000.0,0.5258,7064.16,0.0,5,34495.86,5.75,12,1,-30409.89,1.3
83657.51,6768.71,5602.49,0.3679,0.1191,26592.26,3,38123.09,20000.0,0.4886,14798.9,0.0,15,69182.56,7.9,10,0,58482.05,30.0
63945.64,2881.43,6247.03,0.2137,0.1417,36417.14,3,26865.66,40000.0,0.3939,5275.15,100967.82,12,59956.59,9.18,1,1,-28924.77,6.0
33602.72,3040.94,2992.77,0.4317,0.2603,19388.56,1,9972.73,0.0,0.4349,1742.82,0.0,24,26289.0,3.92,28,1,4480.69,25.5
70954.32,3949.19,3926.42,0.4047,0.2233,59997.57,4,13304.86,8000.0,0.4153,5126.51,0.0,1,44713.79,5.81,28,1,11983.24,1.0
337163.59,10299.57,7628.23,0.1649,0.1396,33666.0,5,82799.56,6000.0,0.3091,5454.2,0.0,17,293518.73,4.74,6,0,344472.2,30.0
25051.8,2235.93,1898.18,0.4027,0.2947,11268.22,2,7340.25,0.0,0.2724,7467.31,0.0,11,15116.06,1.84,11,0,15185.28,30.0
97827.4,6440.39,4308.15,0.2859,0.1312,27583.22,3,27896.81,20000.0,0.6851,12344.86,0.0,17,84275.04,4.83,7,0,85849.31,30.0
24441.68,2238.86,3121.84,0.4935,0.2959,10317.05,2,16122.72,28500.0,0.3411,8598.77,26489.45,5,16205.61,2.84,6,1,20.59,3.0
64278.96,2528.75,2898.5,0.2133,0.3014,24473.06,4,14649.73,0.0,0.3697,2293.34,11092.56,23,52795.82,2.81,3,0,25872.1,30.0
95067.66,5588.37,4437.0,0.4324,0.2178,23080.8,7,39936.88,40000.0,0.4589,8396.16,0.0,13,53114.69,7.02,13,0,69009.61,30.0
89138.48,4594.44,7440.23,0.1498,0.0852,27882.88,3,93741.2,0.0,0.3081,8168.86,85373.54,22,64270.04,5.46,14,1,15665.13,17.0
9516.33,1346.72,1830.85,0.3698,0.3462,10911.13,1,16143.49,0.0,0.3699,4016.07,14523.74,10,5666.56,2.03,21,1,-2271.33,1.0
321504.17,7002.86,7956.21,0.0923,0.0553,36156.97,5,22488.06,0.0,0.4639,11272.65,28600.51,27,301099.74,6.08,19,0,231235.89,30.0
219820.65,10481.17,5776.94,0.1177,0.1061,28247.31,5,77254.3,0.0,0.3834,10234.53,0.0,18,146650.62,6.7,29,0,269689.72,30.0
26794.77,2421.29,1662.35,0.5234,0.1694,6794.73,3,19038.62,0.0,0.5255,6803.53,0.0,15,21191.82,3.51,23,0,32017.56,30.0
177861.71,3805.31,6368.79,0.3841,0.1678,35516.88,4,17861.85,40000.0,0.4829,13654.82,76904.41,10,128639.33,9.35,17,0,95893.97,30.0
173154.69,3766.91,4851.92,0.2423,0.1578,40255.84,5,27874.9,0.0,0.514,14870.15,32550.44,9,150483.4,8.32,8,0,127233.54,30.0
28963.72,2120.85,3395.34,0.5129,0.3915,9622.4,3,8269.67,5000.0,0.5098,1561.51,38234.69,5,23014.12,1.84,18,1,10769.06,4.6
184467.89,9695.86,3600.09,0.1968,0.085,22943.98,4,68773.04,0.0,0.4615,11453.66,0.0,27,96532.52,6.95,9,0,300887.49,30.0
324369.78,6193.68,5508.84,0.1946,0.0997,12649.33,3,78745.83,0.0,0.3484,6832.49,0.0,11,209838.94,4.69,28,0,337123.94,30.0
53692.82,2041.18,3083.01,0.5341,0.3624,25970.35,4,18437.81,0.0,0.533,5759.52,31254.72,21,34407.73,3.37,15,1,4317.3,17.0
98415.81,3766.46,7205.26,0.2854,0.2917,20997.81,5,48949.83,20000.0,0.4413,11192.93,103164.12,10,75785.66,6.29,12,0,46182.05,30.0
37131.55,1660.84,3036.22,0.3848,0.2528,9298.06,4,6996.92,5000.0,0.2941,8990.24,41261.31,11,29509.09,1.86,20,1,9241.91,10.1
109979.76,5258.44,3117.16,0.1488,0.1281,37942.03,2,54947.51,0.0,0.3417,11778.96,0.0,27,77694.73,5.85,10,0,122819.08,30.0
177895.79,3030.55,7898.61,0.3187,0.1504,30195.04,4,47143.9,8000.0,0.6842,8800.25,146041.82,5,107517.69,7.07,13,0,135435.5,30.0
5365.25,2215.72,3596.28,0.4432,0.2271,18053.32,2,8912.12,14000.0,0.5069,7362.92,41416.54,19,3813.95,2.57,1,1,-51448.66,1.0
50733.85,3180.22,3111.14,0.3036,0.2112,22403.91,4,18226.56,5000.0,0.2762,2525.21,0.0,24,40840.35,2.11,18,0,18618.66,30.0
38615.28,4938.08,7415.91,0.2664,0.1767,25576.43,5,11014.36,0.0,0.3555,8494.02,74335.0,2,33285.54,7.49,2,1,10929.58,1.0
9450.36,3184.34,2842.31,0.3897,0.3414,12039.34,3,17062.82,5000.0,0.494,7550.36,0.0,6,5065.78,4.37,13,1,-473.31,1.0
22819.69,1920.82,3575.44,0.474,0.1679,6254.41,1,12683.93,5000.0,0.5053,6249.77,49638.58,16,17485.61,2.71,13,1,-14003.75,3.2
44196.29,1307.39,2089.49,0.2523,0.295,6138.16,3,3809.72,28500.0,0.4316,6908.52,23462.94,14,26428.41,3.35,28,1,10901.03,23.7
131980.93,5821.78,7763.99,0.2959,0.1269,41550.16,4,35318.11,0.0,0.4513,10949.16,58266.41,11,110886.06,9.29,30,0,70277.65,30.0
29669.66,2545.43,3125.43,0.4334,0.375,7994.36,2,13376.63,5000.0,0.2998,8254.63,17400.11,18,19439.56,3.01,29,1,4941.01,14.1
11064.59,2803.84,3413.17,0.4648,0.3556,20740.86,4,23802.09,5000.0,0.2758,3476.8,18279.84,4,8712.42,2.2,19,1,-7841.01,1.0
6887.43,2590.95,2364.54,0.3933,0.2894,13855.35,2,20875.53,5000.0,0.2971,5069.19,0.0,5,6344.09,3.31,1,1,-2790.2,1.2
11029.69,2676.36,2953.47,0.5452,0.2805,19499.7,4,16786.33,0.0,0.4892,5823.3,8313.17,13,7597.74,4.32,3,1,-11327.96,1.0
22214.21,1844.06,2638.15,0.2975,0.1739,23645.31,1,18437.91,0.0,0.2577,2804.61,23822.57,8,13834.35,2.71,2,1,-3047.15,1.4
19682.11,2910.62,2682.5,0.2243,0.1619,10372.32,2,23256.99,0.0,0.2214,8564.06,0.0,20,12199.03,2.24,2,1,12189.43,16.6
96877.45,4428.92,7630.4,0.3775,0.1643,17583.11,3,43400.39,8000.0,0.3861,3861.69,96044.43,2,80937.25,4.9,8,0,84809.83,30.0
89618.09,3788.98,5962.74,0.4264,0.2279,50824.49,6,32202.53,0.0,0.4105,11193.08,65212.77,10,69613.81,8.17,4,1,21992.65,9.0
108350.23,8161.81,3923.89,0.1705,0.1222,23242.44,3,50504.31,0.0,0.2852,10770.27,0.0,17,75463.4,3.84,10,0,149501.95,30.0
59957.03,2756.99,1524.03,0.3838,0.1708,25786.15,1,2726.36,5000.0,0.4931,6097.6,0.0,17,52333.03,3.7,26,0,43639.13,30.0
24632.0,2456.99,1779.84,0.2905,0.267,6919.85,3,15402.59,28500.0,0.2816,5914.83,0.0,8,22233.33,3.79,17,1,11363.92,30.0
119172.35,7289.22,2655.57,0.0964,0.0673,29471.43,2,85593.24,6000.0,0.2636,8566.57,0.0,17,67669.83,5.57,1,0,174841.95,30.0
92980.44,5682.43,7236.88,0.3137,0.2255,56149.03,4,36731.36,0.0,0.6773,6588.77,46633.36,17,66065.12,8.92,22,1,5280.94,13.8
283449.25,8110.17,6240.34,0.1877,0.0636,30123.2,4,52258.87,0.0,0.3126,7427.01,0.0,17,266334.34,4.8,6,0,278577.52,30.0
59169.95,6324.96,4660.19,0.2645,0.175,49813.17,3,43958.22,8000.0,0.4355,8168.46,0.0,5,53447.57,8.95,24,1,24485.17,4.1
241217.57,5254.39,4681.33,0.1409,0.1496,21662.92,5,31013.61,0.0,0.2947,11824.24,0.0,13,186954.82,4.07,14,0,225355.05,30.0
124795.59,10234.23,2629.26,0.1251,0.0611,28011.4,3,61746.79,6000.0,0.3381,3735.37,0.0,15,116293.75,7.59,18,0,202448.05,30.0
58512.08,3142.35,3129.85,0.39,0.3892,16883.03,4,20455.62,14000.0,0.2538,5088.68,0.0,2,38056.07,1.88,11,0,40504.86,30.0
53019.49,2449.04,2429.74,0.2761,0.2336,8213.16,3,11199.08,28500.0,0.5359,5400.67,0.0,21,46279.27,2.04,3,0,24884.6,30.0
55693.58,7337.93,5992.9,0.3161,0.2815,40078.93,6,33989.85,40000.0,0.5686,6632.75,0.0,14,29950.8,9.78,17,1,7448.79,19.6
289414.37,9449.43,5347.06,0.1001,0.1478,35900.04,3,86546.83,0.0,0.3438,3069.26,0.0,6,180064.33,4.69,15,0,300974.67,30.0
55867.42,2927.73,2711.71,0.4011,0.3533,18207.26,1,24911.38,0.0,0.4752,8175.79,0.0,10,40499.41,3.79,26,0,44535.94,30.0
35387.67,2941.78,1869.62,0.3492,0.3849,5272.67,3,16535.8,0.0,0.35,4187.76,0.0,16,26193.04,2.86,23,0,43867.25,30.0
44477.05,2635.44,2627.71,0.2198,0.1925,23332.77,3,6751.55,14000.0,0.2999,3619.69,0.0,7,36158.82,2.43,21,1,12689.32,9.0
34698.27,3358.54,4853.02,0.2831,0.1241,41687.1,6,8164.72,40000.0,0.392,11710.72,44834.22,15,20463.59,4.3,5,1,-55566.93,2.0
65643.18,5165.37,8108.93,0.3945,0.1646,46632.97,3,15915.17,8000.0,0.6938,11503.44,88306.91,4,47930.62,9.53,19,1,5744.09,2.7
71716.02,7981.01,2635.61,0.189,0.1018,37917.18,5,71968.19,6000.0,0.2687,3102.77,0.0,22,37252.61,7.95,26,0,142009.29,30.0
46349.43,3161.08,3524.38,0.2563,0.1953,14538.85,4,24057.16,0.0,0.3979,6279.79,10898.88,13,34439.0,3.79,7,0,28693.9,30.0
176577.44,5535.97,7794.43,0.436,0.2351,27768.28,6,13290.06,20000.0,0.5421,3042.13,67753.79,2,126078.03,5.83,1,0,136975.39,30.0
50167.58,1931.43,2997.99,0.3596,0.2868,24311.36,2,22971.21,0.0,0.3902,8818.89,31996.61,6,28474.95,2.03,18,0,25852.75,30.0
52581.12,7138.5,6194.54,0.2488,0.1281,16624.07,6,35138.24,8000.0,0.4799,11460.24,0.0,4,30888.61,8.78,13,0,44052.18,30.0
121497.22,5434.23,8047.89,0.3523,0.1807,20027.85,6,46397.52,8000.0,0.6518,5172.75,78409.86,15,112387.31,8.16,8,0,60607.13,30.0
15179.66,2167.98,2944.1,0.2795,0.151,18718.26,2,6429.25,14000.0,0.32,8766.45,23283.48,24,13121.44,2.01,28,1,-36854.8,1.0
63643.34,1304.18,2174.7,0.35,0.3561,19603.88,1,22907.94,28500.0,0.4682,4312.44,26115.79,7,33127.09,2.02,1,0,30766.85,30.0
139306.6,5464.43,4241.09,0.3464,0.237,18320.82,5,31573.52,8000.0,0.6764,4761.56,0.0,9,123990.41,4.13,18,0,130688.83,30.0
60492.95,2895.52,2228.61,0.4009,0.1568,26569.79,4,20597.98,5000.0,0.2921,6827.05,0.0,14,43109.62,1.7,7,0,41037.32,30.0
110879.9,5199.42,4044.27,0.2617,0.2346,15093.64,6,19348.82,8000.0,0.6736,12797.57,0.0,6,61651.94,6.82,6,0,100166.39,30.0
109274.82,8532.36,5762.08,0.1452,0.0599,37054.81,3,62122.44,0.0,0.3297,2512.7,0.0,5,75990.42,5.81,23,0,102823.88,30.0
49053.1,2714.96,2322.24,0.3041,0.2676,24963.17,1,13596.07,28500.0,0.2326,1844.48,0.0,14,45169.22,1.7,17,1,13030.89,24.3
39129.12,2317.36,3269.95,0.5486,0.277,18381.07,3,14776.93,0.0,0.3208,2894.26,28577.51,21,35701.83,3.0,15,1,-2660.33,13.7
56320.17,2550.29,1774.51,0.2664,0.3816,9579.22,4,21311.48,0.0,0.2113,4969.01,0.0,7,53045.88,3.59,21,0,57284.57,30.0
321217.16,7790.72,3787.42,0.1294,0.1216,27302.04,3,82058.43,0.0,0.2774,4704.69,0.0,13,295398.73,4.04,2,0,358834.91,30.0
339437.86,6261.97,3051.82,0.0978,0.1202,28245.32,3,63557.08,0.0,0.4314,8742.37,0.0,19,237135.37,5.54,8,0,373392.33,30.0
22608.71,1622.94,1984.64,0.2332,0.2367,14530.5,4,17369.45,0.0,0.2128,2898.1,10851.04,20,21058.07,2.36,6,1,1101.39,6.5
41078.5,2624.38,2097.56,0.3888,0.3227,13116.19,3,7412.49,28500.0,0.3475,7905.12,0.0,21,20948.31,4.37,16,0,17351.47,30.0
171740.41,6671.91,6582.22,0.1687,0.2305,19642.25,4,33212.19,0.0,0.6691,7553.34,0.0,6,134851.39,5.41,22,0,158080.83,30.0
169089.84,7179.94,5917.43,0.2417,0.1919,20165.02,4,13927.46,0.0,0.4153,10636.13,0.0,2,136544.26,9.33,16,0,154526.92,30.0
167306.83,6968.39,5642.91,0.1095,0.1152,17959.85,2,22899.92,0.0,0.4581,6593.19,0.0,11,154340.79,5.08,26,0,157279.09,30.0
327949.48,6796.11,3862.41,0.1261,0.0555,21961.26,5,42146.15,0.0,0.4525,11841.75,0.0,22,262404.28,5.15,18,0,357776.02,30.0
98672.17,5486.44,6219.32,0.1077,0.1291,20206.11,3,47925.34,6000.0,0.3978,4298.31,21986.29,21,56629.8,7.48,24,0,56167.29,30.0
297472.7,8073.62,7190.01,0.1097,0.0518,33791.44,4,92744.42,0.0,0.4048,6579.09,0.0,26,159955.17,7.7,17,0,281969.77,30.0
96894.79,4250.46,6418.99,0.2055,0.2254,61901.41,3,16300.84,8000.0,0.4108,3765.91,65055.98,12,50446.67,8.62,8,1,999.62,9.2
69982.52,4420.91,6639.94,0.4148,0.1368,16858.76,6,17661.87,0.0,0.6441,4458.68,66570.87,1,51085.4,6.76,21,0,57656.59,30.0
101526.42,4267.5,4710.59,0.3692,0.1554,32324.75,4,17634.06,8000.0,0.6001,7607.52,13292.78,2,60077.78,5.97,22,0,69551.21,30.0
60343.19,4623.73,5805.73,0.2386,0.2538,60644.8,7,8378.74,40000.0,0.4879,11754.12,35459.94,6,52379.13,9.33,21,1,-29391.2,3.8
30541.94,3992.36,5817.62,0.3356,0.1131,29602.28,6,53850.53,0.0,0.5968,9522.43,54757.83,8,25618.31,4.39,15,1,1407.07,1.5
156516.07,3904.26,5545.1,0.1966,0.2192,16338.53,3,34896.59,8000.0,0.4377,7006.1,49225.13,4,80676.12,9.19,8,0,141173.62,30.0
312241.81,8847.3,3112.13,0.1058,0.0779,35395.05,2,69617.34,0.0,0.3103,6975.2,0.0,8,160873.1,5.23,9,0,336960.72,30.0
329653.13,9770.96,3848.35,0.1407,0.0532,25656.03,3,44033.74,0.0,0.4117,7542.95,0.0,25,193654.56,5.47,19,0,420639.2,30.0
17396.72,2217.68,1673.21,0.5283,0.3916,10597.5,4,23675.87,28500.0,0.5408,1793.44,0.0,7,9655.42,3.17,4,1,2309.99,2.4
345559.1,5902.82,7256.42,0.1269,0.0881,35962.23,3,89327.9,0.0,0.3157,2447.1,40608.02,5,284319.4,4.1,11,0,332544.99,30.0
47249.29,2656.72,3373.02,0.2184,0.1854,16839.65,4,15435.72,28500.0,0.4094,6143.49,21489.04,21,40933.22,3.17,11,1,-3571.26,22.0
72838.15,5871.74,6674.5,0.3277,0.1199,22687.25,6,27894.56,40000.0,0.6983,7805.0,24082.7,15,48183.94,8.6,18,1,11358.8,21.1
6715.69,3017.78,3207.5,0.5404,0.1646,17765.21,2,10264.71,0.0,0.2547,2289.84,5691.7,5,5080.78,4.32,6,1,-10987.81,1.3
232253.0,6351.37,4200.87,0.1863,0.0798,23656.71,5,81991.68,6000.0,0.4365,11901.65,0.0,15,142506.8,5.12,28,0,251281.86,30.0
13453.98,2907.11,2695.19,0.5058,0.3474,25534.25,4,11610.37,0.0,0.4358,6069.84,0.0,16,12394.25,1.86,21,1,-13308.91,1.5
135752.58,4044.07,4376.15,0.3522,0.1209,47197.12,6,23865.19,20000.0,0.5089,8913.13,9962.6,2,127024.48,7.12,14,0,86091.24,30.0
113542.26,6199.79,5222.95,0.2457,0.2706,49388.65,6,32370.98,40000.0,0.427,5162.95,0.0,10,60463.91,6.66,23,0,53829.53,30.0
143696.3,7489.83,7970.16,0.4278,0.2596,59435.8,6,49609.06,8000.0,0.5654,4542.55,14409.77,9,126402.56,9.65,2,0,82889.97,30.0
39393.38,3167.69,2040.11,0.478,0.2726,18137.91,2,3970.28,0.0,0.2139,7222.65,0.0,3,21985.89,2.52,5,0,24350.78,30.0
269333.05,10062.46,5246.73,0.137,0.061,23816.78,2,20084.65,0.0,0.39,4469.16,0.0,19,172419.73,6.93,13,0,306521.42,30.0
59352.15,2998.05,1624.86,0.25,0.3655,26945.54,1,20576.17,0.0,0.3396,2769.54,0.0,6,44591.95,2.52,29,0,44847.18,30.0
17377.51,1471.9,2334.2,0.2474,0.254,6860.0,3,17641.31,0.0,0.2521,6426.06,25869.19,6,13993.97,2.59,12,1,10288.14,1.5
21614.1,1697.8,1916.0,0.2675,0.2937,16383.68,4,2314.13,28500.0,0.3148,7652.59,6546.01,16,14461.5,1.67,17,1,-16735.11,5.1
34027.19,6127.43,5260.1,0.3093,0.2788,61884.11,5,13045.64,40000.0,0.4399,5883.18,0.0,17,31194.96,8.74,2,1,-49007.09,2.8
51112.29,2055.21,3202.54,0.4747,0.3824,10815.18,3,24854.85,14000.0,0.4648,1889.33,34419.7,21,38928.3,2.1,28,1,10501.45,22.0
105617.15,7469.56,3993.03,0.115,0.0623,21572.98,5,64177.92,0.0,0.4514,2092.42,0.0,12,76018.17,7.09,4,0,133172.77,30.0
19830.48,3147.5,2273.74,0.4096,0.2104,25505.4,2,11169.16,0.0,0.3717,2055.89,0.0,5,18775.63,3.05,9,1,148.7,2.0
302829.79,7976.64,6556.19,0.0954,0.1012,31272.47,4,72423.88,0.0,0.3198,3611.64,0.0,8,171362.04,3.68,19,0,298583.18,30.0
40004.93,3170.02,1611.75,0.3,0.3674,16748.51,2,9122.65,28500.0,0.2253,8069.14,0.0,20,24572.82,2.42,24,0,31142.85,30.0
59234.12,1288.69,2109.37,0.3992,0.2795,6532.31,1,22866.68,5000.0,0.4291,5456.4,24620.47,2,40624.47,3.52,22,0,56357.78,30.0
35436.37,2530.06,3129.2,0.449,0.1869,20705.26,4,17717.3,0.0,0.3596,1789.4,17974.13,18,29848.31,4.29,2,1,1870.6,11.4
28167.95,1520.15,1614.95,0.3823,0.3301,26202.45,3,21691.0,5000.0,0.4457,4882.08,2843.93,20,15848.37,3.63,27,1,543.02,9.5
141985.0,6581.96,7103.42,0.4276,0.1894,52296.11,3,27542.39,0.0,0.4106,3573.73,15643.88,10,74945.03,4.23,5,0,81863.33,30.0
76466.93,6903.13,4985.64,0.3359,0.1572,28941.88,7,24786.41,8000.0,0.671,12371.95,0.0,11,39021.53,5.43,14,0,59585.99,30.0
166443.57,5923.34,7178.89,0.1643,0.0587,30632.66,5,75615.51,0.0,0.2793,9151.92,37666.53,12,121158.14,6.23,10,0,137261.48,30.0
233666.02,7845.28,3725.26,0.1584,0.1186,25447.54,4,75812.43,0.0,0.4213,2269.85,0.0,5,158353.11,6.95,26,0,251059.43,30.0
36029.8,6380.91,3727.82,0.269,0.1207,49129.11,3,21340.77,8000.0,0.643,9603.63,0.0,7,19271.24,7.96,13,1,571.29,2.7
56721.06,2048.68,3414.52,0.3743,0.2497,11187.32,3,13199.64,0.0,0.4626,2048.81,40975.34,19,52647.81,1.72,22,0,17421.48,30.0
330856.04,10026.85,6316.93,0.1204,0.0604,38892.44,4,81457.86,0.0,0.3934,7762.53,0.0,5,197700.04,3.88,19,0,333327.02,30.0
82214.33,5889.75,3282.93,0.1693,0.1199,24538.71,4,27709.31,0.0,0.4966,12777.55,0.0,16,46995.7,5.73,27,0,91608.0,30.0
112785.18,6716.14,7452.51,0.18,0.2868,15964.96,7,20471.51,40000.0,0.3886,10614.85,22091.06,8,66522.32,8.04,1,0,68245.77,30.0
38728.67,2130.56,2844.81,0.2513,0.3602,15894.9,3,22621.37,0.0,0.2512,8185.08,21427.55,9,27132.85,4.39,9,0,21689.69,30.0
56869.37,2414.65,1400.53,0.4819,0.2326,17948.57,2,16458.62,5000.0,0.3121,4372.97,0.0,9,34837.79,2.14,10,0,47136.42,30.0
116253.82,3313.19,4144.44,0.1624,0.2618,39202.29,6,34446.99,40000.0,0.5431,6800.98,24937.58,11,104949.85,9.82,9,0,54821.85,30.0
23208.72,2765.97,2052.75,0.397,0.2123,16179.04,4,6298.92,0.0,0.4859,2328.76,0.0,22,15275.69,1.63,13,1,13429.55,30.0
43760.62,1912.5,2882.25,0.4552,0.3226,22388.38,4,11541.11,0.0,0.2399,6426.7,29092.65,23,24208.69,2.9,26,1,-5182.19,14.3
14160.99,2973.55,3010.19,0.3963,0.2061,20180.06,4,24376.75,0.0,0.3786,5406.25,1099.33,22,12642.84,4.28,19,1,-10310.22,1.0
303097.05,11104.37,5837.57,0.1833,0.0515,29850.48,3,57227.33,0.0,0.2768,2925.76,0.0,21,270266.29,7.72,25,0,359971.96,30.0
26147.77,2748.34,1466.93,0.4355,0.3541,16976.19,1,3777.75,0.0,0.5263,8072.22,0.0,22,16782.53,4.49,4,0,26642.64,30.0
95007.13,4956.91,8338.73,0.2388,0.2255,38047.78,4,12216.43,40000.0,0.497,3733.75,101454.73,3,57491.55,4.92,14,0,29066.17,30.0
63331.08,3490.54,6237.62,0.4432,0.1474,58233.89,5,9118.88,20000.0,0.4744,6078.88,82412.31,13,39564.34,9.74,28,1,-46156.73,5.8
9826.59,1513.02,1949.77,0.371,0.3254,19837.37,3,14406.99,5000.0,0.5452,4811.3,13102.48,8,4920.92,3.57,17,1,-13040.64,1.3
330009.77,11819.2,7664.95,0.1126,0.101,38323.41,4,52502.52,0.0,0.2939,10062.1,0.0,9,170981.41,3.48,4,0,328620.33,30.0
97231.18,10917.21,5139.91,0.1793,0.1317,16881.25,5,26147.66,0.0,0.479,4978.5,0.0,27,69329.67,3.56,16,0,188456.42,30.0
274312.31,6070.71,7718.85,0.0873,0.1398,32654.01,3,46861.01,0.0,0.3261,7001.48,49444.08,15,160246.55,6.46,14,0,218043.39,30.0
163980.99,5791.76,6853.5,0.3503,0.1899,63898.81,3,19525.81,20000.0,0.5913,3836.49,31852.31,9,98021.43,4.24,15,0,77890.46,30.0
51813.61,2711.75,3190.0,0.2016,0.2753,7810.87,2,6170.49,28500.0,0.4467,2665.51,14347.53,19,44678.52,3.46,8,1,13167.59,30.0
152828.24,5449.76,5983.66,0.3672,0.1039,58897.08,6,14971.94,8000.0,0.5916,14214.22,16016.96,13,116465.32,9.75,29,0,74101.32,30.0
14144.42,1476.17,1691.02,0.2399,0.2101,15539.68,3,10566.74,0.0,0.3073,8711.84,6445.71,21,8236.29,4.2,16,1,-8372.42,1.0
26832.82,1458.19,2404.33,0.2951,0.238,18385.31,1,22157.87,0.0,0.233,4710.96,28383.99,13,22956.8,1.62,9,1,767.77,5.5
32769.84,3178.51,3093.12,0.5367,0.3449,8963.54,4,23257.47,28500.0,0.5062,6798.97,0.0,7,23088.4,4.03,11,0,15169.45,30.0
57955.41,5906.21,6121.58,0.212,0.1681,47254.13,3,42574.19,40000.0,0.5589,14098.47,6461.17,9,31257.94,4.05,16,1,-4809.72,7.2
169006.93,2948.59,7298.98,0.1656,0.1076,41478.15,6,9903.53,0.0,0.5004,3756.9,130511.65,11,117799.48,4.47,14,0,77702.82,30.0
63714.04,5681.34,6529.88,0.3702,0.2242,21673.45,3,39581.94,8000.0,0.6892,5367.46,25456.1,15,53916.13,7.8,23,1,24202.09,16.4
321243.04,4658.1,7222.57,0.1903,0.0854,20532.22,3,44191.94,0.0,0.4299,6421.04,76934.03,7,226943.9,4.24,30,0,293953.97,30.0
64127.36,2849.6,3587.36,0.2589,0.186,27339.81,3,10546.18,0.0,0.3762,6289.83,22132.61,13,53426.89,3.31,20,0,23712.59,30.0
64126.24,1880.9,2086.34,0.5171,0.2963,6140.45,3,13846.39,5000.0,0.2752,8168.22,6163.08,7,55300.9,3.07,18,0,57265.88,30.0
30119.88,2962.58,2633.17,0.3329,0.1621,5918.44,1,4421.74,28500.0,0.4353,8899.1,0.0,2,19877.85,2.48,14,1,10885.84,5.4
77805.4,5982.67,8223.82,0.3415,0.2503,17488.36,7,21256.83,0.0,0.6131,6968.43,67234.49,3,72472.56,6.81,30,0,58867.84,30.0
8773.9,1956.71,3289.64,0.2773,0.1885,23069.42,1,9111.78,14000.0,0.5184,8537.53,39987.75,6,6072.03,2.13,21,1,-28183.31,2.3
135234.53,6177.43,5533.9,0.1927,0.2281,45576.58,3,38321.44,8000.0,0.6205,10657.31,0.0,13,107399.75,5.96,5,0,93482.33,30.0
33375.61,2893.16,2138.02,0.3839,0.3199,12078.24,3,24272.27,0.0,0.4641,2804.19,0.0,2,25259.7,4.05,10,0,32090.33,30.0
29102.96,2116.81,3266.98,0.4655,0.3004,27655.78,2,8049.87,0.0,0.3215,2902.76,34505.13,8,24577.9,2.73,14,1,-8734.46,3.2
30990.62,1486.7,1769.81,0.2575,0.1826,15638.28,2,24779.24,14000.0,0.2629,3020.16,8493.42,19,18016.29,2.56,14,1,7505.8,14.0
179213.05,6649.95,6145.23,0.2954,0.267,24329.0,7,15328.53,40000.0,0.6776,14870.48,0.0,8,111521.12,9.16,9,0,134485.51,30.0
308818.82,10341.69,5970.86,0.1417,0.1209,34805.46,3,46340.57,0.0,0.3477,10413.08,0.0,23,163671.91,4.26,12,0,345385.31,30.0
131897.33,3461.9,5551.92,0.2476,0.1113,20992.03,7,44622.55,20000.0,0.6416,3542.01,62700.83,6,101717.22,7.45,21,0,102318.9,30.0
21392.21,2017.97,2938.33,0.4236,0.2831,25291.47,4,9688.06,28500.0,0.4689,7184.53,27610.83,23,18612.58,2.98,13,1,-45316.25,3.3
85666.75,6078.25,5721.71,0.4008,0.2356,57083.76,6,54372.02,40000.0,0.5896,5605.86,0.0,1,58442.02,7.21,6,0,29288.1,30.0
310318.32,5992.83,7316.14,0.1051,0.1127,13938.39,2,78478.36,0.0,0.2703,10803.7,39699.36,5,161017.22,7.36,26,0,314957.21,30.0
76117.44,5429.16,8143.48,0.2418,0.1097,22890.04,5,47674.6,20000.0,0.5865,12442.09,81429.7,7,47285.36,5.16,8,0,35434.31,30.0
118420.82,8796.65,5713.93,0.1244,0.0853,23092.89,5,24202.18,0.0,0.4171,5882.98,0.0,15,88545.81,6.18,13,0,124709.21,30.0
37016.14,1468.59,3451.79,0.5131,0.1975,12947.32,4,7775.58,28500.0,0.3202,6101.2,59495.76,3,28166.5,2.32,20,1,6405.77,3.5
341412.44,5440.34,3383.07,0.1612,0.1041,14020.75,4,46795.32,0.0,0.2546,2619.75,0.0,9,294522.01,4.69,16,0,354447.55,30.0
98594.97,5389.44,3759.59,0.4474,0.1488,30069.92,6,44278.93,8000.0,0.4195,9321.64,0.0,4,81408.47,8.96,26,0,84372.18,30.0
39238.65,2968.39,1438.26,0.3418,0.3816,21384.34,4,3500.87,28500.0,0.3236,4940.47,0.0,3,26857.28,4.11,10,1,8007.84,4.8
170472.49,7310.83,8335.53,0.3377,0.1769,51991.08,6,32612.0,20000.0,0.3966,7626.58,30740.89,10,120102.73,9.56,27,0,96370.19,30.0
37451.57,1650.67,3543.43,0.3366,0.3774,26628.01,3,15035.58,28500.0,0.2789,2919.07,56782.76,17,32681.17,1.61,7,1,-34569.74,6.4
65876.52,5573.44,5549.42,0.284,0.1725,56230.79,6,22473.35,8000.0,0.3559,9265.14,0.0,12,36846.94,8.94,30,1,873.75,9.7
150563.24,4924.44,5951.19,0.3931,0.1855,61535.4,5,16217.34,40000.0,0.5956,8215.23,30802.42,3,99612.56,9.32,15,0,69511.05,30.0
39764.34,2796.34,3130.55,0.3276,0.3972,21434.46,3,10164.22,5000.0,0.4078,4495.5,10026.21,19,23632.36,4.09,17,1,3344.21,16.8
28434.46,1836.15,1732.44,0.3014,0.2082,7854.23,2,6467.36,28500.0,0.5233,7058.09,0.0,24,23665.33,2.25,28,1,2804.42,30.0
60861.34,2572.47,1475.23,0.4866,0.2001,16361.65,4,3732.91,5000.0,0.4027,4999.76,0.0,8,45892.93,2.11,9,0,48141.13,30.0
122688.05,6983.92,4678.67,0.1503,0.1419,10461.14,3,68883.09,6000.0,0.3486,2691.53,0.0,14,91442.85,7.04,16,0,149179.51,30.0
38059.72,1429.42,3474.17,0.3018,0.3808,22957.78,1,18929.24,28500.0,0.314,7363.8,61342.42,21,34568.89,3.52,22,1,-40492.37,7.8
69851.77,7198.26,5626.97,0.1883,0.1865,61328.95,4,52344.67,8000.0,0.3945,9030.38,0.0,3,46457.77,9.0,21,0,25819.51,30.0
12465.4,1890.1,1702.61,0.5494,0.1623,14625.29,1,20029.98,28500.0,0.3544,4890.7,0.0,5,11219.72,4.12,15,1,-8707.0,1.2
35192.28,2737.47,3330.6,0.2363,0.2462,20444.42,1,7759.18,0.0,0.4716,4737.39,17793.92,22,18266.81,2.13,30,1,-6792.65,14.1
46719.76,2682.21,1970.02,0.3204,0.3976,8912.33,4,19687.53,0.0,0.331,7206.01,0.0,12,35553.39,3.25,3,0,48673.45,30.0
28917.74,2716.61,2831.94,0.2622,0.1628,24837.96,4,14941.34,14000.0,0.439,3383.09,3459.97,17,17312.98,2.83,23,1,-7967.54,8.0
60474.01,3117.51,4108.59,0.4453,0.1937,56511.62,5,17059.34,0.0,0.6536,13185.03,29732.49,17,52880.16,8.19,24,1,-16633.24,8.2
57871.35,1808.41,2839.67,0.3706,0.2416,21738.38,3,16008.88,5000.0,0.4259,8606.42,30937.69,11,41223.46,2.19,17,0,24619.28,30.0
33029.24,3545.41,6600.94,0.3651,0.2165,53297.91,6,48905.46,20000.0,0.4002,8344.87,91665.84,6,29747.42,7.24,19,1,-32882.96,1.8
45243.17,1672.65,2364.44,0.2059,0.1879,23445.17,2,18004.86,0.0,0.2322,3298.08,20753.58,14,30268.31,1.92,1,1,14553.92,12.4
82726.13,3856.37,4675.13,0.2041,0.2803,38494.5,3,51598.78,8000.0,0.4092,13595.11,24563.02,16,46047.63,4.6,16,0,35432.88,30.0
115485.55,5646.67,5137.3,0.1729,0.2311,30174.21,5,39466.43,40000.0,0.521,4642.55,0.0,5,60740.49,4.59,15,0,78099.57,30.0
317185.59,5024.58,4805.08,0.15,0.0647,23006.17,4,36251.32,6000.0,0.4414,9442.35,0.0,5,286252.2,5.09,5,0,301226.98,30.0
40817.84,2338.09,1478.48,0.3797,0.3024,26870.96,2,21734.31,0.0,0.267,3549.97,0.0,8,38159.6,4.45,14,0,26335.53,30.0
90545.33,4288.92,8148.84,0.387,0.1229,49421.07,5,41376.67,8000.0,0.392,14070.51,115797.79,17,49903.43,4.36,26,1,-27035.99,10.1
129071.4,8279.47,6243.05,0.1097,0.11,18086.72,4,44770.05,0.0,0.3144,5334.57,0.0,16,108156.77,4.49,13,0,135164.9,30.0
57150.45,1973.91,2169.65,0.5494,0.2706,21429.31,2,8238.07,28500.0,0.4818,7537.41,5872.21,17,42967.23,3.07,4,1,14519.28,28.5
71577.2,3788.33,3665.11,0.1967,0.2538,18672.23,7,19420.89,0.0,0.6016,3550.0,0.0,11,62139.71,8.71,3,0,54547.32,30.0
95111.46,3702.28,5787.56,0.2704,0.2591,20986.38,3,33168.89,20000.0,0.6173,4607.98,62558.33,11,70090.68,9.27,26,0,46577.14,30.0
159105.3,3258.77,4474.36,0.272,0.2732,15297.09,4,24396.52,0.0,0.6786,14912.7,36467.83,14,92929.51,7.27,23,0,127712.88,30.0
45531.54,4951.72,5191.71,0.3233,0.1877,54238.86,4,52867.02,8000.0,0.3561,14927.97,7199.66,1,39321.34,6.54,5,1,7291.99,1.4
6991.26,2234.03,1832.71,0.4652,0.3103,26522.32,3,4952.57,28500.0,0.5233,7372.41,0.0,4,6132.83,4.0,20,1,-32239.79,1.0
9429.72,2676.71,3149.35,0.3433,0.249,13629.06,2,16322.11,0.0,0.534,8375.11,14179.17,7,5467.94,3.45,23,1,-4552.89,1.4
28643.57,2279.29,1591.89,0.4586,0.2504,13015.63,4,11027.6,0.0,0.3681,8807.25,0.0,23,24447.88,3.57,15,0,24758.8,30.0
131193.57,9191.23,4656.74,0.1987,0.0979,13131.71,2,65270.14,0.0,0.3071,5818.58,0.0,7,69592.03,5.17,18,0,163182.28,30.0
18988.84,2714.61,2689.44,0.474,0.3365,27563.89,2,14568.74,14000.0,0.2177,8193.84,0.0,8,14953.61,4.43,2,1,-14024.4,1.0
74577.07,7738.9,4454.17,0.1206,0.0837,31034.57,3,21662.43,0.0,0.2578,3521.16,0.0,27,58372.62,5.82,19,0,98949.87,30.0
41814.14,5947.41,3930.36,0.3514,0.2958,40646.48,4,49695.67,40000.0,0.5362,5569.02,0.0,15,39478.73,8.04,30,1,13240.65,24.7
62145.05,6477.03,3982.06,0.2921,0.2581,34876.12,3,51521.6,40000.0,0.448,13045.43,0.0,5,50852.2,5.2,9,0,33960.03,30.0
165378.38,6696.92,6998.92,0.1598,0.1747,29565.14,7,33990.84,40000.0,0.5712,9267.01,9059.84,10,112379.77,6.56,30,0,113163.48,30.0
206598.98,6123.69,3142.97,0.1399,0.1294,31484.19,3,43833.91,0.0,0.4132,4321.49,0.0,14,155066.34,4.78,7,0,217091.12,30.0
142942.29,3511.97,5323.12,0.2948,0.1711,37270.05,4,51947.08,8000.0,0.4627,11237.04,54334.73,7,75905.17,4.98,12,0,105136.6,30.0
149925.38,9112.88,7885.12,0.1515,0.1225,25369.52,5,72549.34,0.0,0.3613,2603.66,0.0,22,85597.83,5.35,14,0,141499.58,30.0
81114.52,4998.73,4850.5,0.2814,0.1718,43643.3,3,17125.62,20000.0,0.5482,5855.09,0.0,1,41353.24,5.39,8,0,33618.29,30.0
112195.17,3596.92,7532.63,0.2607,0.1588,45548.68,4,47312.96,40000.0,0.6398,10662.3,118071.08,16,87082.29,7.38,26,1,-8903.56,12.5
49156.83,2293.0,3497.86,0.2641,0.3015,9387.26,1,20746.7,0.0,0.2741,6105.49,36145.75,9,32171.68,2.49,18,0,33091.13,30.0
38162.57,2014.87,2258.08,0.4834,0.2519,25455.89,3,17833.41,5000.0,0.2093,1935.48,7296.39,16,30463.71,3.27,30,1,7794.13,12.9
33722.13,1572.26,2042.43,0.4723,0.3735,17144.78,2,10609.49,14000.0,0.4536,4988.8,14105.0,11,16959.54,2.37,11,1,5426.6,9.3
52853.93,2619.65,2560.36,0.3801,0.1719,9724.99,1,5488.71,28500.0,0.4295,8334.34,0.0,23,50016.16,3.46,6,0,20863.48,30.0
46838.87,2394.2,2475.66,0.433,0.2428,5513.93,3,5877.39,28500.0,0.5306,6790.87,2443.9,9,24741.45,3.8,15,0,24827.99,30.0
321090.38,11400.01,7492.49,0.1433,0.0719,26922.69,3,58623.68,0.0,0.4495,4137.13,0.0,13,226024.52,7.77,14,0,338554.27,30.0
229754.8,11087.52,3577.3,0.1,0.1076,23985.45,3,90669.59,0.0,0.3658,8601.73,0.0,21,171836.07,4.99,10,0,353051.32,30.0
28793.82,1422.43,1470.05,0.4299,0.3026,14784.55,2,4979.11,0.0,0.4479,6452.9,1428.56,12,17008.14,3.21,27,1,11770.63,10.9
150173.34,4043.58,4313.28,0.3852,0.2372,50873.68,7,24580.12,8000.0,0.5883,9631.61,8091.08,6,112005.18,9.88,12,0,98630.31,30.0
179988.72,4845.87,5468.89,0.4028,0.2611,50914.51,6,37365.92,8000.0,0.6059,8558.76,18690.69,13,161395.95,4.65,28,0,119308.39,30.0
56663.31,1706.94,2793.55,0.2579,0.2512,25638.8,4,11562.23,0.0,0.5148,2745.48,32598.24,19,43694.78,4.32,7,1,8113.83,16.4
35597.8,6413.16,7636.63,0.2098,0.1403,27240.59,6,21722.45,8000.0,0.3647,14644.61,36704.09,13,24965.3,6.94,18,1,-19202.39,3.2
42337.48,2124.46,3458.48,0.3372,0.2507,23701.0,1,8950.27,0.0,0.4278,5452.4,40020.49,12,36791.8,4.09,24,1,1540.35,8.7
330407.51,5384.3,3775.92,0.1884,0.0677,17311.22,3,59027.92,6000.0,0.4206,7304.63,0.0,19,257667.45,3.61,22,0,344117.78,30.0
74802.6,3360.45,5368.1,0.1586,0.1422,20459.85,5,33835.16,0.0,0.5014,8023.26,60229.56,11,40746.64,5.4,15,0,38122.78,30.0
90261.78,3133.27,7267.79,0.1714,0.2844,43728.35,3,18209.97,8000.0,0.3678,8751.9,124035.55,14,82608.73,5.1,14,1,-16322.91,9.1
20424.91,2702.07,2147.23,0.3499,0.2509,20614.81,4,21246.97,5000.0,0.4494,8383.47,0.0,22,11005.34,1.79,24,1,5182.63,15.1
174410.54,3519.8,8424.6,0.3464,0.1908,29629.82,3,11008.0,8000.0,0.6609,11333.76,147144.13,17,136806.22,9.38,14,0,49320.77,30.0
112614.86,3977.36,5166.93,0.179,0.1453,20103.09,3,38208.87,8000.0,0.6642,14756.3,35687.33,4,61322.0,9.66,29,0,95406.26,30.0
43756.05,2072.97,1951.2,0.3171,0.2354,11558.59,3,16136.77,0.0,0.5358,7489.6,0.0,4,26697.39,4.14,19,0,37812.57,30.0
122873.91,6657.97,4144.1,0.3599,0.1055,30564.99,3,42422.57,0.0,0.5937,14525.25,0.0,12,111161.01,7.65,4,0,123842.66,30.0
59685.76,1754.65,1851.62,0.3275,0.3125,11286.18,4,15499.15,28500.0,0.5016,2490.59,2909.13,23,34397.72,2.27,13,0,30452.81,30.0
209481.56,6344.53,6288.02,0.187,0.1132,36539.78,4,36287.34,0.0,0.3368,6832.38,0.0,23,136712.8,4.62,24,0,160580.07,30.0
91482.1,3985.77,5323.68,0.1916,0.1231,61822.82,5,28633.47,40000.0,0.455,14944.19,40137.3,10,53246.33,5.54,20,1,307.74,8.8
7842.84,3014.48,3321.4,0.3604,0.1908,8861.21,2,3686.28,28500.0,0.4906,3934.5,9207.65,9,5696.1,4.16,19,1,-21796.92,1.0
127246.37,9657.04,4420.96,0.1414,0.1434,23558.63,3,40765.29,6000.0,0.2593,7002.65,0.0,8,93981.45,5.14,30,0,143210.15,30.0
13275.38,3163.63,2213.46,0.419,0.2725,8316.36,4,7604.04,0.0,0.25,1916.58,0.0,2,6813.48,4.3,20,1,9011.73,1.0
6611.12,2088.62,1632.99,0.4167,0.3049,14748.73,4,8618.17,0.0,0.2132,3680.0,0.0,6,6247.97,4.08,23,1,-4475.37,1.0
51494.75,3433.78,4558.46,0.4421,0.176,36802.46,6,23835.63,20000.0,0.5481,11451.5,33740.38,16,38405.38,4.85,18,1,-14452.82,7.2
145798.36,7256.75,3813.77,0.2504,0.1639,19036.17,4,45193.05,8000.0,0.4029,12723.64,0.0,13,116696.53,5.14,29,0,167004.52,30.0
87176.25,6178.73,7884.54,0.1516,0.2867,29655.59,7,47243.78,8000.0,0.529,11408.78,51174.51,5,69380.27,7.69,17,0,56865.02,30.0
319879.33,9328.05,5390.19,0.1198,0.148,24659.19,3,49511.04,0.0,0.3299,9441.86,0.0,12,294930.16,7.11,28,0,339899.43,30.0
141762.03,7053.39,3223.33,0.1501,0.1945,24743.45,7,45390.63,8000.0,0.3603,14694.39,0.0,15,109687.22,6.28,1,0,167412.35,30.0
73751.06,4949.28,5385.28,0.2207,0.2665,49818.79,4,28733.99,0.0,0.5677,3449.18,13080.0,8,60196.69,7.92,18,1,23678.06,7.7
198750.28,6076.39,7259.79,0.1301,0.125,20392.38,4,49292.16,0.0,0.387,5818.72,35501.97,21,102547.46,3.75,29,0,147558.54,30.0
168329.96,3513.02,6204.84,0.3793,0.2515,17558.99,3,43805.22,0.0,0.534,10496.87,80754.49,1,117077.9,5.05,27,0,165272.14,30.0
26757.02,1455.57,1667.17,0.2985,0.1633,10905.11,2,3452.86,14000.0,0.441,2054.92,6348.24,13,24993.96,2.15,12,1,3476.02,10.8
51708.1,1339.63,2624.73,0.2868,0.2109,8302.86,1,22033.33,28500.0,0.5468,7175.85,38552.94,19,32400.42,3.34,28,1,9122.3,21.7
57782.48,3159.61,2486.29,0.3367,0.268,7680.61,3,2397.9,28500.0,0.4985,6341.01,0.0,24,41164.43,3.49,30,0,37671.15,30.0
25274.09,3196.35,3215.91,0.5094,0.3843,27149.94,4,2323.99,5000.0,0.3193,3728.08,586.87,18,20665.85,2.63,24,1,-15751.27,7.5
61077.22,3547.42,6655.14,0.2372,0.2948,36577.71,5,14983.61,0.0,0.508,4339.16,93231.56,7,41846.68,4.67,13,1,4712.93,4.0
12986.09,2899.35,3551.68,0.2553,0.2839,18011.74,2,18230.82,5000.0,0.5382,2674.36,19569.79,19,6885.66,2.68,5,1,-24442.29,1.0
120250.5,5660.29,5257.36,0.2764,0.2668,55072.16,4,48017.04,8000.0,0.5167,14853.28,0.0,8,75394.71,8.94,28,0,74300.13,30.0
97607.7,5449.94,4034.5,0.4068,0.2819,49301.98,3,13788.31,8000.0,0.5074,6365.16,0.0,3,73374.73,8.03,10,0,51524.17,30.0
42904.17,2729.3,3112.73,0.4695,0.2066,19038.32,2,8657.33,14000.0,0.5414,8963.87,11502.97,11,40136.4,2.7,9,1,10235.79,13.2
78903.52,5834.01,3894.6,0.365,0.2961,31244.33,3,52431.83,8000.0,0.6316,13320.2,0.0,13,42419.48,5.45,26,0,74294.82,30.0
112549.51,4785.99,6457.19,0.1136,0.1214,28446.58,3,92144.36,0.0,0.3888,3088.07,50136.15,8,89930.55,6.02,29,0,99492.36,30.0
158890.69,8986.51,4644.42,0.1283,0.1232,31569.83,4,43928.3,0.0,0.3404,8930.75,0.0,11,124728.75,6.6,9,0,172717.4,30.0
128763.83,5635.48,5392.17,0.262,0.2129,34076.38,4,20766.93,8000.0,0.3723,13509.84,0.0,13,94708.05,5.03,24,0,87558.94,30.0
166145.89,6162.2,6888.11,0.3259,0.2266,16788.73,5,14370.61,8000.0,0.6313,14750.8,21777.43,9,140674.81,5.17,5,0,133880.64,30.0
59206.62,1394.56,1957.95,0.4321,0.3184,13874.67,1,5739.94,28500.0,0.3097,6761.4,16901.51,24,32611.58,3.27,22,1,12920.35,30.0
311204.58,10844.92,4221.55,0.1407,0.115,15757.31,2,91298.42,0.0,0.3305,2410.99,0.0,22,195874.43,7.55,4,0,429954.56,30.0
195108.33,10980.72,6370.64,0.0827,0.0794,28699.53,2,42663.25,0.0,0.3895,11261.74,0.0,25,130013.6,4.75,21,0,243854.83,30.0
5689.88,2442.27,2293.47,0.3102,0.3964,17936.33,4,3840.95,28500.0,0.3631,7123.79,0.0,2,4164.22,4.17,12,1,-26361.61,1.5
171142.37,6453.66,7216.54,0.125,0.0517,20599.05,3,24253.64,0.0,0.3476,8545.22,22886.56,6,117402.06,4.65,19,0,147593.72,30.0
14280.52,2163.38,2564.36,0.5321,0.1683,17037.02,3,6727.38,14000.0,0.41,5448.74,12029.6,21,9358.32,2.24,11,1,-24636.25,1.5
29783.26,2164.95,2410.32,0.5409,0.1614,5227.32,4,12438.27,5000.0,0.5328,5864.53,7361.14,21,18090.65,4.1,19,1,12173.78,29.9
160259.43,9390.11,6394.83,0.1734,0.1064,32474.8,4,76120.65,0.0,0.3506,11670.16,0.0,12,109733.41,4.29,17,0,171069.66,30.0
58542.22,1692.87,1540.71,0.388,0.3615,23536.38,2,8914.27,5000.0,0.3423,7373.01,0.0,14,47819.91,4.32,22,0,33086.6,30.0
20289.06,1513.67,2923.67,0.2326,0.3844,12960.39,4,21474.12,0.0,0.4893,7931.29,42300.09,12,16704.79,3.33,4,1,-3995.07,1.5
13983.53,2765.33,2693.84,0.3333,0.2332,8893.58,4,20778.3,14000.0,0.4995,8060.72,0.0,20,8784.96,2.7,7,1,-2897.08,1.6
9932.1,1856.72,2333.63,0.3899,0.2431,5026.76,1,18968.61,14000.0,0.4765,1794.9,14307.4,17,6316.93,3.01,20,1,-9107.83,1.0
30959.61,1876.23,1669.76,0.3036,0.3716,15596.08,4,7497.59,14000.0,0.3057,6854.67,0.0,22,20366.43,3.13,11,1,7281.51,30.0
193287.63,9189.06,5197.26,0.1847,0.1047,22286.25,3,33327.83,0.0,0.3702,11246.01,0.0,16,144064.21,4.6,4,0,218694.92,30.0
124789.94,4863.84,6805.06,0.1825,0.2923,23047.77,5,35161.64,8000.0,0.6126,10574.09,58236.34,17,88911.4,7.8,7,0,61651.63,30.0
66327.11,4338.47,8422.4,0.2605,0.2053,19570.83,4,13362.06,20000.0,0.6469,9329.13,122517.82,16,60547.18,4.93,5,1,-37750.31,7.6
30383.04,5202.67,4223.98,0.4104,0.1209,60422.31,3,36575.45,20000.0,0.3505,8413.75,0.0,11,19629.81,6.37,29,1,-26016.69,1.0
274669.28,10878.92,2764.83,0.1406,0.1199,27367.7,3,83650.15,6000.0,0.3857,8666.47,0.0,5,142692.21,5.18,23,0,307568.39,30.0
27794.57,2810.54,2836.89,0.3529,0.313,21215.49,3,19805.1,5000.0,0.2185,2852.04,790.39,22,20797.45,2.75,10,1,-900.54,12.2
36553.58,1664.26,1504.75,0.4004,0.234,20495.07,2,20739.68,5000.0,0.2637,3929.52,0.0,22,26226.94,1.95,19,0,17919.08,30.0
114998.41,4076.51,3971.36,0.3318,0.1978,54443.51,6,11576.75,20000.0,0.3836,7747.41,0.0,1,91054.68,9.16,27,0,55572.94,30.0
55720.11,2186.59,2496.37,0.5418,0.3868,25505.65,4,11097.01,5000.0,0.3255,2554.34,9293.61,16,40684.0,3.32,8,0,20154.04,30.0
6486.45,2709.08,1720.42,0.5042,0.3108,14075.15,3,18522.29,14000.0,0.2803,2682.9,0.0,11,5293.21,3.26,17,1,-2258.51,1.0
209232.03,11674.76,6639.69,0.1005,0.133,36319.8,4,49622.03,0.0,0.3879,11844.61,0.0,20,173287.11,4.49,20,0,247361.54,30.0
44205.96,2353.82,1677.32,0.2822,0.2353,16075.73,4,8645.7,28500.0,0.2684,2626.0,0.0,23,31559.91,4.05,4,0,21484.68,30.0
138449.99,4557.05,6302.89,0.3007,0.1391,60807.55,4,51559.25,20000.0,0.6055,12617.44,52375.37,3,94659.03,5.57,6,0,80322.98,30.0
156889.77,4475.9,4432.91,0.3379,0.2842,54975.63,3,33054.7,40000.0,0.4142,12636.23,0.0,12,96470.14,8.18,12,0,85291.63,30.0
210117.46,8591.06,7081.77,0.1445,0.1017,10413.86,4,52833.22,0.0,0.4763,9899.33,0.0,14,187974.12,3.56,9,0,218058.98,30.0
139529.18,7295.65,6597.09,0.1387,0.0654,24616.43,4,55851.37,0.0,0.3107,11725.9,0.0,12,97339.07,7.61,14,0,128632.98,30.0
52266.29,2559.69,2670.87,0.3291,0.2013,17632.06,4,4995.12,5000.0,0.4486,2185.12,3335.58,16,48798.81,4.22,20,0,23871.33,30.0
84570.32,6106.85,4147.28,0.259,0.1583,57877.33,5,35429.77,40000.0,0.5605,4953.03,0.0,12,69147.9,4.45,24,0,29360.09,30.0
15064.66,1291.15,3384.74,0.3893,0.325,17348.88,4,23857.72,5000.0,0.4898,7436.56,62807.83,17,12154.21,3.16,6,1,-35391.01,1.3
40094.69,1224.38,2130.57,0.2218,0.2805,23140.32,1,13752.93,28500.0,0.4861,3048.32,27185.71,3,20612.75,1.73,28,1,4864.55,3.0
34348.04,5494.87,7644.06,0.3667,0.1262,30495.11,6,50594.57,40000.0,0.5574,11067.03,64475.77,3,28688.66,9.42,10,1,-6036.05,1.7
255499.57,6957.95,4567.79,0.1876,0.0517,21483.43,3,71565.87,0.0,0.4247,11547.78,0.0,10,139400.81,6.54,10,0,273058.5,30.0
57812.94,3161.07,2264.16,0.5102,0.2774,20338.59,1,8178.21,14000.0,0.451,1840.29,0.0,24,43498.58,1.55,11,0,39958.1,30.0
170760.9,7442.26,7244.89,0.3221,0.2513,27698.32,4,36733.59,40000.0,0.4456,6403.24,0.0,10,112090.25,9.11,22,0,124411.24,30.0
117667.34,5650.67,6482.08,0.4041,0.134,32791.52,7,53422.44,0.0,0.4786,10032.02,24942.28,17,106362.6,9.26,29,0,73080.64,30.0
7441.99,2176.42,2391.37,0.316,0.3894,25460.58,2,18721.29,0.0,0.4879,6461.87,6448.55,3,4280.19,3.02,8,1,-12412.94,1.0
244092.63,6862.05,3400.98,0.0848,0.0667,22317.17,4,58635.33,0.0,0.3633,4471.77,0.0,5,162156.47,7.86,14,0,255634.76,30.0
57962.53,3364.9,7812.61,0.4318,0.1158,47182.07,6,32639.12,20000.0,0.4722,14499.43,133431.29,8,41516.25,6.83,12,1,-27409.82,3.3
134723.65,5545.14,5577.34,0.217,0.1619,52194.41,6,45691.47,40000.0,0.5952,5690.29,966.08,3,77391.83,7.04,13,0,76881.95,30.0
97859.84,9421.21,6850.97,0.1226,0.1454,18591.32,5,41098.29,0.0,0.4627,4946.18,0.0,9,52031.88,6.1,13,0,102173.6,30.0
112249.8,3236.68,5200.74,0.2451,0.2072,48927.1,5,29118.79,20000.0,0.5814,11441.82,58921.59,1,78270.01,4.21,4,0,62612.29,30.0
169236.8,6545.78,6429.28,0.1848,0.1583,52376.42,6,26197.79,8000.0,0.6891,6833.07,0.0,4,99097.74,5.79,2,0,118499.29,30.0
11527.75,2404.42,3162.06,0.4138,0.1949,12794.28,2,20046.34,0.0,0.3912,7762.01,22729.38,12,8580.38,4.0,18,1,-7858.46,1.2
87051.63,3667.75,7228.19,0.212,0.2391,29246.49,3,15561.52,8000.0,0.4134,4092.65,106813.26,9,62757.2,5.22,9,1,22123.98,8.2
64405.18,2315.05,1477.43,0.4065,0.2593,17921.72,1,24121.19,14000.0,0.2084,8433.22,0.0,12,48269.35,1.5,27,0,53005.88,30.0
65498.31,3473.87,5182.04,0.3718,0.2832,45955.82,7,34724.4,0.0,0.5102,10713.88,51245.3,16,40308.72,8.01,4,1,-4613.02,9.1
45982.99,3124.53,2061.27,0.5015,0.3834,19519.26,2,2889.26,28500.0,0.4615,3234.96,0.0,18,28234.03,3.4,11,0,21274.12,30.0
98383.41,2982.42,3384.79,0.1772,0.1706,60105.87,4,41878.79,0.0,0.3522,8927.85,12071.19,9,73263.87,4.5,26,0,45678.9,30.0
55473.05,6561.93,5767.15,0.3222,0.1295,26148.87,7,19442.45,20000.0,0.4636,7921.08,0.0,7,41797.23,9.64,20,1,23187.78,10.8
134974.3,7305.2,6361.22,0.3409,0.2699,16502.92,3,52781.26,20000.0,0.5845,11795.19,0.0,6,90487.26,6.73,15,0,126732.89,30.0
84977.58,3870.47,3739.74,0.3687,0.1361,44454.73,4,16105.34,8000.0,0.3744,8123.45,0.0,10,72096.68,9.83,19,0,35641.49,30.0
179404.14,7504.58,6161.75,0.1771,0.1126,39209.59,3,54614.67,0.0,0.4247,5729.32,0.0,9,106891.98,3.01,28,0,161229.13,30.0
178767.95,2804.01,4245.19,0.2065,0.2434,20882.31,4,12850.39,8000.0,0.4734,8487.13,43235.37,16,152976.88,4.16,25,0,127662.91,30.0
87223.69,3261.58,5976.43,0.3044,0.1936,33872.36,7,37236.8,20000.0,0.6092,12990.05,81445.59,17,58599.28,8.51,23,1,1203.06,12.4
37238.62,3046.45,2712.04,0.5401,0.1841,25772.51,3,15406.38,28500.0,0.3989,7485.94,0.0,12,20176.86,3.69,15,1,573.08,12.4
108892.63,3988.48,4019.42,0.212,0.1801,39575.59,7,18946.98,8000.0,0.6091,6054.2,928.31,2,70869.38,7.57,14,0,70999.52,30.0
139911.03,3730.96,4355.89,0.3395,0.1765,52581.03,6,38868.43,0.0,0.5187,13033.62,18747.77,11,74035.94,5.06,7,0,87944.16,30.0
234236.4,7292.03,2941.26,0.1234,0.0682,20148.93,2,28247.36,0.0,0.4902,9150.32,0.0,27,168427.85,6.97,30,0,302958.55,30.0
95011.23,5131.09,8431.22,0.2395,0.2231,43052.44,6,49127.77,40000.0,0.4338,8599.28,99003.85,5,79708.2,8.89,30,0,30601.62,30.0
10391.48,2858.85,1531.28,0.2593,0.349,21506.15,4,19874.52,0.0,0.2004,3618.03,0.0,23,7736.98,3.03,30,1,13341.14,1.0
51756.49,2868.7,6511.33,0.1851,0.2541,28481.81,3,24557.21,40000.0,0.6531,14336.84,109279.06,8,33993.16,8.4,20,1,-20527.82,3.3
49959.7,1555.67,1940.95,0.2061,0.33,10904.07,3,15716.66,0.0,0.4163,6707.89,11558.42,13,37747.76,2.82,9,0,36572.64,30.0
126274.21,3650.6,6065.76,0.2851,0.1922,26390.51,7,37996.92,8000.0,0.5143,13577.66,72454.76,11,115305.33,8.46,1,0,76703.83,30.0
273585.96,11946.44,6080.78,0.1061,0.0704,34739.01,4,81138.74,0.0,0.3311,2071.3,0.0,21,255682.5,3.59,29,0,344076.49,30.0
48275.25,2710.24,1886.2,0.3753,0.2376,9367.29,2,7408.58,0.0,0.4702,6168.62,0.0,18,43224.68,3.25,2,0,46769.86,30.0
176286.22,9289.69,3385.91,0.1977,0.1204,25261.59,5,70382.95,0.0,0.4383,2657.77,0.0,13,96903.74,3.72,25,0,232320.85,30.0
66573.58,4440.76,4061.78,0.219,0.1153,32572.74,7,14458.53,40000.0,0.672,9364.93,0.0,4,55178.23,5.77,19,1,17767.68,4.4
47429.62,1340.66,3065.47,0.3914,0.2197,16076.55,4,19253.83,5000.0,0.5019,8895.54,51744.35,9,38103.8,4.3,24,0,18584.94,30.0
77798.21,6469.88,6836.84,0.2853,0.1839,42040.6,6,45413.73,40000.0,0.3754,3078.01,11008.7,8,45765.84,7.17,21,1,21160.56,9.4
13358.55,1469.67,2965.31,0.3322,0.3903,22907.28,2,9189.1,28500.0,0.314,8876.43,44869.34,11,6810.63,3.07,3,1,-38912.05,1.4
51813.43,5578.43,7928.82,0.36,0.1297,36430.13,6,47973.81,40000.0,0.6537,6618.53,70511.85,1,26092.17,6.32,18,1,10989.1,1.1
120706.47,5053.4,8152.19,0.2222,0.1548,40277.09,4,30598.2,40000.0,0.6723,3920.87,92963.81,12,109363.28,9.12,14,1,22660.69,14.1
41611.69,2013.87,2370.91,0.2212,0.1847,14429.53,2,17986.65,14000.0,0.3377,6747.65,10711.3,3,34503.13,3.16,17,0,25398.14,30.0
323907.4,10420.32,6417.8,0.1082,0.1134,12427.87,5,91407.62,0.0,0.4108,6068.21,0.0,4,249672.07,4.81,16,0,355808.59,30.0
34435.03,2440.83,1554.24,0.2724,0.2338,14048.51,3,23189.59,14000.0,0.329,6570.78,0.0,14,19603.26,3.81,21,0,27827.96,30.0
174028.26,5812.48,6470.51,0.316,0.1177,59940.55,6,44703.02,20000.0,0.6053,10224.59,19740.91,9,132535.96,9.38,9,0,105543.44,30.0
77763.09,4926.66,2869.37,0.1677,0.1001,31449.15,2,39899.31,6000.0,0.3422,3056.17,0.0,8,51563.52,3.82,7,0,67459.38,30.0
70683.23,6535.7,4415.39,0.1977,0.2565,56919.95,7,47888.33,20000.0,0.5978,5191.67,0.0,6,40001.51,7.95,17,0,27521.56,30.0
98250.24,7435.44,6273.44,0.3398,0.1736,50758.6,4,47031.6,8000.0,0.6071,8938.63,0.0,3,76045.57,7.38,10,0,61637.84,30.0
139893.69,11491.97,7600.63,0.1041,0.0764,28290.82,4,32675.1,0.0,0.4251,11517.33,0.0,8,110211.16,5.48,9,0,136616.49,30.0
15443.85,2177.03,3209.84,0.2976,0.2807,8304.56,2,3805.33,14000.0,0.3207,2286.03,30984.31,2,14635.86,1.54,30,1,-2114.29,1.0
155268.92,3704.84,6959.83,0.1684,0.2838,60373.55,5,16356.75,0.0,0.3784,13970.78,97649.88,1,138995.65,4.76,20,0,97128.28,30.0
50722.19,2561.4,2594.45,0.4837,0.3121,20696.36,1,6940.72,5000.0,0.507,4357.97,991.69,4,36171.05,2.34,26,0,27814.68,30.0
337367.25,11625.81,6344.18,0.1412,0.0683,36992.62,3,24726.15,0.0,0.2808,2597.67,0.0,9,289619.09,7.99,6,0,336365.22,30.0
161208.98,6488.74,3794.2,0.2643,0.2549,58999.28,7,54508.84,20000.0,0.4961,14668.39,0.0,15,114723.68,9.19,30,0,134264.63,30.0
316585.05,6458.46,3023.03,0.0964,0.1293,37786.79,2,30818.85,0.0,0.359,3319.15,0.0,9,226699.6,3.88,12,0,310197.33,30.0
57056.97,5054.18,6687.89,0.2798,0.2359,35545.1,6,17076.77,20000.0,0.5079,7003.19,49011.18,6,52808.8,6.13,28,1,2852.23,4.7
37546.5,3184.48,3283.52,0.3065,0.2253,19076.09,3,2264.33,14000.0,0.3693,4534.49,2971.1,10,32802.37,3.42,13,1,5108.81,11.8
207870.64,11636.47,3548.84,0.1899,0.0759,13923.48,3,61684.72,6000.0,0.2757,6391.04,0.0,24,158219.7,7.17,25,0,354023.24,30.0
82563.39,7474.07,6188.01,0.3973,0.245,28880.97,3,29954.79,0.0,0.6485,5085.61,0.0,14,75077.05,9.83,8,0,61909.95,30.0
31894.33,2421.56,2100.84,0.4703,0.3929,16300.15,2,12548.46,0.0,0.5302,3494.87,0.0,18,19782.81,1.98,10,0,17624.43,30.0
48463.18,5016.49,6524.89,0.4046,0.146,36533.68,6,45425.27,20000.0,0.6361,5818.88,45251.75,3,45006.23,5.31,17,1,12480.47,1.0
98443.29,2934.47,8075.35,0.2792,0.1407,42286.57,7,53421.71,8000.0,0.5445,5626.87,154226.37,14,60412.56,9.15,24,1,-7253.72,7.9
55536.93,2692.84,3582.73,0.4147,0.2658,8655.33,2,4072.62,0.0,0.2315,8974.21,26696.86,15,35075.33,4.33,26,0,26915.26,30.0
52532.95,1324.09,1579.59,0.3045,0.2785,15962.25,1,8425.2,5000.0,0.3422,1836.12,7664.97,11,37060.51,3.24,10,0,31996.57,30.0
328031.46,5393.03,3397.27,0.12,0.1415,19335.06,2,59836.44,0.0,0.4439,5241.21,0.0,27,300386.78,3.74,2,0,357694.02,30.0
43001.08,2987.78,2693.57,0.4152,0.3291,26416.64,1,22923.32,0.0,0.5087,2161.35,0.0,23,23805.33,3.24,26,0,18708.82,30.0
7137.37,1751.19,2925.76,0.3491,0.2792,26642.0,3,19821.68,5000.0,0.5211,2360.17,35236.99,18,4103.67,2.6,17,1,-41377.75,1.0
281379.51,8378.67,5646.76,0.0956,0.1341,30721.14,4,27846.49,0.0,0.4467,8564.7,0.0,8,153100.55,4.86,5,0,270030.39,30.0
319033.71,9875.32,6930.65,0.1989,0.0635,10165.61,5,62752.83,0.0,0.4913,8011.98,0.0,19,292210.06,6.78,23,0,352254.42,30.0
21279.38,1636.43,1509.19,0.3721,0.2672,14886.45,4,9015.43,5000.0,0.2272,3463.88,0.0,22,17336.92,3.42,22,1,2807.74,11.0
45928.41,2703.04,1798.45,0.2157,0.1702,21986.65,4,5913.41,5000.0,0.43,2516.33,0.0,7,23644.4,2.46,1,0,25509.56,30.0
57255.24,1236.65,2599.56,0.4547,0.3055,19023.36,3,16850.89,28500.0,0.4662,6942.69,40887.16,13,47093.93,1.51,19,1,9640.89,15.3
60844.36,2357.02,1793.72,0.4323,0.3977,10833.26,4,14093.14,0.0,0.4882,7093.06,0.0,6,32121.14,2.39,11,0,55501.39,30.0
173565.98,6047.58,7900.75,0.2859,0.2543,48313.15,6,40923.83,0.0,0.6451,11530.51,55595.14,8,161007.8,7.56,20,0,117047.97,30.0
135160.08,6264.02,6709.91,0.3141,0.2763,48699.06,4,14511.73,40000.0,0.5071,3733.24,13376.71,4,76565.17,8.83,23,0,65663.13,30.0
49689.33,5936.77,7912.16,0.2777,0.1827,24655.51,3,51273.52,40000.0,0.505,3987.26,59261.56,8,42598.56,8.51,14,1,425.45,5.5
265550.39,7625.65,6439.98,0.1881,0.0629,9808.47,3,48091.32,0.0,0.3163,11192.96,0.0,20,241730.13,5.34,9,0,267921.68,30.0
196167.2,7408.37,3818.79,0.1247,0.0611,35043.16,5,61027.94,6000.0,0.4928,7739.17,0.0,7,182019.32,5.17,21,0,197347.9,30.0
7503.49,1959.25,2770.07,0.2391,0.2283,24603.0,1,3069.93,0.0,0.3462,2695.95,24324.65,3,5183.11,2.88,27,1,-19782.28,1.1
314135.92,11794.71,6697.86,0.153,0.0865,27549.39,3,74275.95,6000.0,0.2954,8866.6,0.0,8,215069.24,6.94,3,0,335369.76,30.0
85034.35,6319.23,7833.64,0.4149,0.1455,56711.44,6,10489.42,0.0,0.6636,7098.61,45432.21,13,55028.39,7.24,24,1,-3012.95,10.8
164569.57,4833.05,4082.09,0.2457,0.1864,50045.47,4,39530.31,0.0,0.5999,3157.47,0.0,6,140288.33,8.45,7,0,128796.22,30.0
229340.49,6020.77,4110.47,0.1632,0.1425,21749.02,3,40728.45,6000.0,0.2947,2823.46,0.0,13,148720.09,6.66,27,0,230805.87,30.0
100122.04,4784.87,3646.67,0.1143,0.0613,22049.38,5,47599.97,0.0,0.2664,9556.08,0.0,8,60888.74,3.82,1,0,99209.62,30.0
282187.73,9530.16,4970.22,0.1869,0.1123,14160.54,2,47232.75,0.0,0.4975,10193.7,0.0,12,168338.92,5.75,21,0,319564.54,30.0
130243.41,6557.92,4406.08,0.2001,0.1039,50087.74,7,35255.09,40000.0,0.4298,3286.86,0.0,17,88557.69,8.99,21,0,88801.87,30.0
13821.8,1899.2,1893.63,0.4785,0.3958,21485.17,3,5826.34,28500.0,0.2089,6675.15,0.0,5,10597.25,2.56,27,1,-21873.27,1.0
22430.19,2519.41,1616.73,0.3962,0.18,21625.65,4,12658.28,0.0,0.2741,2791.41,0.0,12,14308.36,4.09,26,1,10649.03,7.9
75240.53,3177.05,8179.0,0.3146,0.2576,47136.68,4,27476.01,0.0,0.5804,9171.05,150058.32,15,60814.69,8.64,3,1,-45048.55,5.7
7574.74,2638.95,3495.69,0.2924,0.1719,14292.15,3,24408.26,5000.0,0.3664,7925.24,25702.06,4,5673.7,1.89,17,1,-4817.68,1.0
165559.88,3184.57,6743.62,0.1542,0.226,23536.6,6,19409.29,20000.0,0.543,12742.4,106771.52,6,148961.65,7.93,10,0,114262.78,30.0
140865.43,4202.64,5575.09,0.2474,0.1219,17783.31,3,23168.6,0.0,0.4959,12171.45,41173.48,12,86667.2,5.42,5,0,105530.22,30.0
163126.39,3884.05,3651.77,0.2441,0.2316,34420.39,3,44100.23,20000.0,0.479,9590.12,0.0,11,121497.44,5.22,2,0,130112.39,30.0
100227.58,6607.6,7268.31,0.3015,0.2709,48649.12,6,20579.46,8000.0,0.6129,12342.98,19821.5,1,91903.23,4.36,7,0,53896.84,30.0
35233.83,1511.49,1681.77,0.2043,0.3076,5912.3,4,23658.98,0.0,0.3257,2288.91,5108.37,6,30933.05,3.65,14,0,35714.31,30.0
136525.74,5789.21,8214.84,0.2121,0.2978,47441.29,5,32298.93,8000.0,0.6408,10067.67,72768.95,12,103006.7,9.77,10,0,54708.21,30.0
76799.79,7131.18,6043.86,0.3589,0.1167,49384.03,6,8449.4,8000.0,0.3641,6110.74,0.0,2,40594.09,7.92,16,0,26480.02,30.0
227904.92,9368.21,4189.83,0.1246,0.0582,38398.75,4,53308.65,0.0,0.4642,7924.39,0.0,7,116899.92,7.55,30,0,233770.95,30.0
267874.37,9120.66,7366.72,0.1097,0.1404,19998.33,5,45269.65,6000.0,0.4774,6342.6,0.0,12,198972.2,6.75,23,0,261923.07,30.0
45047.17,4507.66,3649.2,0.2894,0.2686,63820.78,3,51030.26,40000.0,0.4446,12178.34,0.0,12,32769.09,4.86,3,1,-18611.36,4.3
6681.13,2399.66,3152.85,0.463,0.1699,15781.27,1,17960.6,14000.0,0.5326,6772.98,22595.77,11,6241.43,3.92,28,1,-22834.7,1.0
341504.73,6638.97,3250.15,0.1711,0.143,36971.23,5,93010.17,0.0,0.4002,8345.19,0.0,18,242767.93,4.31,30,0,379581.89,30.0
254536.76,10455.44,2651.89,0.1773,0.08,36232.62,5,58126.03,0.0,0.2817,3133.34,0.0,21,229121.8,4.02,10,0,361399.3,30.0
102433.7,5474.66,3216.78,0.1617,0.0873,14871.0,2,61116.19,0.0,0.4333,6054.71,0.0,20,70151.91,3.79,25,0,134522.41,30.0
323828.58,10664.38,4564.14,0.1661,0.0895,35134.01,2,54555.67,6000.0,0.3081,5429.03,0.0,25,293422.4,7.22,12,0,407598.83,30.0
16458.13,2237.99,2879.53,0.2155,0.2053,9485.91,4,5688.26,5000.0,0.3595,3982.53,19246.02,23,10564.42,2.38,14,1,-18385.15,1.5
136101.74,4077.86,8173.59,0.3497,0.1094,57603.49,5,12179.96,8000.0,0.3975,5289.38,122871.98,3,102144.42,6.17,1,0,64776.32,30.0
141078.16,6395.21,5884.82,0.3944,0.2672,40352.18,4,48746.34,8000.0,0.4762,7804.13,0.0,17,72505.91,4.82,13,0,103069.18,30.0
35123.46,2374.63,2786.96,0.4507,0.3141,24068.58,4,13044.37,14000.0,0.497,3716.03,12369.65,23,29386.19,2.64,12,1,-11299.16,13.6
26952.3,2787.33,3023.43,0.5239,0.1647,8318.96,1,15432.99,14000.0,0.204,6743.54,7083.08,24,21150.06,2.66,16,1,-1381.7,20.7
218592.68,11421.96,3642.52,0.1525,0.0904,11002.47,5,48283.78,6000.0,0.4436,8059.09,0.0,26,170679.96,4.53,4,0,366527.21,30.0
275151.99,5329.51,3666.72,0.1971,0.1226,22058.12,4,61311.22,0.0,0.4788,5038.61,0.0,22,239995.94,6.74,29,0,289622.73,30.0
308168.15,10525.68,5184.46,0.1258,0.1331,15161.04,4,83447.61,6000.0,0.3726,4463.71,0.0,4,255560.83,4.3,29,0,336226.65,30.0
33909.99,4701.58,4021.28,0.3126,0.2686,21136.97,3,23415.13,8000.0,0.5337,3431.8,0.0,16,28809.52,9.99,3,1,13473.13,14.4
50765.41,1441.05,3078.08,0.3539,0.3639,19215.17,3,24240.74,5000.0,0.4586,4323.9,49110.98,16,26614.13,1.83,20,1,7432.8,13.1
78055.83,4500.07,3909.33,0.1823,0.1267,16299.71,4,75920.67,0.0,0.3351,2020.11,0.0,5,68965.37,7.23,22,0,90226.2,30.0
80393.33,6416.85,4605.49,0.4175,0.1143,63369.3,4,11641.47,20000.0,0.6424,4098.67,0.0,5,40791.27,5.21,23,1,14420.41,5.0
293678.13,11863.35,6936.0,0.0812,0.0788,15833.51,2,88397.01,0.0,0.2577,2941.08,0.0,10,242748.89,6.08,20,0,338888.57,30.0
43456.89,2754.58,2432.08,0.4642,0.3817,25696.5,1,12329.25,0.0,0.4604,3820.25,0.0,4,24101.4,2.01,17,0,21727.6,30.0
62136.44,2425.08,1628.39,0.5001,0.2807,20172.32,1,7563.0,0.0,0.4702,2450.67,0.0,14,55790.87,2.45,3,0,49571.46,30.0
47040.34,2887.28,2708.63,0.4746,0.3373,24086.96,1,21915.38,14000.0,0.4001,3841.37,0.0,9,26899.51,3.97,7,0,21630.1,30.0
6730.9,1447.46,2380.6,0.4864,0.3434,18680.98,4,14487.02,0.0,0.2824,2637.68,27994.22,18,5461.25,2.91,18,1,-28158.37,1.2
189638.88,7667.35,3893.42,0.1782,0.1486,9214.76,2,91977.41,0.0,0.3141,2561.32,0.0,15,136843.23,7.49,30,0,250737.74,30.0
18447.93,1412.29,3498.59,0.2975,0.261,15576.45,1,21062.91,0.0,0.5145,6579.91,62589.12,10,11821.6,3.43,4,1,-12537.75,1.5
45147.24,1717.35,2999.78,0.2056,0.1879,25289.27,2,10248.35,0.0,0.2858,7297.02,38472.95,14,33952.86,4.11,19,1,1577.41,10.2
66458.62,5599.73,7406.92,0.16,0.2435,28737.25,7,26961.24,8000.0,0.4382,14374.22,54215.5,12,42215.55,4.9,16,1,9011.39,10.8
15730.0,2303.55,2286.06,0.2665,0.3432,7414.78,1,17324.01,0.0,0.3711,3824.8,0.0,17,10756.73,2.16,7,1,8280.84,1.0
270649.76,7126.21,6538.7,0.1929,0.0593,24437.59,2,42547.02,6000.0,0.3265,6633.26,0.0,20,205699.14,6.35,2,0,243929.47,30.0
33618.07,1912.45,2480.28,0.5227,0.2701,9911.95,3,13807.97,28500.0,0.2049,4791.28,17034.93,16,25336.8,2.79,30,1,-260.0,16.7
53777.18,2189.86,3588.32,0.36,0.167,9467.45,3,19008.12,0.0,0.4389,1849.81,41953.61,12,40328.93,1.59,9,0,29878.68,30.0
22786.79,2742.51,3378.9,0.4669,0.3617,7188.77,2,2006.59,14000.0,0.5181,8344.72,19091.56,23,11976.23,4.27,9,1,-17922.33,8.5
175627.11,3409.36,7948.79,0.3574,0.1518,34441.83,4,24132.74,40000.0,0.6656,8151.54,136183.13,15,102935.95,4.85,21,0,53175.05,30.0
55544.34,2903.48,4323.0,0.3109,0.1963,28541.96,5,51055.53,40000.0,0.5255,5972.24,42585.69,8,34794.45,5.66,18,1,10559.1,6.3
19818.13,2018.01,2852.07,0.2777,0.3914,5347.47,4,23221.58,28500.0,0.2436,5101.55,25021.57,16,11937.57,3.58,6,1,-10563.98,3.4
178236.2,6034.9,2857.45,0.0895,0.126,18457.05,2,30716.6,0.0,0.3612,9261.81,0.0,10,119438.55,3.87,17,0,191597.34,30.0
11256.67,2992.87,2688.03,0.5271,0.2365,16870.6,4,17249.66,5000.0,0.437,3035.19,0.0,5,7319.36,2.85,4,1,-3263.48,1.0
114871.3,7149.17,3334.84,0.3625,0.1661,64075.18,7,27183.74,8000.0,0.4131,9124.75,0.0,12,65114.26,9.71,30,0,85618.1,30.0
63214.1,3087.0,2464.03,0.5483,0.3184,6387.95,3,21393.22,28500.0,0.2241,2382.89,0.0,23,59190.39,2.84,6,0,51346.49,30.0
44485.93,1928.34,2945.49,0.4389,0.1732,26555.36,3,12078.81,14000.0,0.5182,5152.31,30514.54,13,25548.85,4.06,19,1,-1617.28,9.6
60176.81,2258.48,2951.17,0.4962,0.2089,8172.87,1,9078.34,28500.0,0.2593,2013.8,20780.78,11,48179.21,2.29,4,0,28895.16,30.0
162246.96,7557.35,6741.31,0.1319,0.1426,19332.18,3,37338.12,0.0,0.3758,5477.35,0.0,17,136099.97,6.12,27,0,146508.22,30.0
77608.44,6293.91,7153.24,0.3001,0.109,48914.49,4,50155.93,40000.0,0.377,12464.99,25779.86,5,55012.73,6.67,11,1,18031.3,5.5
185495.02,11561.56,5342.23,0.1427,0.11,39065.54,5,68201.94,0.0,0.3171,5833.61,0.0,15,174689.85,5.8,18,0,231937.19,30.0
170774.27,5381.92,6408.96,0.3636,0.1642,56791.66,5,36836.89,0.0,0.5946,9321.5,30811.23,16,137228.64,4.77,18,0,95124.87,30.0
23245.09,1459.27,1947.07,0.4875,0.3097,25745.73,4,8000.52,28500.0,0.5324,1865.59,14633.86,15,17085.36,3.65,5,1,-25525.56,3.8
154343.85,4077.37,7987.6,0.4496,0.2839,24507.69,7,32632.23,20000.0,0.6223,12748.43,117307.01,8,134911.94,9.91,10,0,95016.11,30.0
114586.08,4556.72,3930.75,0.4376,0.1924,58268.54,7,45460.21,40000.0,0.5482,12012.88,0.0,15,84442.32,8.57,5,0,50250.77,30.0
48277.54,6065.95,5582.52,0.3935,0.2067,22938.81,3,9874.06,0.0,0.4676,6983.9,0.0,11,40671.14,8.52,16,1,20999.23,14.3
62253.01,2396.24,3059.58,0.4498,0.3684,16083.49,3,10807.79,28500.0,0.5323,1743.35,19900.34,16,53344.69,4.24,11,0,17401.57,30.0
43913.82,1251.85,3266.1,0.5329,0.3155,19091.21,1,18536.38,0.0,0.3794,6942.98,60427.57,10,24859.33,1.92,29,1,9970.48,7.2
14052.68,1450.23,2286.77,0.5489,0.1933,13473.14,4,19289.24,14000.0,0.2509,8362.92,25096.02,5,10153.43,2.2,3,1,-4555.3,1.0
168205.11,5432.02,3439.09,0.2724,0.1833,32182.93,6,37847.4,20000.0,0.6879,10190.37,0.0,15,139518.39,9.42,30,0,154956.11,30.0
112317.52,8232.96,5693.12,0.1195,0.1339,16986.05,4,75159.29,6000.0,0.4406,9208.83,0.0,10,64275.28,7.15,20,0,131508.75,30.0
236727.54,10687.0,5499.4,0.1064,0.0838,34417.3,3,93534.62,0.0,0.3454,11729.35,0.0,13,221035.82,7.25,6,0,279240.75,30.0
61717.77,1227.53,2601.19,0.2265,0.2216,21934.04,4,13587.86,28500.0,0.2308,7946.46,41209.73,8,46864.71,2.64,26,0,17985.59,30.0
156893.9,5829.27,7446.96,0.3859,0.1382,29287.62,6,54870.05,20000.0,0.5776,5395.78,48530.61,10,83885.21,9.5,15,0,112197.55,30.0
276354.29,11226.59,4275.73,0.0906,0.0558,11802.8,3,48492.89,0.0,0.463,9304.36,0.0,27,234397.98,3.07,12,0,410846.94,30.0
7343.28,2685.14,2128.01,0.4528,0.3269,22277.41,1,18884.65,14000.0,0.3872,7330.3,0.0,14,6811.22,3.75,12,1,-14514.24,1.6
56689.54,3005.68,3361.46,0.4831,0.3548,22688.41,4,11226.8,28500.0,0.4005,1711.73,10673.43,3,34539.42,3.0,13,0,20777.56,30.0
57572.46,2251.64,3306.92,0.2919,0.1931,17297.34,3,22628.22,28500.0,0.2063,2203.98,31658.47,3,46438.78,4.31,21,0,29466.6,30.0
220827.59,11073.06,3186.68,0.1393,0.0957,22914.11,3,90374.73,0.0,0.252,6432.57,0.0,6,124124.52,7.75,15,0,267792.0,30.0
117777.09,6148.1,4421.62,0.1912,0.1004,21783.74,5,80200.34,0.0,0.4117,5872.23,0.0,10,77809.14,3.96,27,0,132507.04,30.0
258466.54,4806.55,4429.07,0.1619,0.1074,10930.95,4,45224.5,0.0,0.4945,10661.15,0.0,19,187743.01,6.58,23,0,254713.95,30.0
148849.05,7110.96,5920.73,0.196,0.0872,10389.74,2,74645.04,0.0,0.2581,6458.88,0.0,11,94427.28,4.46,27,0,166072.4,30.0
130836.18,7490.7,3935.31,0.2074,0.1311,55188.7,5,50897.94,40000.0,0.5562,4623.61,0.0,16,85624.06,6.42,24,0,108439.72,30.0
179886.91,5866.91,5173.78,0.2495,0.2863,59466.88,7,22781.62,8000.0,0.655,8668.3,0.0,7,170835.86,7.29,1,0,122212.71,30.0
132173.11,6007.31,7679.83,0.1529,0.144,49603.37,6,42683.56,40000.0,0.5829,13741.75,50175.77,15,83422.4,7.71,13,0,36571.47,30.0
130006.31,7080.31,7310.19,0.086,0.1012,21670.26,4,89459.96,6000.0,0.3704,9512.3,6896.44,13,76296.32,5.81,19,0,120035.19,30.0
124770.52,9078.57,4810.7,0.1863,0.1255,35361.94,2,89868.32,0.0,0.3992,2107.39,0.0,11,66275.82,5.2,6,0,152007.97,30.0
12119.35,1493.71,1808.67,0.3149,0.373,27304.7,2,6697.54,14000.0,0.3289,6932.72,9448.67,6,9787.14,4.04,20,1,-22701.92,1.0
11236.27,1301.08,3288.59,0.2174,0.1722,21913.46,2,22781.22,28500.0,0.2836,8157.44,59625.39,17,10152.44,3.76,8,1,-53669.1,1.7
55105.66,2345.5,1742.14,0.2722,0.2671,21107.03,4,7766.84,0.0,0.4729,8544.71,0.0,17,39361.98,4.19,29,0,40335.61,30.0
11200.43,1738.51,2652.77,0.5314,0.2248,11643.04,2,7134.28,14000.0,0.3069,5108.85,27427.8,11,9635.79,3.83,24,1,-18425.72,1.0
97570.56,3700.94,8085.25,0.3196,0.2458,40386.55,5,24996.54,8000.0,0.5726,14976.58,131529.24,11,87018.49,4.8,1,1,6352.42,8.5
57621.85,1943.53,2659.75,0.5151,0.252,11834.43,3,11033.46,0.0,0.4824,4727.14,21486.65,16,38337.32,2.23,12,0,32164.26,30.0
171883.17,7299.97,6785.5,0.1387,0.1385,13455.92,3,43429.8,0.0,0.3975,4406.45,0.0,17,96463.82,6.37,22,0,160303.28,30.0
24878.51,1206.59,1502.89,0.3089,0.2056,19178.56,1,13134.7,0.0,0.2409,2656.21,8889.0,18,17031.64,1.59,28,1,1120.61,7.8
8950.26,1285.49,2300.12,0.4514,0.2009,11121.4,3,17751.97,5000.0,0.4263,6653.16,30438.92,19,6968.84,2.42,7,1,-21755.43,1.2
32856.01,1352.44,2616.96,0.315,0.1804,22242.38,4,2558.73,0.0,0.3632,1525.38,37935.67,5,26573.31,2.12,18,1,3600.05,2.3
162093.58,11733.28,3448.78,0.109,0.0964,23917.16,2,63144.72,6000.0,0.4494,9315.75,0.0,25,116540.0,5.5,23,0,308286.35,30.0
28913.8,1364.05,2558.88,0.4939,0.1797,27332.82,4,24619.63,0.0,0.2395,2101.63,35844.93,2,21992.02,2.49,14,1,8718.44,1.0
36292.49,2497.6,2093.39,0.4502,0.3938,15015.58,2,13317.9,0.0,0.5139,3686.89,0.0,23,33024.7,3.79,7,0,24521.25,30.0
30565.12,2854.69,1766.94,0.4976,0.2104,19321.82,3,12424.33,5000.0,0.4062,6642.59,0.0,18,22947.11,3.16,20,0,23318.03,30.0
146299.98,3587.39,4027.84,0.3074,0.2193,25148.47,7,24099.48,40000.0,0.5713,11948.09,13213.44,5,105159.54,4.4,1,0,105113.64,30.0
67147.51,6425.49,6522.55,0.1554,0.2217,59858.11,7,33430.33,20000.0,0.522,5352.35,2911.81,5,41146.34,4.76,22,1,4292.28,2.8
33364.92,2988.5,2896.91,0.3358,0.3151,20606.19,4,21647.17,14000.0,0.5278,2908.54,0.0,7,21467.55,3.9,11,1,10890.72,5.8
14574.63,2977.1,3579.59,0.399,0.3437,18552.36,1,3632.75,5000.0,0.5007,6757.37,18074.7,18,9860.62,2.57,13,1,-27288.6,1.1
72254.73,10818.95,7751.15,0.1659,0.1234,37183.49,2,74492.8,0.0,0.4834,4090.71,0.0,22,57389.26,3.57,11,0,85351.65,30.0
26338.91,2068.0,1973.38,0.2604,0.1847,21422.29,3,5715.45,0.0,0.3282,5200.81,0.0,4,19448.02,4.27,19,1,6276.12,2.7
5912.99,2580.47,1616.29,0.2404,0.3362,11247.55,1,6994.32,5000.0,0.2947,6214.73,0.0,4,3122.06,1.93,7,1,-3147.24,1.0
47393.65,2940.48,3126.5,0.3857,0.1756,11293.52,4,9778.98,28500.0,0.4484,4221.22,5580.53,14,42936.76,2.82,2,1,14589.88,30.0
140016.22,3096.8,6344.72,0.4358,0.1524,23703.37,5,13632.12,20000.0,0.6681,14402.02,97437.6,17,126757.81,8.78,27,0,45478.86,30.0
45723.88,5258.06,6234.96,0.2346,0.2983,33925.06,6,15664.1,20000.0,0.4675,5523.06,29306.91,13,33601.04,8.62,2,1,-18257.67,6.0
49203.71,7483.5,7296.08,0.4132,0.1829,19032.88,4,21198.49,8000.0,0.5257,9265.01,0.0,6,30541.83,4.52,26,0,26231.94,30.0
239232.79,5764.77,4818.31,0.1914,0.1401,36478.72,2,76248.75,0.0,0.2675,4686.13,0.0,15,216027.88,4.64,29,0,229755.62,30.0
148464.82,3912.22,8228.64,0.3224,0.2519,15319.69,7,53997.36,8000.0,0.3813,8911.97,129492.59,3,140852.89,6.66,6,0,135722.75,30.0
11326.97,2230.17,3098.79,0.4232,0.3078,5755.84,2,3604.33,28500.0,0.465,3202.66,26058.5,15,10230.16,2.53,9,1,-26757.45,1.0
61861.84,2567.71,3505.47,0.5023,0.2351,5509.2,1,7368.95,0.0,0.2394,5242.93,28132.69,10,32973.62,3.19,9,0,44544.52,30.0
232296.56,6268.21,7420.75,0.0854,0.0702,24205.16,3,84355.86,0.0,0.438,9093.78,34576.05,18,170094.0,4.3,9,0,198685.01,30.0
141612.07,7339.37,4414.79,0.1931,0.2826,18756.42,5,44332.5,8000.0,0.5841,8255.83,0.0,15,89503.77,9.7,16,0,159035.1,30.0
92359.18,5594.61,5425.92,0.1959,0.1939,16716.58,6,18277.51,0.0,0.5918,12591.41,0.0,8,71099.77,6.48,22,0,75216.08,30.0
5943.2,1779.43,2212.7,0.3975,0.386,19528.87,4,16905.86,0.0,0.5317,2025.74,12998.04,24,5283.22,3.29,25,1,-26584.27,1.0
131737.51,6956.95,7267.0,0.3226,0.2649,51572.41,5,10926.58,20000.0,0.6954,6602.18,9301.36,15,95450.07,4.47,11,0,49926.55,30.0
166157.85,3426.93,7925.4,0.2676,0.2119,62556.35,6,47097.91,8000.0,0.5349,10391.75,134954.14,9,88670.92,6.93,25,0,71497.8,30.0
160071.53,10535.22,3456.15,0.1391,0.1188,14928.71,3,57028.94,0.0,0.413,8011.29,0.0,13,84061.52,6.2,16,0,232368.53,30.0
42981.27,1719.76,1818.53,0.3606,0.3034,25356.4,4,16801.32,28500.0,0.287,3755.18,2963.05,20,32218.99,2.6,28,1,916.96,19.3
41458.78,2717.92,2345.43,0.5422,0.1643,5532.36,2,6247.98,0.0,0.4062,5877.01,0.0,9,37744.64,2.81,5,0,36884.58,30.0
16623.73,1645.84,2958.91,0.2142,0.1628,10179.52,2,20536.73,0.0,0.4129,6315.43,39392.03,8,15441.46,2.23,27,1,1711.87,1.0
51970.61,6878.23,4705.99,0.3849,0.2342,19497.19,5,19313.48,20000.0,0.5593,5305.71,0.0,2,32587.92,6.48,23,0,31548.47,30.0
39957.04,2430.03,1667.48,0.2009,0.3794,14750.84,4,6269.14,5000.0,0.2279,8234.0,0.0,13,33249.0,2.04,28,0,29197.19,30.0
148858.02,4607.31,3149.89,0.1853,0.1337,13748.58,3,78435.29,6000.0,0.3238,4851.95,0.0,10,109646.82,3.78,7,0,168638.17,30.0
53480.69,1973.92,3234.13,0.3336,0.356,10853.1,1,23808.76,28500.0,0.3167,4801.0,37806.35,7,46941.46,2.64,30,0,26343.21,30.0
88126.57,5349.19,5782.34,0.1225,0.0964,29167.22,5,94800.84,0.0,0.332,6047.25,12994.25,16,54546.41,3.71,15,0,73277.16,30.0
55595.57,1254.58,1906.4,0.5167,0.31,22245.94,4,4279.22,14000.0,0.2794,3143.59,19554.71,10,44843.01,4.0,28,0,18383.87,30.0
45059.39,3026.07,2361.39,0.3061,0.2177,20061.68,2,22641.92,5000.0,0.2083,5402.38,0.0,9,42612.92,3.65,8,0,32606.77,30.0
167524.59,6380.67,4954.19,0.3009,0.1769,49963.74,3,54290.5,20000.0,0.3977,7281.2,0.0,1,112576.3,6.5,16,0,129327.12,30.0
12344.65,2718.24,2710.21,0.4132,0.2046,15838.98,1,10022.18,28500.0,0.4279,7240.94,0.0,3,9234.09,3.94,12,1,-15186.18,1.0
57400.48,2337.14,2247.22,0.2395,0.3867,6781.94,4,15841.63,0.0,0.3856,3621.96,0.0,18,50048.9,4.12,23,0,49471.54,30.0
67846.07,7422.05,4810.6,0.2471,0.2979,40589.75,4,13936.57,20000.0,0.3969,12126.41,0.0,4,42232.13,4.67,1,0,28220.3,30.0
39267.65,5007.83,4611.72,0.4344,0.172,23943.94,4,35020.89,0.0,0.385,3497.9,0.0,7,25687.92,5.88,3,1,24472.05,4.2
155827.74,5728.43,7104.81,0.2547,0.2889,42922.46,4,24987.44,8000.0,0.5982,8061.59,41291.24,16,123967.4,6.5,22,0,78480.83,30.0
48272.41,1919.18,3139.06,0.2478,0.2405,14338.13,2,24742.48,14000.0,0.3624,4678.84,36596.39,16,36122.48,3.14,8,1,11890.76,15.1
200658.74,10986.01,3015.89,0.1584,0.0833,17489.1,5,43124.26,0.0,0.3467,7710.2,0.0,15,129523.03,3.27,13,0,287266.21,30.0
129860.68,6462.37,3815.29,0.1861,0.1274,28815.33,4,88924.35,0.0,0.2686,10326.66,0.0,27,91668.16,6.11,25,0,172917.42,30.0
57892.75,2514.15,2050.12,0.3621,0.3704,10946.07,3,15905.81,28500.0,0.5162,6444.77,0.0,17,50930.37,1.91,1,0,38577.4,30.0
156468.9,4142.37,7391.54,0.2444,0.2575,26674.66,6,13183.49,8000.0,0.5079,4403.35,97475.05,16,143514.54,8.71,21,0,66197.25,30.0
302462.75,5016.27,6845.68,0.174,0.0631,17270.27,3,91324.07,0.0,0.4155,6525.07,54882.33,13,283743.54,3.32,19,0,284819.32,30.0
162008.5,3996.51,3354.01,0.3064,0.1942,30629.01,3,36759.95,40000.0,0.4574,13486.79,0.0,11,119521.06,8.62,15,0,124070.45,30.0
111821.21,9495.72,7519.4,0.1438,0.0789,21437.88,5,27957.86,0.0,0.2819,4959.45,0.0,5,87530.65,3.35,12,0,102202.2,30.0
36716.47,1932.08,1403.13,0.4028,0.3539,26124.39,3,11334.6,0.0,0.2128,1526.19,0.0,15,25122.16,4.36,18,0,17397.17,30.0
183087.4,9626.86,3057.74,0.096,0.064,17436.9,3,63121.62,0.0,0.2614,7413.29,0.0,15,121364.85,4.46,29,0,261010.82,30.0
5781.52,2392.39,3473.24,0.4133,0.3457,27537.49,4,7168.83,0.0,0.4355,5230.77,32425.38,15,4067.17,2.71,22,1,-42677.23,1.0
56622.03,2230.75,2577.99,0.5013,0.2726,20746.68,1,11393.7,14000.0,0.4385,2142.33,10417.17,6,36352.45,4.1,17,0,28992.88,30.0
263015.44,7447.05,6359.21,0.082,0.0646,19425.13,2,87885.66,0.0,0.4574,8455.74,0.0,25,145749.22,7.54,28,0,268243.1,30.0
162615.6,5638.46,6876.49,0.2668,0.1058,32231.91,5,46316.37,0.0,0.6758,14389.53,37140.76,15,125253.99,6.67,9,0,112396.41,30.0
28473.09,3142.59,2172.5,0.5037,0.1733,7187.52,1,19604.3,28500.0,0.317,4132.15,0.0,11,23589.0,1.62,22,0,17607.17,30.0
284678.59,10395.32,5028.5,0.0823,0.0672,31498.41,4,36213.9,6000.0,0.4353,9531.73,0.0,19,251059.7,3.92,22,0,327402.53,30.0
198803.39,9178.55,4572.22,0.0893,0.0901,27078.65,4,47534.68,0.0,0.3985,4871.44,0.0,4,102949.85,4.95,5,0,201553.27,30.0
111554.45,4092.46,5972.12,0.3027,0.1632,62366.93,3,54389.41,40000.0,0.6406,9547.69,56389.82,6,58517.13,8.15,9,0,34140.71,30.0
167977.2,4150.05,4020.85,0.2552,0.2584,36776.62,7,17171.78,8000.0,0.3796,10204.06,0.0,15,127656.46,9.4,30,0,123709.06,30.0
157295.82,6820.7,5155.22,0.1418,0.0501,38644.36,3,20346.62,0.0,0.404,11973.57,0.0,10,95068.45,7.36,22,0,129067.2,30.0
210638.44,11632.99,5277.66,0.1366,0.0949,24721.43,2,44093.91,0.0,0.3337,7337.01,0.0,10,172693.88,7.34,22,0,244175.36,30.0
225804.41,9636.18,2560.49,0.1816,0.1316,31764.3,2,46448.37,0.0,0.2551,7428.25,0.0,11,117158.33,5.88,1,0,269388.59,30.0
22691.38,2931.74,2174.66,0.3565,0.2452,23895.78,3,12956.38,5000.0,0.2422,8927.68,0.0,12,11859.13,1.93,16,1,3617.88,6.2
36662.32,1217.04,1668.47,0.4055,0.2244,22355.74,2,20284.39,0.0,0.517,4546.27,13542.8,10,31091.18,3.01,12,0,15173.09,30.0
56254.67,5994.6,5797.54,0.183,0.2825,50375.92,5,33299.03,0.0,0.5856,9551.92,0.0,6,44520.95,6.97,4,1,12973.51,4.5
113797.95,2812.93,5138.21,0.1916,0.2379,48770.01,7,8726.66,40000.0,0.5177,6621.09,69758.49,10,98717.45,9.19,27,1,19601.85,12.7
150390.29,10840.22,3141.99,0.0843,0.1109,20979.08,2,44376.04,0.0,0.3354,5294.26,0.0,24,88926.92,5.92,18,0,279858.47,30.0
253236.63,9188.71,7473.08,0.1889,0.0636,16309.61,5,50848.77,0.0,0.2863,9619.49,0.0,4,240343.04,7.85,13,0,257067.64,30.0
169220.97,4377.72,7230.88,0.4353,0.2292,59030.94,7,19322.76,0.0,0.5871,4234.63,85594.69,17,101590.74,7.07,15,0,54485.0,30.0
30653.65,1450.26,3409.42,0.4588,0.2412,12234.93,4,11893.47,0.0,0.3049,6671.84,58774.75,17,28601.48,4.15,26,1,-15530.43,5.6
9231.37,1543.69,1455.9,0.3175,0.1612,16584.58,1,23769.72,28500.0,0.4423,7641.8,0.0,15,5833.53,3.14,16,1,-15286.1,1.1
87485.45,5929.47,4158.77,0.2874,0.2015,45732.33,3,23615.22,8000.0,0.3867,3406.47,0.0,8,58896.19,7.35,18,0,51842.82,30.0
31816.97,4362.0,5285.63,0.2891,0.1603,44209.73,3,41712.3,8000.0,0.5834,14336.51,27708.77,3,21055.44,9.02,16,1,-5476.05,1.6
298771.14,9493.92,6544.4,0.1126,0.1493,34749.47,2,94121.64,6000.0,0.2958,4144.94,0.0,13,219306.43,3.44,27,0,312528.5,30.0
264774.38,11585.48,4241.03,0.1201,0.1355,36838.04,4,45259.46,0.0,0.2875,11459.28,0.0,17,207069.89,5.27,24,0,331713.69,30.0
67697.85,7075.48,4758.36,0.2615,0.1204,35896.11,7,45859.76,40000.0,0.665,6433.34,0.0,9,61663.59,5.89,9,0,38265.84,30.0
54512.9,2294.84,2872.23,0.3725,0.3245,13504.2,4,5472.19,0.0,0.2119,7220.3,17321.83,6,48261.2,2.54,5,0,37561.99,30.0
129290.42,11262.38,2887.45,0.1882,0.0664,28516.9,5,77268.04,6000.0,0.3343,8052.35,0.0,27,92540.76,3.36,17,0,293640.82,30.0
75691.77,6465.63,8107.45,0.365,0.2946,59890.02,6,35664.56,20000.0,0.3677,3446.67,49254.58,6,48371.74,4.77,5,1,2285.01,4.6
21110.48,1582.1,2518.23,0.2713,0.3408,5022.19,2,24997.72,14000.0,0.2845,6802.26,28083.76,16,14226.47,2.52,24,1,-939.94,4.7
38472.58,2132.89,2666.69,0.3928,0.39,11042.51,3,12819.51,28500.0,0.3933,7846.74,16013.9,18,29598.14,3.62,10,1,1760.86,21.0
23949.89,2423.24,1692.3,0.2886,0.1605,19511.34,2,17064.46,0.0,0.2254,3325.37,0.0,10,21815.93,2.21,6,1,13462.19,7.8
162301.02,5043.87,7967.31,0.1844,0.0966,12640.45,3,55218.55,0.0,0.4166,8712.28,87703.25,17,138301.17,6.88,23,0,104886.65,30.0
133013.89,3074.85,5418.6,0.3252,0.1132,44220.73,6,50896.54,0.0,0.3973,10963.79,70312.4,5,70915.38,5.28,26,0,94080.22,30.0
14039.27,2045.81,3165.16,0.2986,0.3064,12120.84,3,13184.23,5000.0,0.3439,3257.49,33580.31,20,8750.48,2.52,22,1,-26038.9,1.0
144543.8,7019.75,4310.83,0.1376,0.1344,8656.72,4,33897.81,0.0,0.3505,10061.48,0.0,22,84679.17,3.71,17,0,176962.74,30.0
37642.66,5139.22,4962.1,0.3392,0.1087,41756.51,5,8785.19,0.0,0.3622,8127.02,0.0,2,25987.61,9.98,22,1,-2098.6,1.0
40036.6,1966.87,1714.97,0.3721,0.231,18215.71,4,9996.56,28500.0,0.5025,7317.19,0.0,6,25452.44,4.47,16,1,10889.79,9.0
266547.06,9812.92,5353.39,0.1808,0.0754,8374.48,5,84651.06,6000.0,0.4768,8367.76,0.0,5,250070.0,4.55,24,0,301961.35,30.0
120782.59,7132.46,4059.56,0.1917,0.2127,44700.64,7,27246.3,0.0,0.3698,10967.84,0.0,6,62648.83,5.28,9,0,97448.97,30.0
97313.52,8435.07,3948.72,0.125,0.1433,39493.65,4,85375.17,0.0,0.338,5653.46,0.0,7,85927.5,5.27,28,0,111369.88,30.0
67584.26,7283.02,5589.34,0.1889,0.122,17957.8,5,49485.58,8000.0,0.5766,8252.52,0.0,7,50031.3,5.21,16,0,66811.52,30.0
293536.36,10330.2,5048.48,0.1837,0.1426,13924.69,2,86300.22,6000.0,0.3321,4246.94,0.0,13,225325.49,3.03,21,0,352723.97,30.0
53478.86,7457.7,4114.8,0.3755,0.2583,61599.25,5,26530.74,20000.0,0.4008,14197.96,0.0,3,43887.07,4.85,29,1,-1939.49,1.9
58097.79,5778.8,6329.32,0.3456,0.1052,28331.93,5,20982.25,40000.0,0.5421,10139.22,16515.39,13,51160.52,4.06,14,1,-3815.71,12.0
89251.75,3247.73,4562.01,0.437,0.1621,28782.21,5,27333.02,8000.0,0.4655,5275.07,39428.45,3,77531.06,5.73,16,0,61471.61,30.0
103670.5,5435.43,7713.25,0.1783,0.1052,33745.34,3,76582.03,6000.0,0.4687,11893.65,68334.51,24,87271.0,6.83,18,1,16829.96,22.3
26518.21,3130.46,2935.51,0.3858,0.3922,26991.84,1,7299.68,0.0,0.5161,5340.01,0.0,9,13420.95,3.49,6,1,-1584.76,3.5
23418.9,1638.57,3143.17,0.3163,0.2364,24078.33,2,2903.02,0.0,0.3586,8267.21,45138.27,24,15116.04,3.17,10,1,-43405.0,3.8
114754.1,3501.72,4132.59,0.2345,0.1414,32199.15,4,49716.67,8000.0,0.69,3223.33,18926.38,10,66086.33,7.29,6,0,84794.12,30.0
13363.84,1738.58,2316.93,0.5019,0.2209,22140.06,1,21997.51,14000.0,0.5203,4971.81,17350.48,5,10998.68,3.2,21,1,-11380.52,1.0
33513.1,1372.03,2343.68,0.2384,0.3889,19499.35,4,9059.95,14000.0,0.3831,8349.13,29149.55,14,27774.52,4.12,29,1,-6781.45,7.4
63357.17,2914.24,3013.21,0.5268,0.2367,23464.39,1,2422.05,0.0,0.5153,3939.29,2969.12,18,37682.47,2.63,4,0,28327.47,30.0
30473.16,1344.22,1867.92,0.2524,0.3878,14437.21,3,22241.44,0.0,0.267,7963.27,15710.93,5,27820.85,2.58,19,0,21149.05,30.0
136884.76,4755.58,8044.56,0.3972,0.1333,39818.74,3,18871.18,40000.0,0.5517,13761.93,98669.42,14,82774.37,4.54,15,0,25579.53,30.0
20401.27,1449.68,2969.44,0.3265,0.2051,21565.64,1,22388.68,0.0,0.3776,2011.87,45592.62,24,18576.77,4.05,10,1,-36562.71,2.2
94073.41,2916.72,3549.7,0.3446,0.293,58076.41,5,34952.15,40000.0,0.5432,9081.09,18989.31,10,52917.74,6.69,1,1,17805.11,11.7
307232.33,6343.16,5649.43,0.1944,0.1236,38460.28,3,37464.11,6000.0,0.4221,9549.01,0.0,16,156239.01,4.31,30,0,271835.97,30.0
70023.27,3733.37,7644.45,0.3589,0.1225,49573.96,6,25233.68,0.0,0.5231,8602.87,117332.36,3,44939.75,4.36,10,1,16266.44,2.3
111188.0,10247.59,2691.68,0.1549,0.1047,33595.8,2,85690.55,6000.0,0.302,8431.46,0.0,8,86695.3,3.88,27,0,152586.38,30.0
117765.63,7445.38,6314.87,0.2173,0.2176,59410.47,7,46440.72,8000.0,0.6368,13288.84,0.0,16,88591.45,8.68,23,0,67725.25,30.0
39131.65,1714.93,2368.61,0.2983,0.1807,10062.29,3,6029.55,0.0,0.3127,7889.9,19610.51,11,22006.84,2.29,24,0,21095.64,30.0
33465.39,2926.61,1783.24,0.2067,0.313,14986.62,3,11889.83,14000.0,0.2187,8849.55,0.0,16,30738.25,3.81,16,0,25794.78,30.0
57596.77,5444.13,3906.26,0.1553,0.2261,55768.1,6,10656.01,8000.0,0.577,10004.36,0.0,12,45781.64,9.37,18,1,7640.63,10.8
7942.99,2875.2,2477.24,0.4851,0.2282,5199.62,3,21814.0,28500.0,0.3392,6751.4,0.0,6,5241.16,2.13,3,1,-4209.93,1.0
55806.03,2342.06,2793.99,0.2656,0.3572,23636.81,2,11768.41,28500.0,0.5038,5424.96,13558.04,4,43976.02,1.82,14,0,18474.98,30.0
45155.47,3031.91,1749.9,0.5369,0.2298,26798.85,2,12172.2,0.0,0.337,2652.61,0.0,12,27023.52,3.37,16,0,31518.57,30.0
94378.12,8170.84,2554.58,0.1962,0.1252,25654.11,2,24417.22,0.0,0.2897,5416.74,0.0,14,75925.55,7.53,12,0,134005.48,30.0
120693.72,5942.72,6137.34,0.2554,0.2782,41789.61,6,41150.76,8000.0,0.3785,8595.07,5838.64,13,61049.49,7.73,30,0,72901.71,30.0
25526.78,1667.38,3517.83,0.4281,0.2242,12908.33,4,6586.86,0.0,0.5254,7054.46,55513.64,22,23056.44,3.8,24,1,-32430.38,4.1
63925.42,3024.07,2199.05,0.4712,0.3381,15391.7,1,19907.33,0.0,0.5154,3804.41,0.0,4,45373.5,4.04,5,0,57607.47,30.0
72461.93,9907.09,5026.33,0.1616,0.1106,37108.41,5,52670.6,0.0,0.4962,4888.15,0.0,12,46529.22,7.19,13,0,90885.67,30.0
37453.81,4052.06,7007.47,0.321,0.1939,34788.54,7,48260.91,0.0,0.5918,7781.51,88662.4,5,29451.37,9.9,4,1,2790.06,1.8
178778.52,5508.81,5060.7,0.3382,0.136,18162.7,7,26425.27,0.0,0.4197,14099.1,0.0,11,137348.23,4.26,16,0,163802.14,30.0
83509.7,7432.2,6951.13,0.2847,0.1024,55398.89,4,9038.41,20000.0,0.5322,14807.14,0.0,1,79204.72,7.17,26,1,21276.79,2.1
136057.4,4768.7,6746.78,0.1865,0.1531,15931.38,6,35622.76,0.0,0.6426,13844.99,59342.31,2,82678.66,6.48,27,0,129046.45,30.0
283150.77,7025.93,6007.93,0.1794,0.1389,8359.65,3,47855.1,0.0,0.2515,10134.62,0.0,23,193178.69,3.16,20,0,285738.19,30.0
32097.07,2860.65,6704.95,0.4042,0.2571,41162.21,5,20243.8,40000.0,0.4586,8653.53,115328.93,1,28701.46,5.48,9,1,-25343.91,1.0
122746.96,3129.13,6719.62,0.3084,0.2655,38250.1,6,45208.65,0.0,0.4278,5340.32,107714.65,13,76761.33,9.13,13,0,47667.93,30.0
61075.24,2174.93,1644.33,0.3014,0.368,8206.0,4,8398.0,28500.0,0.4965,8252.55,0.0,21,47288.12,1.57,24,0,44304.65,30.0
178577.27,5193.38,3814.02,0.2911,0.1365,19885.15,6,37970.74,0.0,0.559,11317.59,0.0,14,169030.42,8.74,15,0,178661.67,30.0
146441.66,2920.81,5836.21,0.3085,0.1081,58153.7,5,9586.98,8000.0,0.4592,14467.73,87461.95,3,96792.44,9.9,25,0,77411.33,30.0
337524.57,4509.26,7134.97,0.1407,0.0961,28891.94,4,33428.09,6000.0,0.3097,6473.25,78771.31,21,310061.86,4.71,17,0,245078.42,30.0
66522.37,4870.13,5269.12,0.164,0.2021,57230.32,7,45898.5,40000.0,0.3941,13106.93,11969.84,7,57081.93,4.6,17,1,-2025.66,4.9
63509.8,1626.74,1771.92,0.3268,0.3783,16261.35,1,13389.67,14000.0,0.3667,8404.38,4355.31,20,55088.85,2.67,22,0,35923.81,30.0
30007.22,7179.45,6117.03,0.3361,0.2329,60388.0,3,21103.74,8000.0,0.5465,13281.17,0.0,6,17328.5,9.48,26,1,-27701.12,1.1
174286.59,4783.07,7254.18,0.185,0.2779,49166.27,4,40968.11,0.0,0.5716,10548.36,74133.12,1,101848.74,9.82,16,0,137589.93,30.0
42523.55,2044.01,1985.41,0.3543,0.361,18887.8,2,23174.12,0.0,0.5245,5156.07,0.0,6,29572.21,2.98,29,0,31209.89,30.0
29854.66,1896.08,1917.85,0.3603,0.3216,15454.5,2,20006.73,5000.0,0.4597,7341.55,653.07,6,21007.82,3.39,19,0,18000.97,30.0
174194.18,4954.72,5868.81,0.2497,0.1063,43272.14,7,45649.48,0.0,0.5016,10861.1,27422.61,16,162485.66,9.76,17,0,119086.27,30.0
135119.77,4763.74,4679.8,0.3138,0.175,44584.47,6,30279.48,0.0,0.428,13070.83,0.0,5,125415.05,9.66,6,0,97985.97,30.0
57119.32,1980.81,1556.75,0.4015,0.3943,8306.05,4,10481.13,5000.0,0.541,2448.49,0.0,9,34417.36,4.17,25,0,50439.37,30.0
16401.1,2638.54,2409.19,0.3552,0.3011,13704.08,4,4913.88,28500.0,0.255,8236.15,0.0,8,11570.61,3.65,27,1,-11624.71,1.0
168227.88,4209.83,6269.44,0.4321,0.2439,37316.7,7,23880.93,40000.0,0.3718,7544.85,61788.49,10,124030.89,4.12,19,0,91533.07,30.0
19622.7,2448.12,2383.17,0.5187,0.2729,10764.75,2,8194.87,14000.0,0.3791,4625.42,0.0,23,16753.46,3.29,25,1,-4496.84,11.7
38527.71,1970.5,2411.36,0.2539,0.2289,20022.12,4,18395.31,28500.0,0.5002,8231.69,13225.88,14,22559.51,4.29,24,1,252.79,12.5
208697.12,5511.07,6982.27,0.1502,0.1273,32574.96,4,37442.64,6000.0,0.3656,4038.84,44136.04,12,141712.88,5.18,3,0,156487.36,30.0
23461.53,1620.15,1780.4,0.4241,0.3798,7905.08,2,24344.32,0.0,0.3781,3734.81,4807.62,8,19916.45,1.73,5,0,20931.53,30.0
124510.97,6167.78,8291.14,0.1995,0.2995,29303.45,5,40809.54,8000.0,0.4873,11678.4,63700.76,10,89648.15,7.75,9,0,73389.92,30.0
133693.18,7569.21,3352.11,0.1443,0.0808,23877.95,2,68081.47,0.0,0.3723,4246.17,0.0,13,118921.26,3.82,23,0,172232.17,30.0
60844.53,2157.19,2148.85,0.4596,0.3692,6502.05,4,12020.3,28500.0,0.3297,4555.08,0.0,19,41088.09,2.05,13,0,36318.58,30.0
28970.86,2020.23,2373.2,0.5041,0.3028,20130.86,2,12377.83,28500.0,0.2072,5393.24,10589.24,20,24261.79,3.23,30,1,-15821.89,10.8
30801.42,2158.96,3438.0,0.2187,0.1992,22070.12,4,20814.63,28500.0,0.447,5831.83,38371.02,16,21125.53,4.09,6,1,-24850.51,6.0
36712.83,6164.15,7232.03,0.1999,0.1336,23807.06,3,20998.55,0.0,0.4213,12559.54,32036.42,10,31329.64,7.32,9,1,-2330.29,3.5
311245.3,4714.74,7665.38,0.0852,0.1115,24611.43,2,48850.3,6000.0,0.4233,3073.45,88519.14,5,274556.76,5.23,5,0,283385.54,30.0
54185.52,2871.55,6914.25,0.315,0.2302,61999.16,4,49525.44,8000.0,0.6346,8210.73,121281.23,11,46401.95,9.6,14,1,-43237.38,2.6
179570.28,6580.31,7067.9,0.2856,0.1624,51109.43,6,26199.79,40000.0,0.6496,9812.79,14627.65,10,130040.45,4.08,19,0,101097.99,30.0
60572.8,6780.54,4690.86,0.3879,0.1978,26931.21,5,53812.64,0.0,0.606,7576.65,0.0,1,47405.76,7.88,9,0,55637.18,30.0
35843.15,3170.19,1917.59,0.4528,0.2587,6621.36,3,6491.6,0.0,0.4284,3036.65,0.0,2,27035.53,3.4,4,0,33074.39,30.0
59005.81,2853.96,1783.17,0.3446,0.3426,15037.99,4,2945.02,28500.0,0.543,8633.53,0.0,19,45215.44,2.68,22,0,41365.01,30.0
50523.25,1321.2,3419.52,0.2601,0.1896,25592.53,2,19011.03,0.0,0.4942,8019.62,62949.63,22,32833.41,2.85,18,1,-18880.3,11.1
281553.36,9558.78,5062.9,0.1526,0.0594,17041.39,2,56697.65,0.0,0.471,7437.77,0.0,24,244131.6,3.73,11,0,348301.12,30.0
63104.65,1626.28,1820.06,0.4313,0.2107,23345.29,3,13225.44,14000.0,0.5286,1581.8,5813.52,6,43242.3,4.07,3,0,34299.7,30.0
72591.1,11822.02,5934.16,0.0982,0.0547,12102.69,2,68762.92,0.0,0.3845,4348.9,0.0,8,53495.06,6.39,2,0,116256.72,30.0
111479.54,11951.74,6043.5,0.1481,0.1015,39713.54,2,21571.41,0.0,0.2559,11396.39,0.0,17,103102.73,6.39,6,0,140574.29,30.0
101414.2,4293.81,5109.45,0.2503,0.1649,64805.76,3,49288.83,8000.0,0.5931,10052.51,24469.45,17,60864.53,8.22,21,1,24032.72,16.6
15523.42,2592.44,3549.34,0.4625,0.2211,13335.05,3,15546.43,5000.0,0.347,4382.38,28706.91,24,8714.01,1.77,23,1,-29960.38,1.1
43814.68,1231.25,1796.52,0.5255,0.3159,17931.13,3,24084.04,0.0,0.3069,1839.78,16958.19,21,38644.75,3.31,17,0,19301.06,30.0
231889.97,4961.16,5087.45,0.0957,0.1215,38109.94,3,79722.64,0.0,0.4202,11929.08,3788.95,17,146222.66,7.59,23,0,206571.43,30.0
279321.87,7683.28,6407.91,0.1841,0.1476,13348.38,3,38565.82,0.0,0.4881,5253.28,0.0,4,217661.21,6.71,5,0,280803.79,30.0
23288.79,2096.67,2202.65,0.544,0.3587,22414.06,2,15498.45,0.0,0.3679,8094.51,3179.33,16,14508.17,3.64,18,1,-1066.41,6.2
44572.82,2632.03,2838.63,0.4662,0.1945,27799.99,2,18938.11,14000.0,0.4055,8558.59,6197.99,24,30791.51,3.6,29,1,-474.79,21.5
170757.98,4255.4,7540.04,0.3465,0.156,32535.84,7,28005.38,0.0,0.6291,8125.6,98539.19,15,159213.76,7.01,6,0,88291.45,30.0
217014.9,8592.72,4044.88,0.1355,0.1447,25690.88,2,83653.95,0.0,0.4317,2118.77,0.0,24,136793.32,3.14,28,0,292872.47,30.0
86236.48,4823.06,4300.72,0.4344,0.2893,26732.59,5,12247.38,0.0,0.6362,14226.66,0.0,2,69083.43,6.64,1,0,64038.98,30.0
29563.21,1662.33,3554.46,0.374,0.399,22438.04,3,22809.71,5000.0,0.3714,3148.13,56763.85,2,22894.4,4.41,26,1,9663.42,1.0
176382.08,6690.67,8492.18,0.3265,0.1409,49324.77,4,31736.27,20000.0,0.5263,11533.33,54045.24,11,100327.44,9.22,15,0,94730.26,30.0
61433.56,1680.9,1609.01,0.2242,0.2762,11286.68,1,6076.41,0.0,0.4246,3954.7,0.0,12,40563.88,3.0,20,0,49751.41,30.0
49757.89,1468.17,2090.83,0.2415,0.2637,16739.63,1,2460.12,28500.0,0.3932,3083.7,18680.0,16,45926.74,3.49,5,1,4780.25,20.2
64170.61,1505.32,2206.33,0.2697,0.2059,20707.57,3,20843.58,0.0,0.2865,6297.53,21030.06,5,37037.96,1.95,6,0,46870.62,30.0
149125.43,8729.56,4723.79,0.1388,0.0855,26363.35,5,42782.11,0.0,0.3198,8747.63,0.0,11,97744.58,4.27,25,0,164707.12,30.0
133755.51,6612.07,6827.01,0.3123,0.2909,59771.76,7,27304.01,20000.0,0.621,4387.1,6448.15,16,109928.22,9.53,1,0,50073.92,30.0
84982.64,3721.29,4517.06,0.2166,0.2098,27255.95,3,12459.79,40000.0,0.6672,13952.72,23873.24,4,64601.51,4.38,29,0,37085.78,30.0
80800.79,6120.34,7580.36,0.2539,0.1171,41470.2,5,29753.7,20000.0,0.4537,4648.42,43800.69,11,41402.79,4.54,29,1,11207.63,10.8
57152.01,2543.06,1617.67,0.4324,0.3029,8589.12,1,9569.65,5000.0,0.3657,4644.44,0.0,23,50431.03,4.35,20,0,59897.96,30.0
71957.42,9255.36,6564.34,0.1901,0.1384,29640.41,3,20829.08,0.0,0.4605,11457.91,0.0,25,50590.4,6.13,28,0,71978.3,30.0
167658.87,4488.1,7738.0,0.4209,0.1999,27207.98,5,30196.41,8000.0,0.5064,12132.25,97497.06,10,115744.58,4.79,6,0,106770.46,30.0
49618.26,1605.94,1844.25,0.4438,0.3667,15393.3,3,12286.8,5000.0,0.2844,2933.44,7149.34,9,42165.79,2.36,11,0,32347.67,30.0
158695.06,5501.25,6479.31,0.4303,0.1329,22404.92,7,51935.35,0.0,0.5401,3697.66,29341.92,7,111020.54,6.79,5,0,142349.9,30.0
114608.5,2878.86,7384.29,0.2386,0.1905,57353.56,3,42752.41,40000.0,0.5375,14906.37,135163.12,9,77106.2,7.8,15,1,8659.71,7.9
36433.01,3695.77,6719.96,0.1795,0.2944,55070.04,7,20195.36,40000.0,0.6539,10515.63,90725.62,15,24993.19,6.83,10,1,-86902.03,2.6
22430.56,2417.04,2186.21,0.4713,0.3129,11543.14,3,5886.01,5000.0,0.282,2594.47,0.0,3,12306.74,2.45,12,1,10173.7,2.8
153943.7,3399.57,5508.74,0.3328,0.2352,32220.8,7,40679.37,40000.0,0.5935,11747.59,63275.12,9,125004.3,6.92,16,0,93003.62,30.0
107221.99,6879.24,8483.22,0.3837,0.2225,53778.41,7,19333.44,40000.0,0.3776,11720.87,48119.6,2,99605.85,5.77,26,0,35268.02,30.0
348385.42,8755.56,3455.91,0.0996,0.1264,33199.67,4,50535.27,0.0,0.398,7487.74,0.0,24,238514.61,4.1,10,0,420154.22,30.0
120365.29,7385.5,8170.26,0.2783,0.2447,30103.94,4,28418.96,20000.0,0.6403,13786.63,23542.75,15,96105.24,5.63,25,0,58541.42,30.0
57559.24,3078.14,2759.4,0.5085,0.1829,11264.13,4,22213.0,0.0,0.4791,2393.61,0.0,9,34637.62,2.6,9,0,52494.98,30.0
156450.84,7039.22,3583.46,0.1954,0.0745,23208.16,5,84854.42,6000.0,0.3119,11438.98,0.0,13,135981.22,3.31,19,0,190508.23,30.0
17386.33,2742.11,3522.45,0.2907,0.3546,24403.03,1,8191.37,14000.0,0.2798,6597.0,23409.96,7,11810.51,3.65,28,1,-19645.82,1.0
37852.66,2879.98,2352.99,0.2465,0.2458,6346.45,3,20857.17,0.0,0.5341,2040.16,0.0,18,18987.92,4.32,19,0,39444.2,30.0
26051.02,1367.2,3260.98,0.5024,0.3389,14646.59,2,13868.12,14000.0,0.2849,5424.35,56813.37,13,16503.67,2.76,28,1,-18272.12,4.0
347592.15,8449.95,4084.24,0.1749,0.0659,32767.75,4,68834.43,0.0,0.313,9848.8,0.0,14,217120.35,4.0,19,0,379594.47,30.0
269838.27,9468.93,2534.57,0.0971,0.0723,10620.56,3,79079.06,0.0,0.318,3464.27,0.0,24,242999.46,4.72,29,0,411304.03,30.0
126661.8,9784.8,7130.66,0.1448,0.0823,34353.69,4,75791.23,0.0,0.3696,7122.69,0.0,25,102584.67,3.93,26,0,139905.54,30.0
228808.47,6127.48,3175.32,0.1422,0.1048,25048.3,3,60970.54,6000.0,0.3336,8304.16,0.0,18,129040.17,7.91,27,0,255851.06,30.0
88680.52,4679.0,7253.91,0.2998,0.2451,15451.59,6,22317.83,40000.0,0.5268,10114.86,77247.36,5,55597.77,9.69,12,0,44104.34,30.0
168454.83,2823.22,7364.58,0.3424,0.1093,16576.11,6,24317.2,20000.0,0.6266,5694.25,136240.96,5,150660.99,8.02,24,0,126310.26,30.0
66633.8,3251.72,7803.28,0.1788,0.1026,25841.71,3,40031.9,40000.0,0.5143,11775.25,136547.0,13,47684.86,7.22,22,1,-29901.9,7.3
20008.05,1209.53,2272.54,0.3698,0.3357,25573.0,1,3112.34,0.0,0.2233,8429.92,31890.31,13,18366.51,1.9,5,1,-21770.18,1.2
136020.13,7204.48,4288.19,0.3616,0.1134,43717.75,4,10295.15,40000.0,0.5181,4432.69,0.0,9,83193.6,9.85,29,0,89671.62,30.0
170830.54,6925.27,7679.64,0.085,0.1267,18114.55,2,25245.15,0.0,0.3708,11444.63,22631.07,15,125697.47,6.95,20,0,130652.95,30.0
61733.47,2545.94,1518.68,0.2543,0.25,12196.31,3,12023.36,0.0,0.2759,3784.69,0.0,8,39984.83,2.89,12,0,57426.26,30.0
208926.59,10583.35,6167.51,0.1376,0.0974,16692.84,4,36346.61,0.0,0.3355,3069.82,0.0,8,154299.73,4.12,8,0,225446.63,30.0
11870.53,1305.68,2203.76,0.2166,0.1761,10094.52,1,20849.03,5000.0,0.2498,1514.37,26942.57,11,7312.38,1.74,11,1,-5826.53,1.4
86100.78,5810.6,5781.87,0.1514,0.2299,24501.65,4,51962.37,40000.0,0.4977,7100.38,0.0,16,48428.89,8.81,26,0,44313.91,30.0
34913.46,1940.12,3168.53,0.3122,0.2646,6333.83,4,11442.17,14000.0,0.4524,4750.13,36852.12,11,27851.34,1.56,28,1,8072.37,11.5
63059.85,1394.15,3385.88,0.3558,0.1684,11708.73,2,5429.13,0.0,0.5078,3389.55,59751.65,21,44961.87,1.83,28,1,5826.47,19.4
38639.15,2687.0,2711.01,0.5339,0.3006,8039.59,4,24757.4,0.0,0.5157,3337.92,720.38,9,28719.23,1.92,10,0,35409.66,30.0
24934.2,3131.77,1929.38,0.5156,0.2951,22054.29,3,4570.32,14000.0,0.2432,5004.84,0.0,24,12691.42,3.21,8,1,11642.53,30.0
87412.1,2852.13,4954.38,0.3324,0.1451,36300.25,7,15201.92,8000.0,0.5907,12532.81,63067.4,12,45892.34,7.97,3,1,20905.03,12.3
14581.37,3057.78,2903.12,0.4294,0.2889,17495.66,3,17860.74,28500.0,0.3025,6156.67,0.0,11,12656.11,2.01,1,1,-14569.97,1.7
89442.08,6044.23,7122.03,0.3031,0.2939,40806.16,4,42175.1,0.0,0.6845,7949.15,32333.85,15,52728.19,8.72,23,0,30930.54,30.0
175550.91,5816.13,4019.45,0.2306,0.1129,15082.62,7,14890.13,40000.0,0.4138,8854.1,0.0,6,154342.28,8.36,11,0,150158.93,30.0
55879.13,2355.82,1985.69,0.2957,0.2476,27853.49,3,13119.58,5000.0,0.361,2118.79,0.0,3,50255.85,1.97,9,0,30950.12,30.0
43942.17,3184.52,2822.9,0.2389,0.3607,10478.92,1,24277.16,0.0,0.5383,6843.81,0.0,20,34906.81,4.01,10,0,37507.21,30.0
37130.89,2695.38,3371.01,0.5019,0.1887,16898.69,1,17251.96,0.0,0.3708,5087.01,20268.75,5,29347.8,4.26,13,0,20893.88,30.0
325166.29,8814.93,6362.93,0.1825,0.1459,31610.64,3,79297.05,0.0,0.3725,7615.76,0.0,25,170114.0,7.2,7,0,342129.95,30.0
46113.67,3743.49,7971.15,0.299,0.2517,44842.49,6,23313.44,8000.0,0.3725,8001.92,126829.78,8,43203.95,8.43,16,1,-33160.31,2.2
107737.85,4709.4,7535.9,0.2046,0.1112,26297.88,6,23439.45,8000.0,0.6818,3045.34,84795.24,9,65764.57,9.35,18,0,53170.61,30.0
7515.58,1608.24,1841.42,0.2228,0.3315,25001.47,4,16697.4,14000.0,0.333,8132.9,6995.33,19,6791.53,3.07,1,1,-28108.02,2.5
155094.28,10485.32,7840.54,0.1808,0.1409,31563.07,5,74890.8,0.0,0.4271,11039.56,0.0,15,107623.26,7.1,17,0,162191.25,30.0
130385.03,9857.74,5437.05,0.178,0.0977,28120.0,5,25038.16,0.0,0.446,11301.69,0.0,25,105864.06,6.81,26,0,172704.19,30.0
27148.15,2197.83,1865.21,0.2606,0.2771,21390.42,2,16765.63,5000.0,0.4051,3299.38,0.0,4,21450.19,4.28,9,1,9907.86,3.5
348114.19,9819.65,7603.01,0.183,0.0795,15618.79,5,59518.66,0.0,0.4832,2708.09,0.0,26,204557.7,3.02,22,0,363075.34,30.0
192488.3,11623.82,4607.14,0.1522,0.095,22394.34,4,64857.61,0.0,0.419,3836.25,0.0,26,153381.13,4.86,24,0,317750.37,30.0
17094.87,1794.83,1642.18,0.3296,0.2422,20361.73,2,9495.26,5000.0,0.4825,7507.19,0.0,3,10596.09,2.45,5,1,-2322.49,1.2
170645.55,7097.51,4544.94,0.2705,0.2287,61087.14,4,28571.62,40000.0,0.5313,4151.5,0.0,8,123357.23,5.54,14,0,110072.95,30.0
321048.27,7030.36,5422.52,0.1637,0.084,25466.13,3,27168.15,0.0,0.2662,7054.42,0.0,20,238690.74,4.09,4,0,310069.97,30.0
110614.18,8215.95,7740.54,0.155,0.1217,9089.58,4,55588.89,6000.0,0.3578,2199.32,0.0,19,64990.6,7.58,1,0,98190.48,30.0
58470.62,1609.44,3334.33,0.3565,0.3836,21163.17,3,16616.25,5000.0,0.3428,2832.62,51746.66,3,45725.43,3.4,29,0,35200.99,30.0
55039.43,2859.49,3481.23,0.3973,0.366,27733.31,3,16701.66,0.0,0.4887,5920.66,18652.36,23,45947.97,1.86,18,1,6555.72,22.4
168926.14,6146.1,5374.65,0.1533,0.2586,59548.43,6,43409.11,0.0,0.493,11047.61,0.0,15,149574.56,8.24,30,0,119653.28,30.0
64752.14,2867.88,6663.01,0.2979,0.2564,40768.72,7,21476.77,8000.0,0.5931,14855.43,113853.99,12,33612.7,4.93,12,1,-24522.06,6.0
21589.42,1300.21,2445.24,0.2201,0.3296,19385.8,1,17988.01,5000.0,0.3302,2995.24,34351.0,2,17959.47,4.42,10,1,4022.29,1.1
154287.3,11557.49,4045.86,0.1912,0.1464,9919.81,4,53312.66,0.0,0.2864,11745.0,0.0,16,115358.19,7.86,14,0,248624.44,30.0
10857.69,2488.9,1797.63,0.2901,0.372,14883.36,4,10345.87,5000.0,0.3144,5749.85,0.0,5,8265.28,4.19,24,1,-1142.21,2.1
12656.71,2731.76,3441.41,0.5325,0.3177,10148.37,3,23085.97,14000.0,0.3436,5087.7,21289.38,4,11803.81,4.17,22,1,-1012.68,1.1
18142.1,1360.29,2959.04,0.3762,0.2931,10428.63,4,2675.42,28500.0,0.3653,5122.1,47962.59,11,16814.77,2.22,23,1,-25897.44,1.0
18325.57,2683.7,1536.09,0.2178,0.3234,12991.08,4,14828.14,28500.0,0.3949,4633.26,0.0,20,15455.02,2.22,2,1,9126.92,30.0
137601.68,6502.07,7088.66,0.2855,0.1318,24619.16,7,53075.19,0.0,0.4584,5486.96,17597.58,14,129491.87,6.66,10,0,107936.57,30.0
317871.89,5096.28,4843.24,0.1441,0.0624,17928.6,3,59344.48,0.0,0.4522,3486.83,0.0,18,207493.31,5.58,10,0,310508.47,30.0
154459.72,5007.78,2706.91,0.1722,0.0885,9094.29,2,57605.24,0.0,0.2835,3844.89,0.0,16,99405.49,6.35,4,0,189436.06,30.0
23869.87,2928.83,2679.13,0.4553,0.2092,23905.69,3,11316.94,14000.0,0.2924,3190.02,0.0,10,12608.17,4.02,3,1,-5620.29,3.7
40061.14,2380.63,2047.73,0.2241,0.2498,26793.94,2,24360.94,0.0,0.2654,2883.55,0.0,16,34636.75,2.14,23,0,20521.27,30.0
149054.28,3085.81,6409.81,0.401,0.1745,54627.44,6,42055.03,40000.0,0.5094,11384.74,99720.02,4,123214.74,5.18,23,0,75953.0,30.0
122864.17,5704.39,6819.8,0.2654,0.2738,30370.35,4,30603.13,20000.0,0.4068,13606.63,33462.41,3,72870.7,6.58,3,0,88201.11,30.0
330611.81,9683.51,6209.63,0.0804,0.0975,24827.79,3,75892.09,0.0,0.3001,5240.81,0.0,20,182916.03,5.51,27,0,366756.96,30.0
20349.38,1553.63,2598.39,0.3936,0.2068,10521.43,1,22473.23,0.0,0.4492,6996.86,31342.8,9,16721.02,2.8,26,1,6876.56,2.7
8982.84,1960.53,3281.22,0.2273,0.294,11492.23,3,3648.0,0.0,0.4454,5110.55,39620.57,23,4649.66,1.63,6,1,-39860.81,1.1
166125.95,6963.37,7378.14,0.2926,0.1616,24304.88,4,29460.24,8000.0,0.5275,9024.86,12442.83,1,115536.9,6.63,26,0,147943.57,30.0
63747.21,2993.68,6781.41,0.2144,0.2979,61025.86,4,46552.89,8000.0,0.5368,6467.72,113632.02,9,49232.94,6.66,24,1,-22248.33,4.3
59136.47,4474.15,4596.25,0.334,0.1689,57977.27,7,10806.99,0.0,0.4582,5488.54,3662.89,14,49359.07,9.48,18,1,-9081.09,8.4
63434.26,2340.71,3395.13,0.5007,0.2333,15489.56,4,2270.3,28500.0,0.3876,4735.26,31632.66,5,36948.25,2.46,4,0,27476.27,30.0
141424.2,5939.88,4578.94,0.1271,0.1374,21983.38,5,70312.62,6000.0,0.4046,6059.61,0.0,24,78811.39,7.81,21,0,149174.52,30.0
20466.48,1524.97,3504.25,0.4468,0.2083,27953.0,1,8492.97,0.0,0.2726,7935.23,59378.37,4,14950.77,3.57,11,1,-13555.1,1.0
23674.33,2217.37,1528.33,0.2538,0.3869,11593.28,4,18994.11,14000.0,0.39,1975.87,0.0,9,19637.67,3.28,21,1,14710.68,14.6
25370.35,3085.49,2506.33,0.5386,0.1722,18374.86,3,6033.46,0.0,0.3671,1968.02,0.0,11,14557.08,1.97,30,1,8818.23,9.5
100895.82,5262.89,6631.42,0.1175,0.1217,28891.44,5,77682.28,0.0,0.3,6600.72,41055.82,16,92598.89,7.62,5,0,64168.25,30.0
19418.68,2427.61,2766.85,0.2163,0.3019,11421.52,2,2039.22,5000.0,0.3311,7105.82,10177.22,13,13769.61,4.2,23,1,-4681.56,3.3
172468.07,5660.84,4807.61,0.3416,0.225,18615.85,5,48759.64,0.0,0.5589,4913.11,0.0,13,107555.93,9.94,10,0,169431.38,30.0
48884.68,3025.48,8322.76,0.369,0.2438,26263.29,4,22015.7,0.0,0.3817,14152.21,158918.37,11,43987.52,8.28,26,1,-33476.28,3.3
239629.76,9938.94,3758.58,0.0987,0.073,18780.68,2,37908.23,0.0,0.3733,10009.65,0.0,8,124017.16,3.1,13,0,268739.48,30.0
10457.58,2753.54,1816.54,0.454,0.2603,19614.49,2,15705.34,14000.0,0.4927,7564.17,0.0,17,7670.37,2.73,7,1,-2800.36,1.0
42216.13,4575.7,8468.58,0.1646,0.2393,20937.78,3,28179.11,20000.0,0.6444,10784.71,116786.39,10,29320.59,8.85,5,1,-25374.94,3.9
62164.8,2785.07,1728.02,0.5436,0.3342,26947.93,4,3694.2,5000.0,0.3653,6085.28,0.0,12,51365.27,3.36,10,0,40383.68,30.0
120956.92,3594.21,7746.2,0.4293,0.255,58497.55,5,49703.2,8000.0,0.6793,6627.6,124559.63,6,88031.4,5.72,15,0,48994.07,30.0
14252.05,1639.04,3196.69,0.4568,0.1983,19849.88,3,14006.16,5000.0,0.2969,8581.96,46729.4,10,9605.66,2.28,23,1,-20446.76,2.1
170463.4,9875.99,5679.51,0.1954,0.0885,24138.95,4,87366.58,0.0,0.4753,10206.43,0.0,15,87799.6,3.53,2,0,214461.34,30.0
148752.13,5349.59,5335.24,0.4053,0.1385,36660.93,7,45862.84,40000.0,0.5038,3293.83,0.0,11,79032.38,5.51,29,0,98791.89,30.0
121130.07,3092.11,5332.25,0.2742,0.1668,35481.41,7,31762.94,40000.0,0.5452,7151.49,67204.08,14,90609.5,4.36,5,0,39159.29,30.0
342347.26,9220.13,7309.42,0.0801,0.103,16711.42,2,50920.44,6000.0,0.3037,2941.92,0.0,9,238509.45,4.83,27,0,343492.73,30.0
27955.61,1899.59,2821.61,0.2406,0.1732,18114.13,2,11453.62,0.0,0.431,5597.24,27660.62,5,22816.24,1.51,23,1,7982.67,2.6
23915.07,1591.75,3106.66,0.427,0.303,6348.74,2,16641.66,28500.0,0.4338,3275.79,45447.49,6,12500.78,2.36,8,1,-768.17,3.9
86694.41,7103.23,7816.73,0.2779,0.1463,50863.04,7,44359.76,40000.0,0.4454,5643.88,21405.06,3,55926.58,7.2,13,0,27472.26,30.0
34816.07,5571.52,5039.34,0.2089,0.2389,17242.02,3,46904.82,0.0,0.444,13954.09,0.0,9,28746.35,8.3,20,0,31359.55,30.0
161233.68,5287.71,4866.92,0.1743,0.095,28564.83,2,31071.03,0.0,0.3155,2276.03,0.0,21,132983.88,7.73,7,0,131797.24,30.0
18057.52,2076.94,2692.68,0.3737,0.379,10725.02,3,11688.4,0.0,0.5285,2303.64,18472.21,8,10131.99,4.34,15,1,4157.75,1.8
252326.95,9870.69,3573.65,0.1723,0.0579,38179.46,4,23936.3,0.0,0.4141,2555.73,0.0,26,165703.47,7.02,4,0,336616.14,30.0
107048.76,7908.68,3518.14,0.1031,0.06,13076.97,2,82892.46,0.0,0.358,2755.35,0.0,6,96951.91,3.48,11,0,144050.73,30.0
33355.88,2493.17,3387.8,0.5188,0.173,7306.83,2,20354.36,14000.0,0.3276,7448.81,26838.92,4,22743.78,3.71,9,0,21541.4,30.0
34437.63,5749.92,5294.03,0.1529,0.2348,41480.24,4,40929.22,8000.0,0.5993,10546.08,0.0,15,27184.79,8.21,20,1,-5485.78,4.8
306044.02,5813.75,7473.46,0.1329,0.1224,25367.83,2,39272.76,6000.0,0.4535,7051.12,49791.47,18,282311.75,7.73,15,0,242766.17,30.0
63238.47,2394.82,1415.59,0.2119,0.1869,23598.07,1,3637.24,28500.0,0.2657,7257.14,0.0,8,38707.86,2.15,14,0,30704.88,30.0
175437.97,6303.02,5804.16,0.3302,0.1285,47631.48,5,19204.13,40000.0,0.6346,10251.54,0.0,2,125905.98,9.74,3,0,114407.85,30.0
335170.02,9623.98,3662.52,0.0848,0.0647,20241.06,4,70582.25,6000.0,0.4914,6620.97,0.0,17,252577.57,4.25,4,0,408578.97,30.0
14861.5,2146.92,3006.25,0.4183,0.3318,14249.92,2,23489.02,14000.0,0.4771,4807.54,25779.99,8,12582.13,3.56,3,1,-7840.79,1.5
36290.35,3704.49,5449.83,0.4002,0.1959,62266.16,6,43333.82,40000.0,0.5552,13485.05,52360.09,5,24852.41,6.14,22,1,-41520.21,1.0
148838.32,5817.21,7411.3,0.3322,0.138,17983.11,5,26087.01,0.0,0.4839,14482.43,47822.79,15,111946.74,5.45,23,0,99220.35,30.0
287732.31,8520.32,3148.36,0.1582,0.0566,36124.88,5,45435.72,0.0,0.2751,5311.4,0.0,9,158770.8,5.28,2,0,302504.69,30.0
61819.34,4179.66,5699.31,0.2207,0.1492,16679.66,7,28093.54,20000.0,0.6416,9577.04,45589.34,10,40481.46,7.7,17,1,22810.27,11.2
61243.96,1220.61,2307.76,0.5244,0.2461,18359.39,3,12730.92,0.0,0.2326,3771.71,32614.69,15,31979.59,3.2,25,0,27807.05,30.0
84149.21,6766.99,6998.36,0.1801,0.2249,30544.24,3,34489.43,8000.0,0.3896,6060.43,6941.06,14,58048.36,8.39,8,0,40911.12,30.0
12234.14,2367.79,3553.95,0.4002,0.3873,22265.12,4,21869.38,0.0,0.3554,4768.81,35584.96,23,10754.58,1.89,26,1,-39241.29,1.0
177427.99,5302.26,4268.55,0.2833,0.2961,37617.24,3,44583.03,40000.0,0.4796,14484.2,0.0,8,136097.48,7.99,1,0,137195.89,30.0
51449.63,5938.18,6634.21,0.3931,0.1279,38371.89,3,42333.51,8000.0,0.6242,14991.32,20880.94,15,44160.52,7.26,24,1,-2373.65,7.6
69756.53,4606.84,3292.3,0.2648,0.2618,18371.64,6,53699.01,8000.0,0.54,3117.61,0.0,10,50949.94,9.59,18,0,72740.6,30.0
132494.03,7812.92,6554.98,0.1274,0.0532,11643.84,3,60494.05,0.0,0.3768,9374.11,0.0,9,104271.9,7.86,4,0,142101.54,30.0
198915.29,11952.53,4625.53,0.1356,0.08,17726.46,3,72511.7,0.0,0.3091,11222.81,0.0,22,123133.93,6.61,26,0,318478.05,30.0
57186.99,1558.38,2077.77,0.3904,0.3053,25023.7,2,17787.48,28500.0,0.4829,4554.92,15581.6,13,36285.92,3.63,5,1,14227.47,17.1
7669.67,2596.54,3010.97,0.3612,0.3192,18106.8,1,6591.5,28500.0,0.3884,6223.51,12432.96,2,5374.58,1.62,30,1,-24162.92,1.6
20087.96,1629.47,3009.65,0.3646,0.3272,8321.34,2,21867.69,0.0,0.3457,8173.02,41405.55,7,17561.17,1.79,22,1,8662.88,2.7
26285.31,2988.01,1523.09,0.407,0.2431,10224.67,1,8277.13,14000.0,0.3353,8134.28,0.0,20,22902.57,2.56,25,0,29067.95,30.0
82860.49,6658.24,5017.18,0.2528,0.1446,28344.54,3,21018.52,20000.0,0.5894,3919.05,0.0,10,64749.61,6.68,20,0,55088.02,30.0
26187.88,2915.71,1460.1,0.2011,0.2203,21981.76,4,9636.18,0.0,0.5199,8261.08,0.0,15,21040.72,3.95,15,0,21621.88,30.0
53418.64,1470.48,2038.55,0.5392,0.1629,27675.79,1,20407.76,14000.0,0.3222,2133.97,17041.92,15,28097.21,2.57,9,1,13810.36,16.0
38742.37,1212.14,2967.9,0.269,0.1824,10054.45,4,2194.68,0.0,0.318,7282.83,52672.83,18,31921.96,3.4,12,1,-6414.22,9.8
49712.34,4685.81,6215.5,0.3177,0.1238,24891.35,3,13988.53,8000.0,0.3621,12578.81,45890.8,2,47140.83,7.1,7,1,21641.67,1.7
42368.01,1430.83,1679.93,0.2252,0.3234,21128.66,4,12619.63,14000.0,0.3729,6132.98,7473.2,23,23327.94,2.42,16,1,6303.63,22.5
113806.94,3928.45,6151.35,0.3768,0.1533,51249.11,4,15992.34,20000.0,0.4842,6218.91,66687.02,6,65149.72,9.17,4,0,41098.25,30.0
175636.81,4479.01,8280.09,0.1615,0.2854,59409.93,7,22227.56,0.0,0.4134,13949.7,114032.62,16,140577.52,4.03,4,0,49996.54,30.0
43200.79,5750.72,5605.4,0.4157,0.1776,33806.12,5,16072.98,0.0,0.5878,5737.84,0.0,10,32489.9,4.3,11,1,5904.28,5.0
41082.53,4090.93,7713.62,0.3731,0.2127,31737.17,4,41493.98,40000.0,0.5182,6107.68,108680.78,6,26934.32,6.36,12,1,-21401.71,3.0
115793.54,3324.16,5490.42,0.2341,0.1172,19618.54,5,36397.02,40000.0,0.4171,10229.33,64987.91,17,60581.08,8.73,23,0,42635.07,30.0
19687.57,1875.71,1495.93,0.5167,0.2789,8180.05,1,22407.81,5000.0,0.4348,2003.8,0.0,19,10705.82,4.13,14,0,17832.34,30.0
169608.81,5233.25,3319.99,0.1587,0.1661,54223.04,5,52257.21,20000.0,0.6236,6459.14,0.0,2,101189.84,5.59,7,0,128506.65,30.0
134007.34,6738.42,8286.6,0.3316,0.2054,17738.0,6,23833.29,40000.0,0.3562,3865.19,46445.39,8,102942.67,4.0,25,0,81924.55,30.0
94194.56,11541.68,4211.81,0.1415,0.0609,31079.72,5,40898.78,0.0,0.2677,6295.45,0.0,24,83374.23,3.52,22,0,199901.57,30.0
65715.84,3707.96,8256.66,0.2108,0.2616,52487.29,5,53191.29,8000.0,0.4791,14827.92,136460.96,3,55173.24,6.05,20,1,15255.63,2.0
206106.68,9148.97,5455.24,0.1475,0.139,31440.51,3,57380.03,0.0,0.3389,4081.84,0.0,16,182393.04,3.65,30,0,227279.86,30.0
172709.54,3172.08,6287.02,0.4246,0.1019,64464.23,3,13332.32,40000.0,0.5708,8698.83,93447.98,7,114023.83,5.84,20,0,67367.85,30.0
192631.18,8754.58,3485.42,0.1391,0.1374,17070.27,2,69928.72,0.0,0.4434,2811.91,0.0,7,99410.33,7.73,28,0,228830.74,30.0
61218.57,1291.94,3361.76,0.3337,0.3285,5076.28,3,7052.82,0.0,0.428,2761.85,62094.47,14,31627.53,1.56,24,0,26831.02,30.0
109283.77,6767.02,8228.96,0.3116,0.286,37551.93,5,27462.51,8000.0,0.6038,6174.71,43858.06,15,60257.18,4.44,17,0,36815.23,30.0
64367.2,7296.18,3333.85,0.2498,0.152,21486.54,4,45980.21,20000.0,0.3668,7868.76,0.0,8,56619.37,6.28,4,0,71519.48,30.0
147758.17,5068.47,5248.43,0.3078,0.2352,21211.97,3,18680.66,8000.0,0.6044,7280.84,5398.87,1,101451.9,9.7,10,0,128820.09,30.0
293279.54,8210.14,5099.18,0.1495,0.0719,39093.88,4,70615.22,0.0,0.3815,2110.46,0.0,7,147599.63,6.63,14,0,292699.65,30.0
43000.87,1344.75,1636.81,0.4265,0.3389,22293.36,1,9072.56,14000.0,0.3125,5172.55,8762.0,24,40376.44,2.38,10,1,4487.51,22.9
209281.2,10467.23,3935.72,0.0947,0.0925,16973.68,3,29942.97,0.0,0.4859,7007.45,0.0,10,196179.27,6.99,14,0,248537.8,30.0
19542.59,1953.52,2589.42,0.2807,0.2069,11507.57,3,7935.85,5000.0,0.4722,8719.81,19076.89,8,16830.17,2.56,25,1,23.95,2.3
73949.54,4033.42,6274.13,0.3619,0.1066,60125.84,7,47293.08,0.0,0.5486,5045.51,67221.32,15,65951.05,6.16,16,1,-13191.86,8.0
18443.4,2904.57,1851.56,0.4316,0.392,9959.91,4,19732.15,14000.0,0.4469,3432.53,0.0,23,9531.82,2.12,19,0,20561.41,30.0
51753.16,2411.97,1852.7,0.2901,0.3542,8931.6,2,12600.01,0.0,0.2732,4006.18,0.0,16,29581.0,1.87,3,0,49475.72,30.0
138644.18,6655.85,3920.94,0.3617,0.284,23821.81,5,11276.12,20000.0,0.5517,5233.47,0.0,10,98889.57,4.86,18,0,123490.12,30.0
135842.24,3021.97,3627.29,0.1683,0.1846,61960.62,6,28977.31,0.0,0.3646,11952.98,18159.49,13,105045.32,9.65,22,0,69696.91,30.0
176426.02,10787.59,3927.11,0.1147,0.1178,29327.32,2,25647.52,0.0,0.3032,4291.54,0.0,17,118312.95,7.14,23,0,237584.53,30.0
43966.31,2715.67,1944.16,0.4495,0.2617,21986.03,1,19407.43,14000.0,0.2993,5425.51,0.0,12,29543.79,2.39,2,0,25615.26,30.0
49884.01,2834.9,3089.94,0.3364,0.3845,5713.65,2,10981.84,14000.0,0.4311,5818.1,7651.03,6,34390.25,1.98,18,0,36503.35,30.0
102568.98,6077.0,7723.14,0.2087,0.1659,43618.67,7,50040.03,20000.0,0.5029,14544.7,49384.43,14,53962.95,8.13,6,0,29340.64,30.0
18180.97,3030.16,2338.75,0.4288,0.1583,9625.55,3,19219.09,14000.0,0.3449,7629.44,0.0,21,16469.58,4.28,8,1,11447.76,30.0
33833.14,5039.47,5543.29,0.3771,0.1559,44958.24,6,49504.18,20000.0,0.4261,6071.27,15114.74,1,22508.84,9.83,29,1,-3444.03,1.0
105065.31,6072.08,8259.08,0.26,0.1345,59824.22,4,44991.64,0.0,0.4148,3244.31,65609.81,9,72476.47,9.46,22,0,32746.67,30.0
143994.64,6737.01,3702.31,0.3189,0.2523,33300.72,4,22970.37,20000.0,0.6252,4775.92,0.0,2,77785.01,5.84,20,0,113086.96,30.0
19049.55,1379.0,1603.25,0.4425,0.2035,24307.74,4,17929.52,0.0,0.5272,5373.33,6727.37,24,12391.42,1.89,12,1,-9764.43,3.2
39191.73,1631.79,1718.07,0.3135,0.1909,18287.23,4,3441.11,5000.0,0.2209,3628.94,2588.33,10,20525.11,1.64,16,0,15641.06,30.0
284865.2,5551.07,3703.31,0.1573,0.1422,33646.13,3,38124.71,0.0,0.3615,6856.33,0.0,24,252662.08,3.1,23,0,283673.64,30.0
87465.63,3277.88,6287.12,0.3549,0.2361,34653.66,4,40442.19,8000.0,0.573,9002.7,90277.09,4,49866.56,4.04,11,0,50554.18,30.0
20613.44,3039.32,3070.67,0.3935,0.213,16650.97,2,20335.98,5000.0,0.2388,8240.69,940.38,9,15913.41,2.47,23,1,4130.19,2.7
346914.53,5812.88,7163.11,0.1846,0.1142,27312.03,3,46966.99,0.0,0.3766,11572.6,40507.03,20,218822.6,4.63,23,0,288188.03,30.0
176953.52,4254.3,7214.3,0.3175,0.1457,19538.99,5,27484.08,8000.0,0.3561,7605.17,88799.86,7,92676.6,8.69,19,0,137986.85,30.0
38500.1,2932.47,4007.78,0.3461,0.1106,60363.89,7,22288.62,20000.0,0.3573,4415.51,32259.36,16,20888.93,9.52,11,1,-49863.95,3.1
62914.49,2050.98,2716.43,0.2977,0.3396,17565.22,1,13012.92,28500.0,0.2689,7401.84,19963.43,7,32274.7,2.08,4,0,29533.37,30.0
90288.74,3255.99,6296.93,0.2489,0.2894,16481.98,6,22413.25,40000.0,0.5259,8667.19,91228.14,8,57009.21,5.58,21,0,33459.01,30.0
45341.04,1251.57,2389.99,0.3925,0.2349,7142.23,3,14369.68,14000.0,0.4624,6567.45,34152.51,20,23218.57,4.13,6,1,8725.12,20.8
68248.86,5718.87,5572.19,0.2946,0.2885,38344.21,3,33177.49,20000.0,0.5972,6142.8,0.0,2,49087.06,5.7,7,0,31411.42,30.0
7905.38,2606.47,3551.08,0.3563,0.2149,8492.67,3,17074.36,28500.0,0.2548,3655.84,28338.31,4,5280.6,3.78,18,1,-13658.98,1.0
211014.03,6569.24,3563.23,0.1633,0.1036,31070.82,4,80192.89,0.0,0.401,9551.27,0.0,24,119709.05,5.85,24,0,253099.3,30.0
135219.0,11947.03,6237.74,0.1333,0.142,36623.73,4,77377.99,0.0,0.4487,6289.65,0.0,16,84388.76,4.56,7,0,182697.58,30.0
15882.86,1665.48,2841.75,0.3641,0.2646,12084.83,3,2190.75,5000.0,0.469,4925.41,35287.95,21,13536.39,3.35,26,1,-29918.12,1.5
11766.5,2699.37,1948.9,0.2006,0.2059,9049.98,2,23158.55,0.0,0.2109,3368.9,0.0,3,10952.76,4.15,22,1,13000.66,1.0
40599.76,3035.73,1422.0,0.3376,0.3624,13012.91,1,12340.67,0.0,0.3437,6900.41,0.0,18,36391.37,3.65,11,0,50930.8,30.0
54727.5,2021.2,2847.54,0.3303,0.3239,24816.93,1,20954.28,0.0,0.289,1664.48,24790.36,18,32435.32,4.38,30,0,16139.02,30.0
44746.26,1882.78,2164.03,0.4567,0.2275,12909.25,4,14113.08,14000.0,0.2703,7557.35,8437.65,10,30770.57,2.17,8,0,24351.53,30.0
111339.32,8945.46,7372.25,0.1625,0.1381,29732.4,3,20188.58,0.0,0.3341,4719.93,0.0,6,98935.31,6.78,3,0,88397.63,30.0
52374.5,1817.75,3084.3,0.5307,0.394,20551.44,3,14513.23,0.0,0.5129,3031.08,37996.49,18,44065.17,2.68,10,1,8116.31,16.4
55659.03,2269.66,3475.94,0.2276,0.2786,24113.09,1,8860.06,28500.0,0.4683,6001.14,36188.43,6,41408.72,4.09,14,1,10697.94,7.5
110243.99,4653.62,8047.1,0.4054,0.191,34717.51,5,27866.23,0.0,0.3501,13811.21,101804.56,7,98437.54,8.82,4,0,56956.98,30.0
114256.39,2832.26,8399.27,0.3919,0.1073,41526.84,6,54994.88,8000.0,0.4117,12852.37,167010.46,14,82182.0,8.36,14,1,4942.96,10.3
39213.72,1786.78,1932.74,0.3135,0.3535,5310.44,3,22483.9,0.0,0.3493,3837.81,4378.87,2,22177.26,1.81,20,0,41434.12,30.0
73136.31,9308.34,3222.22,0.1788,0.1279,33659.8,4,34251.78,0.0,0.375,4126.87,0.0,23,65894.16,7.19,21,0,149815.87,30.0
110780.52,7492.41,6101.2,0.276,0.2819,18703.68,4,23273.05,0.0,0.432,4170.31,0.0,16,97031.2,9.95,26,0,99446.91,30.0
141648.42,11521.33,4156.81,0.1798,0.1164,39443.77,4,81087.76,0.0,0.4653,11761.18,0.0,19,130088.78,7.44,16,0,230737.52,30.0
50167.58,4799.28,6396.65,0.3219,0.215,32156.78,6,37637.27,20000.0,0.4395,10592.43,47921.15,17,38306.92,8.45,20,1,-20854.83,7.9
167664.14,2861.73,6185.51,0.427,0.2828,44775.97,3,39944.65,20000.0,0.5546,7574.76,99713.4,1,128191.06,9.62,12,0,124788.21,30.0
327578.18,11709.15,6535.13,0.1828,0.1111,21403.83,4,77138.82,6000.0,0.3646,9131.35,0.0,15,234920.75,4.77,28,0,376549.68,30.0
101769.63,4878.34,8219.29,0.2939,0.1162,15733.96,4,41519.46,40000.0,0.6179,7698.74,100228.44,6,68220.63,4.38,2,0,56332.14,30.0
177121.54,3809.91,7694.1,0.3976,0.2783,45944.55,6,21150.02,8000.0,0.6703,9087.84,116525.7,1,148927.79,5.56,7,0,131278.58,30.0
312976.09,6134.55,2785.54,0.1709,0.089,10918.86,5,27802.68,0.0,0.4562,9792.36,0.0,10,294434.86,4.53,28,0,333814.06,30.0
109036.76,11723.68,7518.06,0.1865,0.0673,15024.99,3,53603.82,0.0,0.3324,10040.97,0.0,11,61351.5,7.89,7,0,136303.81,30.0
5547.83,2750.05,1524.75,0.3885,0.2418,25405.53,4,14930.4,0.0,0.2514,7054.47,0.0,7,5085.7,1.8,17,1,-9213.61,1.4
23443.1,2911.51,2649.41,0.2313,0.3633,7453.79,4,24004.15,0.0,0.3872,4616.94,0.0,9,14902.41,1.9,15,0,22764.0,30.0
204697.54,9577.18,5303.81,0.1932,0.0899,20729.38,4,46568.92,0.0,0.3074,5266.34,0.0,27,102842.44,5.84,15,0,266864.56,30.0
41300.34,2623.36,3218.54,0.5243,0.253,21721.72,4,12317.09,5000.0,0.4592,2060.05,17855.48,8,32691.12,3.43,13,1,13374.07,6.9
55345.39,3147.89,4452.03,0.1673,0.2237,31653.79,6,18462.81,0.0,0.6285,7076.89,39123.99,9,43766.33,4.37,11,1,14301.72,6.7
30692.1,1677.14,3070.07,0.5055,0.2203,7166.62,1,14378.57,0.0,0.2333,3400.71,41787.77,23,18385.12,2.99,18,1,-10622.06,9.0
50736.02,1322.06,3594.29,0.3829,0.2861,26256.93,1,8098.18,28500.0,0.3251,6676.92,68166.92,9,35331.4,4.25,5,1,-9630.26,6.8
16370.12,2587.3,2294.49,0.4737,0.3272,14838.76,1,15800.38,5000.0,0.2672,5721.88,0.0,21,13573.12,4.23,29,1,841.4,2.5
55329.05,2161.12,2814.47,0.4779,0.3738,8409.99,1,16017.34,14000.0,0.4562,2615.76,19600.56,6,33629.8,3.45,6,0,40475.35,30.0
125083.71,4926.87,6435.05,0.3967,0.1361,28754.35,4,26068.18,8000.0,0.5934,12449.11,45245.58,7,72495.43,5.97,19,0,85336.57,30.0
306844.28,9288.26,6734.2,0.1006,0.1076,36629.3,4,44377.81,0.0,0.4192,8615.61,0.0,6,232209.22,3.29,14,0,291992.06,30.0
220252.78,4781.24,6037.67,0.1421,0.072,9218.18,5,29613.12,0.0,0.4411,11335.68,37692.95,22,129432.23,5.05,3,0,174297.78,30.0
36492.37,3988.33,3558.59,0.1882,0.1224,26202.62,7,26391.73,40000.0,0.6553,14165.22,0.0,2,24432.43,8.61,2,1,308.6,2.3
154403.83,6109.07,8291.62,0.3873,0.1292,20904.59,3,52719.78,20000.0,0.6085,10987.77,65476.49,12,88220.39,9.72,5,0,103627.75,30.0
44922.93,2717.35,1538.25,0.4686,0.3335,22806.57,4,6748.58,28500.0,0.4062,4038.14,0.0,10,28707.58,3.19,6,0,17423.1,30.0
23495.74,2649.24,2481.8,0.2068,0.2067,5812.84,3,8668.32,14000.0,0.4484,3756.98,0.0,11,13792.34,2.31,1,1,10182.24,22.7
166322.9,7515.98,3548.41,0.1512,0.124,22480.5,5,39375.84,6000.0,0.3602,9502.49,0.0,8,142867.32,7.3,29,0,176582.99,30.0
177905.55,4499.41,7287.63,0.261,0.1794,26772.0,7,45307.7,0.0,0.3888,5875.93,83646.63,17,137992.03,9.59,28,0,106155.63,30.0
211054.2,5205.31,5892.2,0.1613,0.1127,20497.52,5,29027.51,0.0,0.4503,9314.99,20606.77,6,158075.31,3.6,5,0,192123.26,30.0
87837.75,4611.76,6308.81,0.2691,0.2766,37417.51,6,15779.01,40000.0,0.3885,10669.89,50911.51,14,68447.5,6.55,13,1,281.76,13.4
49151.25,1963.61,1590.37,0.4705,0.2082,27177.2,3,15644.73,5000.0,0.4578,5736.74,0.0,14,40938.93,1.7,9,0,25480.17,30.0
61993.04,4393.63,5919.55,0.3414,0.2086,36717.58,7,12993.74,20000.0,0.5155,8317.83,45777.61,15,32289.09,7.8,27,1,-15870.55,10.1
229147.79,10285.22,7236.5,0.1867,0.1018,33636.44,5,44293.99,0.0,0.3492,7605.15,0.0,6,124226.4,4.26,8,0,218582.55,30.0
148829.74,4907.07,8259.44,0.1944,0.2701,45392.48,5,10919.54,0.0,0.4369,14207.2,100571.25,1,119298.59,7.6,8,0,103305.59,30.0
168554.38,5745.38,5363.72,0.2081,0.2315,62302.18,7,36009.52,20000.0,0.3907,12942.2,0.0,9,103256.02,9.6,27,0,104216.17,30.0
130349.8,3321.4,5949.89,0.2677,0.1904,64956.85,6,21646.83,8000.0,0.6882,4635.47,78854.76,3,86122.46,9.23,30,0,59779.75,30.0
45049.59,1295.44,2131.05,0.2981,0.3379,20879.53,4,6593.1,0.0,0.2513,8555.15,25068.07,11,32182.62,3.29,19,1,14684.29,11.6
164904.92,5579.32,7868.07,0.2976,0.14,51432.11,7,38437.28,40000.0,0.6041,9316.72,68662.26,12,132280.79,9.02,13,0,68688.9,30.0
266335.01,9306.74,5874.54,0.1278,0.1339,39079.74,3,29732.25,0.0,0.3452,9002.44,0.0,4,166132.37,3.14,17,0,245862.42,30.0
33850.46,3957.26,5004.9,0.3625,0.209,16659.87,4,31570.13,20000.0,0.6496,7014.08,31429.2,10,21341.47,4.58,2,1,1908.94,2.6
265807.0,10415.39,5663.09,0.1835,0.105,34606.14,2,38226.26,0.0,0.3073,7417.01,0.0,25,250607.87,5.16,20,0,313161.27,30.0
161920.98,6373.22,8017.45,0.3313,0.2731,37804.89,4,48947.44,0.0,0.4423,8166.78,49327.08,8,103478.0,6.49,18,0,119808.39,30.0
49360.31,2972.03,7956.29,0.4287,0.1152,43445.24,4,42613.97,0.0,0.5424,9476.19,149527.69,2,26898.21,8.53,3,1,11638.51,1.4
153033.18,7036.67,3763.37,0.4179,0.1395,26031.2,4,18442.14,40000.0,0.6079,11746.19,0.0,16,88455.92,9.51,28,0,143644.86,30.0
162794.38,9305.07,6206.52,0.1348,0.0581,9253.88,3,41028.18,0.0,0.4251,2751.68,0.0,8,109763.42,3.39,9,0,179508.47,30.0
138208.71,9073.61,7159.68,0.1762,0.059,14383.51,3,79306.26,0.0,0.4243,4578.64,0.0,10,78647.47,3.13,30,0,156453.33,30.0
43270.05,2773.99,3057.12,0.4515,0.1626,25359.43,4,8117.55,14000.0,0.4738,5264.09,8493.69,9,26996.91,2.04,17,1,6820.1,9.6
60218.24,6976.62,6792.61,0.2007,0.241,42389.23,7,15209.49,40000.0,0.6095,13642.56,0.0,8,41461.99,5.8,22,1,-5300.99,7.4
104550.14,3403.24,3238.89,0.1875,0.2912,59342.12,6,44756.65,0.0,0.6174,14605.4,0.0,10,79000.28,7.99,15,0,57922.55,30.0
44574.44,2516.35,2951.02,0.5474,0.2467,14966.02,4,21390.81,28500.0,0.3629,7534.59,13040.01,18,27133.16,1.75,30,1,7319.54,24.1
142461.31,3724.53,3203.58,0.2597,0.2838,30930.22,6,39438.95,20000.0,0.5523,11730.02,0.0,13,104420.22,9.11,19,0,113803.64,30.0
109417.22,8183.5,4817.27,0.159,0.1418,13987.22,3,58870.98,6000.0,0.4866,3677.99,0.0,18,84346.04,5.35,8,0,147053.21,30.0
233512.9,7994.8,5485.5,0.177,0.1113,37601.42,5,71849.45,0.0,0.4118,11714.39,0.0,6,165863.79,7.85,3,0,230110.67,30.0
196247.43,11874.91,4110.9,0.0911,0.093,35143.57,5,25585.95,0.0,0.3854,5490.94,0.0,17,159939.9,6.9,30,0,263631.41,30.0
76976.56,6459.14,5520.36,0.1543,0.0774,26056.0,4,49366.76,0.0,0.4567,3643.48,0.0,14,40686.11,6.34,23,0,65961.2,30.0
41077.55,5874.43,4165.36,0.4048,0.1548,43175.8,6,9900.64,40000.0,0.6467,8123.09,0.0,12,27164.1,7.97,25,1,-11535.82,9.0
38552.16,2485.05,2096.48,0.3017,0.2726,22970.19,1,24872.67,14000.0,0.2655,5010.89,0.0,23,35887.92,1.5,13,0,16010.32,30.0
33766.17,1320.02,2765.59,0.4035,0.201,21006.17,1,3811.7,5000.0,0.4793,1779.52,43367.14,11,21143.77,2.75,10,1,-6676.34,5.6
53664.79,1330.54,1678.95,0.2418,0.3985,16794.68,1,16514.12,0.0,0.2631,8225.71,10452.14,13,30740.07,4.45,6,0,36079.22,30.0
134550.86,5812.24,7563.08,0.0853,0.1235,12592.5,4,25545.17,0.0,0.2616,10379.0,52525.25,10,92532.14,4.77,23,0,102899.27,30.0
61473.91,4477.67,7347.58,0.3431,0.1653,26974.84,4,23755.32,40000.0,0.5825,12183.76,86097.26,15,36815.24,8.94,9,1,-31991.3,8.0
40909.68,2578.75,3042.37,0.2517,0.3563,19950.77,2,8944.41,28500.0,0.233,5396.88,13908.58,6,20780.56,2.78,4,1,4982.87,7.4
40887.97,2268.18,1973.52,0.362,0.3774,25309.38,2,3870.09,0.0,0.3493,6223.83,0.0,24,24631.95,1.89,2,1,13030.25,30.0
30855.89,1862.88,2687.86,0.3182,0.2482,15836.45,3,15103.76,28500.0,0.502,8133.99,24749.6,18,26335.95,4.03,21,1,-15135.95,9.4
282963.85,10652.25,3547.36,0.1126,0.0796,18790.7,4,39857.2,0.0,0.377,3338.77,0.0,10,144398.61,4.99,14,0,329658.72,30.0
47305.04,2671.22,3190.76,0.366,0.365,20231.92,4,7259.53,5000.0,0.2584,3372.87,15586.24,9,33184.23,3.37,14,0,18021.53,30.0
24572.81,3002.94,3463.64,0.3687,0.2247,21066.15,1,2223.88,0.0,0.4556,7244.95,13821.07,7,21187.71,4.41,3,1,-2514.14,2.8
42633.36,2360.34,2148.83,0.381,0.2973,21095.26,3,18958.98,28500.0,0.5113,1917.29,0.0,19,38172.45,3.07,22,1,9977.48,30.0
55742.41,2493.18,1463.39,0.4502,0.3655,18826.26,1,10704.38,28500.0,0.4314,1728.93,0.0,4,49621.66,3.37,21,0,28902.89,30.0
77361.16,11332.48,4181.6,0.141,0.0632,12897.2,3,33852.03,6000.0,0.4756,9498.36,0.0,24,59820.77,6.79,29,0,192124.57,30.0
177506.41,9773.04,7785.55,0.0983,0.1363,36997.94,2,22034.99,0.0,0.3552,9324.22,0.0,27,96255.17,5.04,22,0,150847.56,30.0
34334.17,2085.36,1875.29,0.3051,0.3918,20491.77,1,12432.18,28500.0,0.301,3100.7,0.0,24,17719.11,2.68,22,1,-818.06,29.6
57956.29,2895.71,1953.3,0.4809,0.3491,15658.12,4,13610.35,0.0,0.3173,6728.01,0.0,22,41771.94,3.14,30,0,55199.71,30.0
274790.08,10041.54,6666.53,0.1694,0.052,15079.81,2,66125.44,0.0,0.4812,10301.38,0.0,20,140270.09,3.14,20,0,313279.76,30.0
328995.18,8721.12,3267.62,0.147,0.127,35665.84,5,29043.97,0.0,0.4296,9417.19,0.0,14,297602.15,6.07,14,0,356784.46,30.0
131152.52,4935.45,7588.21,0.1978,0.1067,28803.62,5,80838.76,0.0,0.4721,4318.16,79582.64,14,66606.66,7.69,15,0,83890.85,30.0
48581.96,2718.62,3012.23,0.5462,0.2523,22647.64,1,13000.26,5000.0,0.4388,2952.41,8808.32,7,44747.7,3.65,14,0,22704.86,30.0
147944.82,5534.83,7617.98,0.2291,0.142,27332.17,7,25704.77,8000.0,0.6742,11321.77,62494.42,14,104244.98,7.56,29,0,82995.49,30.0
173597.75,5865.19,7883.74,0.3169,0.2254,55049.25,3,45544.09,20000.0,0.3744,4599.16,60556.45,17,162756.45,5.59,13,0,71621.42,30.0
28689.67,2529.96,2072.08,0.2935,0.3534,16948.07,4,24309.18,14000.0,0.5431,7303.52,0.0,7,26012.46,2.76,7,1,14446.55,7.5
149630.41,5108.7,7043.76,0.1998,0.1078,32904.0,2,61269.94,0.0,0.2647,9804.68,58052.01,15,125358.72,7.49,6,0,96953.39,30.0
18200.01,2407.74,2294.88,0.262,0.3468,21217.58,3,8331.39,5000.0,0.2701,3912.31,0.0,4,16259.14,3.34,21,1,-3339.89,1.0
128366.91,7593.57,5624.42,0.1501,0.0569,24506.43,2,94442.67,0.0,0.4592,6794.31,0.0,23,106196.56,5.5,18,0,152023.54,30.0
308793.88,6760.87,5308.76,0.1829,0.1365,8823.43,5,89760.21,6000.0,0.2564,8709.17,0.0,5,277068.09,4.97,18,0,333677.04,30.0
35022.73,5951.42,5185.02,0.2707,0.1883,53842.11,3,45763.53,8000.0,0.5225,10943.21,0.0,4,23614.97,4.96,11,1,-6009.46,1.0
72814.15,3598.77,3755.94,0.2854,0.1251,53929.86,5,39679.22,8000.0,0.4357,4603.39,4715.18,14,64060.29,5.29,23,1,18922.54,11.1
78033.82,5892.47,7955.03,0.3847,0.1924,58231.99,3,52471.68,40000.0,0.6839,14825.08,61876.7,1,69836.41,4.13,10,1,18490.07,1.1
346170.92,9932.46,4030.84,0.1639,0.1206,22843.65,4,68046.28,0.0,0.425,10542.6,0.0,18,322718.95,5.5,13,0,420695.08,30.0
322814.73,11323.88,7440.75,0.1784,0.1195,20287.54,4,28752.63,0.0,0.2561,3322.54,0.0,20,231965.4,6.25,14,0,346475.46,30.0
280977.57,11879.38,3124.53,0.1991,0.0604,10246.91,2,88701.91,0.0,0.3539,4389.48,0.0,25,158694.23,6.06,17,0,465656.17,30.0
36296.04,5080.62,7420.68,0.3181,0.1376,45260.84,6,52028.1,20000.0,0.5205,14055.3,70201.79,11,22313.21,5.53,27,1,-35470.41,1.0
62128.83,2074.26,2613.5,0.462,0.3313,8360.39,4,8963.61,0.0,0.404,7956.24,16177.37,20,45817.99,3.96,22,0,38334.18,30.0
72397.77,5568.21,3960.43,0.2713,0.1066,21039.13,3,31947.88,40000.0,0.4258,3898.42,0.0,8,37964.69,9.11,1,0,48321.64,30.0
123185.98,4872.9,4473.7,0.2792,0.2746,59353.77,3,8880.13,0.0,0.6429,14296.57,0.0,2,83997.29,9.45,8,0,66256.88,30.0
56434.93,5143.7,8066.51,0.3176,0.151,17130.66,5,20938.32,0.0,0.3609,7035.62,87684.1,8,49763.58,8.7,15,1,16425.76,7.3
49205.55,2876.82,2706.22,0.2405,0.2282,19593.07,2,10551.17,5000.0,0.3664,6578.72,0.0,14,38867.48,2.39,2,0,25872.63,30.0
167689.15,4632.23,2905.64,0.0934,0.1305,24620.0,5,93771.46,6000.0,0.3254,11978.99,0.0,17,139479.28,6.01,10,0,191238.58,30.0
44136.92,6386.34,4270.94,0.4021,0.2923,30136.45,6,40750.47,20000.0,0.4243,3936.37,0.0,10,35017.0,5.13,13,0,28906.86,30.0
53014.76,4747.81,7718.41,0.4415,0.2331,35714.11,7,32781.19,0.0,0.6727,4584.59,89118.01,9,31697.24,8.86,5,1,-4880.86,3.9
22405.55,2487.5,2048.35,0.286,0.1889,10416.88,2,4943.11,14000.0,0.2473,5443.93,0.0,4,21097.22,2.64,7,1,6815.73,2.2
37260.66,2838.93,2230.83,0.3234,0.2347,18001.9,4,22557.56,0.0,0.5231,1865.69,0.0,17,29349.91,3.26,25,0,29253.13,30.0
344444.46,11333.01,5269.46,0.1386,0.0938,38545.98,2,24782.74,6000.0,0.2569,3659.54,0.0,22,283816.47,7.68,29,0,395696.67,30.0
54230.93,3088.54,7530.85,0.2147,0.2085,42936.36,4,23016.74,8000.0,0.5198,14052.63,133269.1,6,27237.01,8.3,30,1,-14676.69,2.9
30892.99,2747.13,2508.34,0.4238,0.3099,24485.95,4,5547.12,14000.0,0.4349,4406.97,0.0,22,19271.01,3.06,26,1,-4956.99,18.1
36951.98,1244.16,2763.42,0.5255,0.3712,5436.23,4,5650.64,0.0,0.3757,6372.31,45577.71,10,26938.91,4.3,9,0,16266.0,30.0
129602.38,7043.35,6071.73,0.2765,0.2614,63043.72,5,18566.19,40000.0,0.6299,5038.04,0.0,11,105621.21,5.86,3,0,50085.25,30.0
96183.66,8649.44,6325.42,0.1132,0.107,36716.7,3,42633.72,0.0,0.4288,10377.19,0.0,16,63624.79,4.55,26,0,86542.65,30.0
22244.94,2339.12,2100.81,0.3463,0.3282,7095.0,1,10660.89,0.0,0.2032,3572.95,0.0,21,11597.43,2.46,2,0,15125.4,30.0
54928.87,2923.98,2220.49,0.3312,0.3392,5247.21,1,13793.34,0.0,0.3033,2378.21,0.0,24,29026.59,3.72,29,0,58045.64,30.0
322830.32,10742.46,4307.1,0.1168,0.1487,19997.73,3,66635.5,0.0,0.4203,5049.52,0.0,22,173676.75,6.21,5,0,423117.1,30.0
66818.32,5507.35,6905.84,0.2432,0.2371,23374.15,7,37878.97,20000.0,0.4701,10619.62,41954.55,8,42107.54,6.51,3,0,29057.38,30.0
45919.24,3001.24,2170.94,0.2103,0.1562,18525.29,3,9141.0,0.0,0.2488,2325.34,0.0,13,23517.02,2.2,9,0,33792.69,30.0
97073.01,7371.02,7541.06,0.2014,0.244,42369.38,5,54965.58,8000.0,0.5199,5244.54,5101.27,10,90246.71,7.81,18,0,56473.58,30.0
177930.64,9633.29,3548.19,0.1986,0.1089,33898.16,3,64250.38,0.0,0.4536,6073.4,0.0,20,117532.73,3.2,3,0,253275.83,30.0
80099.66,4253.09,4692.82,0.2183,0.2698,54311.66,4,50637.71,20000.0,0.6733,11402.03,13192.01,10,69744.53,6.62,3,1,23234.69,9.3
217832.02,5281.34,3245.89,0.1776,0.1429,8138.78,4,56863.42,0.0,0.2999,2111.38,0.0,4,142784.18,5.09,11,0,236636.73,30.0
84109.35,4309.25,3206.59,0.1691,0.2247,48765.38,3,15579.05,20000.0,0.5301,8217.64,0.0,13,63140.84,9.16,19,0,34417.14,30.0
134808.1,4964.26,5504.64,0.2059,0.1768,39838.11,6,50250.56,0.0,0.6968,6238.34,16211.49,10,109301.01,6.85,25,0,99866.9,30.0
154982.01,6093.12,3663.1,0.3786,0.1359,62297.31,6,21811.94,0.0,0.4328,7735.81,0.0,1,131094.0,4.92,7,0,102739.74,30.0
299720.0,7623.43,6517.35,0.1145,0.0556,13025.3,3,31766.87,0.0,0.419,8487.96,0.0,4,258785.55,7.38,3,0,297432.83,30.0
15590.26,1385.72,1935.51,0.3608,0.3767,7650.25,3,17694.01,0.0,0.5052,6889.5,16493.48,7,10279.39,1.97,24,1,9628.09,1.0
33218.31,3508.63,6962.37,0.3636,0.2282,18545.37,7,45343.11,40000.0,0.5171,11098.9,103612.37,11,18412.05,6.43,29,1,-32717.36,1.8
242048.5,7791.3,2643.18,0.1193,0.0921,28909.4,5,94257.36,0.0,0.3715,11293.25,0.0,7,229912.92,3.55,1,0,275811.01,30.0
55067.67,5412.61,4398.89,0.3409,0.2875,24007.08,4,21435.79,0.0,0.6252,6277.96,0.0,11,45087.0,5.02,13,0,38370.24,30.0
26748.28,1798.64,2795.9,0.5092,0.2637,27493.25,2,6418.33,14000.0,0.4613,2595.08,29917.74,9,20023.35,4.0,7,1,-17774.21,3.5
153409.08,6261.32,6217.24,0.3508,0.2492,54683.13,5,54054.85,8000.0,0.3966,5405.47,0.0,7,102835.53,4.27,9,0,107131.81,30.0
149905.98,8030.93,3529.79,0.1426,0.1357,9910.33,3,76731.84,0.0,0.326,10107.92,0.0,25,115503.32,7.3,20,0,242742.02,30.0
59522.27,2661.49,1997.67,0.3739,0.1569,16243.54,2,8873.83,0.0,0.3187,5419.01,0.0,7,41149.27,3.36,27,0,48374.79,30.0
42980.47,2051.17,1435.46,0.2099,0.2678,17367.39,4,23905.09,14000.0,0.2641,5887.82,0.0,16,36054.96,3.67,30,0,30825.64,30.0
245737.19,7355.07,6855.05,0.1165,0.0676,32125.26,2,81093.99,6000.0,0.386,7662.12,0.0,5,145921.88,6.49,5,0,237827.6,30.0
56452.38,1631.98,3182.53,0.299,0.1586,12589.39,2,18081.57,28500.0,0.2385,7094.1,46516.51,19,52292.24,2.84,26,1,792.3,18.5
45170.94,2594.73,3432.93,0.5086,0.2221,14883.15,3,12222.15,0.0,0.3593,7104.52,25146.02,13,28300.39,2.58,17,0,17988.83,30.0
54315.78,5698.59,7956.9,0.4294,0.2492,33362.11,4,9087.88,40000.0,0.4423,13443.92,67749.46,7,44604.43,4.61,11,1,-18863.8,3.7
48708.6,1679.1,2444.42,0.2864,0.2951,9455.79,3,4167.16,14000.0,0.4522,3983.06,22959.6,17,35403.09,1.98,19,1,14959.67,25.5
107663.19,5611.07,4931.08,0.2049,0.2619,39951.97,6,32667.87,8000.0,0.667,9128.89,0.0,6,58070.19,9.15,10,0,73993.41,30.0
134127.26,9269.25,4063.9,0.1584,0.071,37389.07,2,50964.45,0.0,0.4463,3108.12,0.0,9,121633.28,4.04,10,0,148031.48,30.0
6316.85,2980.97,2664.0,0.207,0.3981,7363.38,4,12039.35,0.0,0.3723,5069.07,0.0,20,3244.91,2.39,22,1,-2027.46,1.0
172138.11,5455.45,5304.88,0.2305,0.2868,57252.44,6,36180.2,8000.0,0.5887,10983.38,0.0,5,148629.3,5.12,23,0,121014.5,30.0
35597.27,1872.45,2152.6,0.3671,0.3993,18325.88,1,4427.63,0.0,0.3429,2867.47,8404.31,13,24705.36,2.64,7,1,10016.95,12.0
106195.78,11364.88,5731.67,0.0833,0.1463,11688.27,2,56426.02,0.0,0.327,6499.75,0.0,22,87762.2,7.3,8,0,190787.62,30.0
150414.79,4110.28,4665.09,0.4002,0.1296,29775.52,7,8685.72,40000.0,0.5659,14460.16,16644.26,17,91113.29,9.7,17,0,80550.46,30.0
156244.76,3898.3,4194.71,0.1534,0.1824,32093.72,4,44689.35,20000.0,0.6648,13835.76,8892.3,1,119741.19,9.96,24,0,130930.36,30.0
94764.92,8394.35,4126.07,0.1448,0.1074,23723.92,2,20819.63,0.0,0.3944,10522.09,0.0,19,82203.81,7.43,21,0,128199.7,30.0
5647.31,1509.66,3568.5,0.3119,0.1772,25450.65,3,3325.18,0.0,0.2416,3827.57,61765.19,22,4457.97,1.92,4,1,-70146.17,1.0
60146.88,2143.2,1422.86,0.2567,0.1756,17431.58,4,8082.78,14000.0,0.2154,6855.13,0.0,17,56460.08,3.96,27,0,44021.29,30.0
56915.73,1348.34,2224.39,0.3174,0.3983,23985.04,1,24030.4,28500.0,0.5449,2923.53,26281.44,9,43612.9,2.86,6,0,17821.42,30.0
321801.63,6589.52,5673.43,0.0938,0.0962,14360.08,4,46216.38,0.0,0.3808,5152.78,0.0,13,261752.99,4.59,28,0,320511.52,30.0
45886.42,1590.31,2807.65,0.233,0.305,7485.57,1,21211.3,0.0,0.3797,2354.29,36520.24,8,30629.16,2.98,2,0,34913.38,30.0
31974.32,1657.91,3242.9,0.5454,0.3723,17697.0,1,16687.55,28500.0,0.3849,6210.99,47549.66,21,25199.87,2.65,9,1,-33064.35,7.4
182855.39,10093.75,3051.12,0.1851,0.079,8576.78,4,36904.93,0.0,0.3509,10036.1,0.0,11,91784.41,4.89,10,0,244717.54,30.0
139745.07,6857.32,8087.18,0.3825,0.1465,62322.52,7,24075.59,0.0,0.5122,10700.58,36895.73,7,125233.14,6.51,12,0,69469.33,30.0
57990.93,3397.46,6317.27,0.3019,0.239,54997.13,7,10493.06,40000.0,0.4568,7828.42,87594.32,3,50093.84,7.85,22,1,-23279.48,1.0
135541.01,7574.36,4746.2,0.1728,0.0741,38506.0,3,21372.5,6000.0,0.4922,7104.64,0.0,7,69748.38,7.77,29,0,112333.71,30.0
30964.49,1923.25,2094.43,0.3719,0.1915,12101.84,1,19887.15,5000.0,0.3542,8563.69,5135.45,12,21819.98,3.22,4,0,17817.38,30.0
121380.33,11423.13,6451.88,0.1605,0.1224,15281.93,2,94069.23,0.0,0.2578,2989.0,0.0,26,103595.72,7.4,6,0,213370.09,30.0
10902.62,1202.3,1404.19,0.5277,0.3818,5964.96,2,8386.9,14000.0,0.4336,6950.08,6056.45,24,8853.03,2.24,24,1,-8827.04,1.0
14001.33,1782.36,2676.2,0.4891,0.2409,9528.5,1,9516.39,28500.0,0.3218,5010.01,26815.38,24,11514.42,1.62,22,1,-36667.25,1.0
163412.22,5494.63,8316.6,0.181,0.192,57072.4,7,40820.21,0.0,0.4967,10202.47,84659.05,10,104511.88,9.69,4,0,83177.85,30.0
40631.59,2376.22,2673.97,0.4006,0.228,25076.22,4,2699.86,0.0,0.352,5950.75,8932.34,20,27733.89,1.75,8,1,1104.18,16.6
175788.87,6685.78,3772.03,0.3026,0.246,58890.75,7,38450.7,8000.0,0.5944,12130.1,0.0,6,93032.5,4.86,23,0,138135.81,30.0
57219.73,4995.99,6215.43,0.2858,0.2838,33701.47,6,18566.4,40000.0,0.4496,10935.99,36583.28,5,31254.32,8.73,21,1,-453.93,5.1
60066.58,1651.54,1663.95,0.2709,0.1924,11079.6,3,14262.69,0.0,0.2317,7483.79,372.03,14,38924.45,2.0,15,0,50001.52,30.0
29167.98,2075.08,1487.71,0.5016,0.3989,17476.35,2,17832.46,0.0,0.5231,7954.99,0.0,2,15224.25,3.08,23,0,19681.12,30.0
84948.26,3313.41,3474.29,0.2698,0.12,18171.07,6,48292.0,40000.0,0.3862,7744.18,4826.52,16,73391.19,4.31,5,0,52770.82,30.0
224171.84,5828.4,3315.28,0.1489,0.0867,10014.97,5,70192.76,0.0,0.3895,6984.78,0.0,17,192839.4,3.97,29,0,265053.91,30.0
53687.68,1645.95,2427.74,0.4861,0.204,23472.36,4,2220.72,14000.0,0.3092,4793.1,23453.66,17,36833.34,3.33,15,1,5416.24,17.3
179996.08,5597.85,6530.3,0.1835,0.1807,50095.89,7,19697.53,20000.0,0.6513,13011.26,27973.45,13,166428.71,4.47,21,0,101362.14,30.0
126269.24,9279.57,6675.3,0.1051,0.0593,32387.06,3,22385.55,6000.0,0.3379,3357.54,0.0,16,78824.24,7.91,15,0,111713.96,30.0
14596.36,2874.01,2318.07,0.4789,0.2828,6844.17,2,4315.23,14000.0,0.3682,7551.85,0.0,21,13203.78,4.39,22,1,2226.94,1.3
87415.75,3301.55,3911.44,0.4011,0.25,47892.62,7,47426.62,40000.0,0.4838,12941.84,18296.49,4,60523.23,4.46,14,0,32868.95,30.0
218613.35,10236.43,2932.14,0.1508,0.105,8460.88,3,36472.85,6000.0,0.4025,8956.42,0.0,25,170516.08,7.14,2,0,353316.88,30.0
76334.64,4705.56,8333.89,0.2105,0.2159,32626.42,6,54331.01,40000.0,0.3791,5614.72,108849.85,11,39414.75,8.01,30,1,-4647.2,6.6
126495.02,5911.82,4017.73,0.2999,0.2581,39079.81,6,13913.42,20000.0,0.5052,4989.65,0.0,6,67388.73,4.36,22,0,87589.33,30.0
178953.67,7331.39,7594.62,0.2299,0.1045,42222.66,6,14530.88,8000.0,0.6417,3668.64,7896.97,11,166119.37,8.66,11,0,120008.35,30.0
41743.92,5422.49,4172.6,0.3551,0.222,36528.2,4,44149.31,40000.0,0.6906,14224.59,0.0,1,25884.01,6.84,17,1,2806.64,1.0
5636.46,2942.73,2577.76,0.5414,0.3287,24047.11,2,10054.64,28500.0,0.2281,5911.43,0.0,23,5084.77,3.02,4,1,-33317.22,1.0
12025.23,2317.82,2061.04,0.5491,0.2515,12984.46,2,24216.72,0.0,0.2743,6216.37,0.0,17,10948.05,3.89,6,1,5858.77,1.0
87927.26,11142.89,4208.21,0.1478,0.077,11497.2,3,66170.92,0.0,0.4962,2717.8,0.0,20,75346.12,6.08,27,0,197371.11,30.0
27230.39,1964.07,3502.85,0.3433,0.2055,25458.32,2,23150.96,0.0,0.4213,4704.5,46163.43,21,25206.95,3.59,14,1,-29989.96,3.8
106132.14,5310.52,4054.89,0.151,0.0884,36967.2,4,51710.35,6000.0,0.4021,3597.51,0.0,6,56881.41,7.97,1,0,87093.32,30.0
322083.19,11302.6,4563.27,0.1166,0.0949,37236.48,4,89524.06,0.0,0.336,9188.51,0.0,24,181848.98,4.8,27,0,427797.94,30.0
11938.67,1477.06,1875.56,0.397,0.3417,6031.01,3,11797.21,0.0,0.2444,8025.11,11955.19,15,7770.63,1.61,25,1,111.96,1.1
40246.28,5559.78,6367.03,0.2406,0.1158,32183.23,6,41381.35,8000.0,0.6823,9426.93,24217.7,16,27328.62,5.44,7,1,-10648.69,5.0
21092.28,1842.4,2604.9,0.4708,0.2489,17722.63,1,16184.7,28500.0,0.5307,7705.12,22875.06,10,19042.32,1.89,14,1,-15982.13,2.7
234924.65,9594.65,4118.41,0.133,0.1307,37180.17,5,73839.23,6000.0,0.3327,3650.62,0.0,11,210606.76,3.98,19,0,262628.81,30.0
62741.65,2918.31,6399.78,0.3642,0.276,52246.77,7,32238.27,0.0,0.6202,14120.13,104444.05,13,54891.35,5.03,18,1,-29279.31,4.9
6951.78,1918.19,3266.43,0.3344,0.2654,9007.74,4,12305.6,14000.0,0.2951,3556.0,40447.08,3,4805.45,3.75,21,1,-8604.19,1.8
54368.67,1631.78,2885.67,0.3773,0.1866,8721.07,4,8661.66,0.0,0.2087,8480.61,37616.73,17,41504.91,3.26,23,0,22006.29,30.0
161390.25,5808.01,7542.16,0.1597,0.2342,44224.86,6,25471.57,40000.0,0.4318,6034.07,52024.29,5,142982.15,5.83,29,0,93107.26,30.0
122096.82,7171.9,6674.35,0.3442,0.2519,55844.8,5,11672.16,0.0,0.6533,6142.95,0.0,16,94175.87,5.11,8,0,56448.22,30.0
200928.98,5010.37,3652.41,0.081,0.1277,22275.78,2,37604.74,0.0,0.4539,11979.4,0.0,19,109829.86,3.03,27,0,200604.33,30.0
67575.95,6621.78,3882.53,0.4277,0.1402,63584.95,5,40281.79,8000.0,0.3785,7074.27,0.0,11,44884.91,9.34,24,0,31391.0,30.0
63443.85,2838.83,1561.52,0.3572,0.3088,6704.2,4,5247.84,28500.0,0.2667,5834.91,0.0,11,38689.22,1.95,12,0,52750.16,30.0
57354.11,2576.5,2160.68,0.3496,0.3317,23706.56,2,12701.88,0.0,0.2741,5015.71,0.0,24,39405.52,2.1,21,0,36699.93,30.0
176268.34,2999.61,5575.61,0.3408,0.1017,46272.1,7,9515.99,40000.0,0.5589,3674.4,77280.21,12,117446.75,5.76,21,0,75042.99,30.0
22764.63,1693.43,2386.28,0.4613,0.2885,14043.4,2,10155.01,0.0,0.4132,5025.59,20785.47,13,16188.65,4.31,23,1,-414.88,3.8
312462.21,6902.46,5512.42,0.1528,0.0972,19971.36,4,26363.55,0.0,0.4778,9397.17,0.0,9,185972.82,4.67,28,0,303358.44,30.0
184747.51,11074.54,6999.44,0.1775,0.0716,13166.69,4,91193.81,6000.0,0.3618,5179.52,0.0,26,132943.5,5.64,11,0,253653.6,30.0
229479.85,11002.1,5305.17,0.1528,0.1259,34863.28,4,34424.93,6000.0,0.3564,2735.81,0.0,14,118055.95,4.79,8,0,254537.11,30.0
68807.34,3383.92,6905.39,0.4029,0.104,56375.01,4,18249.18,8000.0,0.4318,14342.79,105643.96,14,62160.17,7.41,13,1,-42982.96,5.9
153932.06,3779.21,5255.94,0.3423,0.275,50865.19,5,22817.79,0.0,0.5812,13068.26,44301.83,1,95561.45,9.56,18,0,110271.18,30.0
12932.75,1834.75,2238.71,0.3332,0.2393,26791.77,1,18131.01,0.0,0.2171,4980.25,12118.73,12,6990.93,3.18,18,1,-15186.1,1.0
83639.22,4982.35,6141.51,0.3906,0.1422,57133.21,7,16887.28,40000.0,0.4896,4560.98,34774.8,4,61929.95,8.86,3,1,5067.95,3.8
126192.01,3478.79,6557.49,0.2715,0.1929,21421.51,5,17970.14,40000.0,0.6305,6989.99,92361.09,13,101912.37,5.14,12,0,42475.11,30.0
121482.66,7142.1,3192.36,0.1449,0.0793,22511.11,3,91863.81,0.0,0.4222,2003.44,0.0,20,83528.27,3.98,17,0,186106.69,30.0
50274.57,4209.87,3497.68,0.2925,0.1418,54549.02,6,43204.82,0.0,0.3819,7934.59,0.0,9,25732.06,4.28,16,1,11753.39,5.8
230698.45,5690.62,5346.48,0.1275,0.0979,16728.87,5,86934.24,0.0,0.2993,7008.27,0.0,18,127500.61,7.45,28,0,233905.28,30.0
54753.58,6030.85,5436.07,0.4285,0.1929,47354.22,3,18410.26,0.0,0.3608,8768.03,0.0,6,29861.19,7.16,9,1,10841.95,4.5
148176.64,5126.24,5474.74,0.1535,0.2136,50517.17,7,20546.74,20000.0,0.3937,12175.78,10455.12,9,74942.31,4.39,3,0,83678.69,30.0
170336.74,9400.83,5564.36,0.0877,0.1122,14690.21,3,20734.09,0.0,0.4535,11924.48,0.0,19,114186.1,3.18,28,0,200634.99,30.0
26669.8,2185.39,2190.26,0.3935,0.2097,27002.47,1,16919.87,28500.0,0.4224,7903.22,146.09,20,22105.47,2.6,25,1,-16793.02,8.7
25751.17,2284.17,1967.22,0.2935,0.3052,10729.14,3,5530.0,5000.0,0.5306,6451.34,0.0,19,17020.58,3.74,2,1,11471.19,30.0
83878.13,3696.37,5157.82,0.4061,0.2477,28285.97,7,13991.11,40000.0,0.4671,13881.71,43843.68,16,66901.55,8.48,30,1,6646.86,18.8
143531.96,3773.73,6498.21,0.324,0.2887,29159.8,5,10798.2,40000.0,0.4313,3704.68,81734.31,13,126154.29,6.16,27,0,53707.97,30.0
8615.23,2394.37,3334.3,0.3727,0.1912,19828.64,2,21796.34,5000.0,0.2406,8248.41,28198.06,10,7933.81,4.04,24,1,-20121.95,1.0
80307.24,6163.19,6052.51,0.4299,0.1477,31010.99,5,28096.29,0.0,0.4586,6793.09,0.0,8,58706.21,8.56,28,0,51829.37,30.0
35591.73,3118.48,3553.61,0.3861,0.2788,11585.57,1,2067.48,28500.0,0.2999,8978.37,13054.07,19,29186.87,1.71,6,1,-9793.71,19.0
247347.15,5748.14,4290.46,0.1749,0.0672,35973.58,5,43141.99,6000.0,0.4228,7635.37,0.0,15,142408.26,3.74,8,0,230889.16,30.0
65955.08,2846.33,5610.24,0.1714,0.2784,31458.88,7,52107.92,0.0,0.4108,8102.8,82917.49,4,45593.42,4.15,18,0,43149.11,30.0
71685.71,4019.24,6795.17,0.3305,0.1334,49765.83,3,30008.04,40000.0,0.6596,11159.71,83277.74,14,46756.78,7.11,1,1,-36039.74,6.9
52303.85,2915.68,7401.9,0.1506,0.1688,56207.53,7,20422.41,8000.0,0.5231,12823.71,134586.45,15,47438.95,5.48,24,1,-76255.03,3.3
139113.1,8262.35,3410.91,0.1199,0.0767,21397.54,3,56336.53,0.0,0.3689,6197.82,0.0,14,114665.19,5.58,10,0,185599.81,30.0
52541.41,4769.53,3903.51,0.1843,0.1046,15724.43,3,52840.34,0.0,0.449,6970.5,0.0,4,38393.86,5.6,15,0,57239.18,30.0
56134.88,2393.67,2674.64,0.4307,0.364,16666.92,4,14754.9,5000.0,0.4562,3083.43,8429.08,10,44891.65,3.45,26,0,34740.43,30.0
94884.19,6554.14,7230.42,0.2436,0.2405,33889.37,3,21507.77,0.0,0.5231,6879.51,20288.36,10,70696.85,9.15,22,0,49316.98,30.0
54046.63,1651.16,2715.72,0.2438,0.3946,8060.34,1,21029.39,28500.0,0.3591,7666.29,31936.82,10,40617.97,3.54,14,0,25763.71,30.0
48785.45,1227.32,3463.2,0.3558,0.2803,20233.6,4,15540.05,28500.0,0.5459,5275.52,67076.44,2,32897.55,2.54,11,0,15568.44,30.0
45995.51,3463.55,7835.81,0.2401,0.1611,55938.21,4,8360.21,40000.0,0.4855,14597.74,131167.9,12,29582.56,4.78,1,1,-87764.89,4.0
22597.25,2725.08,3062.61,0.3644,0.3294,22232.94,2,14472.52,0.0,0.3578,7885.31,10125.87,3,14764.71,3.39,30,1,3133.61,1.6
45482.21,1956.9,1839.94,0.5052,0.3805,13825.5,4,22902.23,14000.0,0.4194,7583.63,0.0,6,23883.27,2.34,24,0,32389.06,30.0
125843.25,6834.3,7883.12,0.182,0.2655,35551.22,4,27207.57,0.0,0.446,11727.68,31464.78,11,108957.65,5.88,16,0,74793.53,30.0
290712.14,8053.02,5624.88,0.0807,0.0709,36278.4,3,29980.56,6000.0,0.4747,2217.29,0.0,9,207912.66,6.2,6,0,270958.9,30.0
230286.41,5240.25,2801.13,0.1755,0.1126,16349.65,4,69349.3,0.0,0.4807,7472.5,0.0,21,157152.14,4.72,27,0,270556.43,30.0
63808.8,3515.05,6620.12,0.3266,0.1009,52684.79,7,31994.39,8000.0,0.4497,10722.95,93152.09,15,50356.65,8.14,17,1,-36723.46,6.3
39960.67,2884.35,2051.56,0.514,0.3051,16865.29,2,13093.33,5000.0,0.3481,6173.87,0.0,6,36167.09,3.03,15,0,26919.69,30.0
166976.22,6130.02,6790.66,0.3678,0.2319,23428.26,3,41579.35,8000.0,0.6159,5313.14,19819.32,3,101206.13,4.29,14,0,150147.42,30.0
137896.27,9977.18,3515.49,0.1528,0.1128,29578.75,5,91050.35,6000.0,0.438,6383.42,0.0,13,110393.09,5.34,11,0,200349.46,30.0
20656.38,3043.26,3446.06,0.3548,0.1619,26365.87,4,21066.82,28500.0,0.3073,3353.42,12083.98,20,14032.32,3.43,25,1,-31673.96,3.3
133116.11,6910.16,6724.1,0.3186,0.2421,18742.44,7,16707.94,8000.0,0.6128,5231.14,0.0,8,101200.17,7.69,21,0,107766.85,30.0
114594.82,4950.31,6594.02,0.3671,0.1452,31060.81,7,47529.68,8000.0,0.524,8498.07,49311.03,3,104183.91,6.75,9,0,91064.28,30.0
164795.36,6547.93,7977.79,0.2143,0.2336,15562.53,5,23195.14,20000.0,0.6085,11908.97,42895.65,17,90160.54,9.67,23,0,101614.38,30.0
121088.1,7607.7,3683.36,0.1832,0.1249,17982.19,5,48283.07,0.0,0.3384,8818.79,0.0,5,97534.11,7.14,1,0,134053.75,30.0
25794.94,2253.54,2010.96,0.4452,0.2529,20318.48,4,10792.69,5000.0,0.3107,8542.93,0.0,15,16407.41,4.36,21,1,3847.87,9.9
98565.45,5186.44,4615.84,0.1723,0.1662,28151.26,6,42639.55,0.0,0.5235,3687.76,0.0,8,55472.03,4.71,3,0,83942.27,30.0
92593.88,7098.76,5361.5,0.2838,0.1254,36878.72,7,47261.42,0.0,0.4623,7810.09,0.0,16,56960.01,4.64,9,0,79824.66,30.0
31624.45,2464.33,2619.89,0.5422,0.3464,25078.44,4,24993.84,0.0,0.471,4166.97,4666.74,24,17828.87,3.55,21,1,741.05,13.4
149547.21,4401.11,8003.01,0.3134,0.1931,38812.62,5,31314.26,8000.0,0.6255,4217.32,108057.1,17,87040.07,7.47,10,0,42851.38,30.0
62967.15,1377.73,2725.14,0.2317,0.1892,9161.41,4,20796.53,0.0,0.4117,4829.97,40422.01,5,45357.72,3.45,5,0,54679.05,30.0
45865.32,3467.11,5092.54,0.1703,0.1478,60967.9,5,15997.23,8000.0,0.5797,3149.16,48762.76,17,33509.32,6.35,29,1,-52238.01,3.7
32264.77,2763.06,1473.73,0.4743,0.3166,24011.05,4,6002.98,0.0,0.2845,5435.55,0.0,5,29711.69,2.57,5,0,15159.99,30.0
39648.79,4311.19,5062.49,0.3929,0.2471,49774.95,5,11831.73,40000.0,0.5913,3262.36,22538.89,8,31053.76,9.56,8,1,-38332.17,2.0
98366.34,6124.1,4834.15,0.1811,0.0755,37770.23,4,71014.84,0.0,0.4993,5552.62,0.0,18,59061.22,6.4,9,0,90585.87,30.0
53188.63,5656.23,6531.8,0.1772,0.1932,62503.2,7,23362.99,40000.0,0.4412,8605.56,26267.01,5,40204.61,9.71,15,1,-30132.78,2.5
98687.08,9006.79,6166.24,0.1006,0.1046,29981.5,4,66159.16,0.0,0.3337,2774.17,0.0,21,55308.24,7.48,9,0,117143.97,30.0
20149.02,1998.2,3466.19,0.4359,0.2138,14875.39,4,8007.13,0.0,0.2196,6631.68,44039.6,4,17488.64,2.93,16,1,942.83,1.0
60783.57,5961.75,3924.89,0.1568,0.2727,59294.77,5,29848.91,8000.0,0.4667,4882.19,0.0,10,39349.78,8.8,13,1,18343.62,8.5
50993.2,2364.06,3412.88,0.3277,0.3957,16601.15,3,20782.3,0.0,0.4015,8800.51,31464.49,17,43898.72,3.68,19,0,16555.11,30.0
39089.54,6642.1,3428.08,0.1912,0.155,44256.32,5,34868.22,0.0,0.5717,14716.31,0.0,2,20724.24,6.8,26,1,12591.19,1.5
32061.54,1240.18,2925.7,0.5091,0.3942,18718.94,1,23571.6,5000.0,0.4907,1738.32,50565.42,11,28466.49,3.78,10,1,-1526.09,5.9
231872.68,10799.84,7682.15,0.1485,0.0659,9607.58,4,66302.84,6000.0,0.2889,3153.17,0.0,11,146332.5,3.12,16,0,256475.72,30.0
98092.52,9014.38,6065.79,0.1727,0.1003,20578.49,4,59747.62,0.0,0.2993,5689.98,0.0,15,89215.6,4.74,5,0,118250.56,30.0
203604.16,8598.35,5776.87,0.1601,0.139,17856.35,2,40446.02,0.0,0.488,11401.69,0.0,22,186431.01,3.36,15,0,226134.4,30.0
159891.94,7268.6,4920.47,0.2757,0.2438,57380.33,4,21786.2,20000.0,0.4551,12045.71,0.0,12,105086.9,7.5,18,0,111888.82,30.0
54625.45,3116.59,1521.05,0.2817,0.1974,24558.74,3,11538.9,0.0,0.4356,4715.09,0.0,6,32652.76,4.17,8,0,39846.97,30.0
86661.78,4427.58,4819.45,0.3522,0.2125,54844.65,5,24137.75,40000.0,0.6481,5899.32,11755.97,17,60698.11,7.74,7,1,212.88,17.4
33682.68,2710.94,2175.96,0.4747,0.3918,21513.34,2,19783.12,0.0,0.5082,4901.97,0.0,15,30028.84,2.26,24,0,20016.75,30.0
118776.57,9463.4,7037.25,0.1146,0.0905,17444.59,3,27534.99,6000.0,0.3924,7191.68,0.0,5,99059.67,5.02,21,0,111890.12,30.0
144596.41,3128.51,5771.64,0.2471,0.27,59345.96,5,14010.48,20000.0,0.5977,13431.1,79293.72,8,77566.74,7.04,25,0,54291.72,30.0
33950.98,2239.61,2732.55,0.5395,0.3957,8483.81,3,13226.43,0.0,0.3844,7838.9,14788.14,4,25574.83,2.19,6,0,28259.27,30.0
240571.46,8804.6,4924.13,0.1355,0.1454,17541.93,2,94662.94,0.0,0.2846,6462.19,0.0,25,145638.54,4.17,11,0,313828.18,30.0
23876.01,2124.98,1440.77,0.4092,0.1579,6751.52,4,18230.18,0.0,0.3887,4934.14,0.0,22,19247.25,2.43,23,0,30225.01,30.0
38623.14,1537.87,1740.48,0.4703,0.2166,26075.95,2,23109.85,5000.0,0.3315,6975.14,6078.31,22,33737.3,1.77,11,1,7858.89,16.7
52290.74,1945.3,2187.97,0.5496,0.246,11443.44,4,16234.52,0.0,0.2867,6174.1,7280.01,4,32192.6,3.59,1,0,44684.38,30.0
268986.85,11526.34,6129.84,0.0809,0.0766,33278.11,3,42256.09,0.0,0.4764,8434.46,0.0,11,164995.51,7.81,24,0,285851.82,30.0
126344.72,4262.91,3622.41,0.3626,0.1918,26073.51,6,51394.01,20000.0,0.5448,8464.81,0.0,11,83381.09,5.9,10,0,109533.14,30.0
63674.23,5896.56,7326.52,0.353,0.1964,56075.21,6,41524.42,8000.0,0.6971,7857.76,42898.64,6,36415.89,4.19,27,1,5318.57,3.2
50877.58,2739.77,3198.47,0.4944,0.2551,24285.53,1,6917.82,0.0,0.5036,5444.53,13761.21,14,47316.7,2.99,13,0,15160.99,30.0
31342.24,3236.52,4706.92,0.1776,0.2788,48367.52,4,40461.95,20000.0,0.649,14650.34,44111.91,5,27460.11,9.17,26,1,-20722.2,1.6
330362.62,9481.87,2542.65,0.0925,0.1358,27753.36,4,63247.46,0.0,0.2712,4135.19,0.0,9,278839.07,5.18,1,0,373435.44,30.0
291532.83,9897.62,7380.85,0.1061,0.0607,30420.87,3,79667.33,6000.0,0.4038,10222.76,0.0,24,159901.09,4.6,21,0,302507.52,30.0
125506.62,4716.26,7509.18,0.1869,0.0718,27883.96,2,77238.42,6000.0,0.4451,2479.8,83787.6,15,74859.11,5.46,28,0,69183.3,30.0
126255.22,6637.11,4729.46,0.4444,0.1879,55109.6,4,53021.55,20000.0,0.4536,7181.39,0.0,1,107481.17,4.9,15,0,82869.53,30.0
109130.16,4334.04,4197.81,0.2947,0.2332,21604.35,6,45194.05,20000.0,0.5526,8249.89,0.0,15,62776.76,4.07,17,0,85087.24,30.0
56008.35,2858.64,2439.59,0.3961,0.3284,12119.27,2,23519.65,28500.0,0.4369,1624.02,0.0,15,33908.29,3.14,6,0,37072.03,30.0
154819.39,6263.09,7703.24,0.4262,0.2562,22458.74,5,9597.58,8000.0,0.4416,6425.35,43204.43,5,82010.9,7.7,22,0,118680.69,30.0
39868.02,2550.9,2795.11,0.3251,0.2746,21259.44,2,9873.51,28500.0,0.424,2395.7,7326.28,24,20681.06,2.56,18,1,-9910.03,22.5
140822.97,11324.52,5138.44,0.0859,0.0528,28430.07,3,73866.26,6000.0,0.3713,7463.23,0.0,23,112460.49,6.21,28,0,229126.88,30.0
45757.83,3156.37,2824.98,0.3196,0.2213,17410.68,1,12206.47,0.0,0.5372,2887.52,0.0,7,32480.42,2.99,23,0,31159.67,30.0
10237.33,2889.65,2374.5,0.2703,0.2981,18605.0,3,19500.3,0.0,0.3817,4581.81,0.0,5,9310.21,3.68,19,1,-960.73,1.5
17320.5,1905.65,2205.92,0.4608,0.2999,16069.75,4,11539.02,14000.0,0.3936,6017.82,9008.01,18,14288.29,3.93,28,1,-13436.39,2.1
159645.55,3673.73,6402.72,0.4111,0.1863,33330.87,5,51772.24,0.0,0.5204,3984.21,81869.77,6,132615.07,7.99,28,0,126251.03,30.0
145354.96,5174.92,5627.07,0.1977,0.2688,24589.89,5,15111.87,0.0,0.3656,6209.33,13564.44,2,106828.2,9.59,9,0,124829.45,30.0
57412.05,2088.6,2940.34,0.4226,0.1793,22060.85,3,5471.96,0.0,0.4179,5630.27,25552.04,20,54195.59,3.46,7,1,12265.75,22.5
18603.04,2061.28,1610.89,0.2261,0.1721,9657.35,4,6767.52,28500.0,0.4005,4483.06,0.0,12,15145.12,2.0,9,1,-1661.59,10.4
108981.26,5822.36,3886.84,0.1094,0.0811,13853.75,5,65497.24,6000.0,0.3939,2281.73,0.0,22,75366.9,4.55,12,0,135659.45,30.0
52096.95,1343.96,3511.5,0.3463,0.2284,22594.76,4,19216.3,5000.0,0.5409,8519.09,65026.0,10,38320.23,2.74,11,1,9979.33,8.8
124526.32,4996.97,6044.0,0.1819,0.1453,39300.63,3,32237.56,0.0,0.4418,3996.5,31411.01,25,87061.41,3.64,24,0,46471.03,30.0
146961.12,3959.62,5284.81,0.4352,0.2523,41214.36,4,46565.52,0.0,0.5505,5663.97,39755.69,17,79763.34,5.02,2,0,88593.12,30.0
37920.44,1648.76,1573.61,0.4554,0.2745,26128.57,3,8055.34,5000.0,0.4787,6479.58,0.0,20,27883.43,2.39,13,1,7660.06,18.0
92986.52,5320.09,7141.12,0.0932,0.0539,24475.66,5,88488.84,0.0,0.337,6667.06,54630.79,25,66430.03,3.1,16,0,31717.81,30.0
18576.75,2183.44,1775.95,0.4355,0.2421,23829.13,3,18278.56,0.0,0.3131,4959.64,0.0,20,17609.66,2.33,20,1,1722.12,5.3
337307.37,10421.8,7144.93,0.1939,0.1054,13216.54,3,78899.81,0.0,0.3359,9616.13,0.0,24,193111.86,6.77,5,0,383978.97,30.0
88997.68,4550.63,6528.83,0.2024,0.1761,50769.74,7,12290.88,0.0,0.654,11755.98,59346.03,17,81849.34,5.57,4,1,-5881.15,13.5
56476.8,1505.57,1795.94,0.2787,0.2994,11905.34,2,4204.23,0.0,0.31,8918.86,8711.27,6,53064.26,3.18,11,0,42996.73,30.0
16237.05,2586.08,1966.67,0.3699,0.1829,26032.48,2,15238.78,0.0,0.4536,4551.27,0.0,12,11070.1,3.32,27,1,-2710.66,1.0
61239.82,5654.63,6047.33,0.1993,0.1476,26023.72,6,43293.44,8000.0,0.3734,3795.4,11780.94,3,35957.67,6.06,7,0,44577.13,30.0
62707.42,6393.74,4854.31,0.2381,0.1002,26937.08,3,12486.96,8000.0,0.4445,5612.05,0.0,4,55811.08,4.34,26,0,37180.1,30.0
144321.05,4734.64,5724.15,0.3542,0.2753,57638.91,4,33132.74,20000.0,0.6269,3268.7,29685.32,9,102150.12,7.51,11,0,73123.31,30.0
39264.87,1441.14,1841.12,0.5129,0.4,22868.69,1,6196.73,5000.0,0.3926,6147.36,11999.45,16,25988.26,3.62,4,1,5585.12,12.9
20629.16,1773.04,1755.91,0.4973,0.3027,23348.89,2,12515.03,28500.0,0.4922,5202.97,0.0,10,13427.17,3.14,1,1,-15378.96,2.4
150148.43,6432.79,7011.79,0.1134,0.1158,20327.45,2,43007.75,0.0,0.4554,9924.77,17370.24,12,101748.37,7.7,24,0,123918.72,30.0
80211.71,3717.48,6641.64,0.352,0.2658,25044.35,3,13159.62,20000.0,0.6562,11453.54,87724.96,15,52940.07,9.08,10,1,-4380.05,11.9
143320.69,7867.76,3334.19,0.1614,0.1228,32098.39,2,74747.34,0.0,0.3404,9847.47,0.0,19,77704.14,5.29,1,0,197204.79,30.0
12371.73,1539.39,2135.05,0.3449,0.3759,8775.94,4,23377.21,0.0,0.2685,8788.19,17869.9,23,8623.32,1.85,25,1,-7530.47,1.0
7516.82,2725.51,2660.95,0.4852,0.1689,17116.47,3,9630.72,0.0,0.4174,3357.79,0.0,14,5808.19,2.21,25,1,-12804.7,1.0
40240.63,2337.8,2573.3,0.545,0.2829,6445.63,3,9608.7,0.0,0.4526,2346.89,7064.98,5,20730.38,2.43,18,0,33784.07,30.0
138986.49,6105.72,4789.06,0.2317,0.188,48008.8,4,50688.45,20000.0,0.416,14696.39,0.0,7,117704.32,5.04,17,0,102045.36,30.0
36274.78,1421.38,2249.05,0.2274,0.2209,20645.83,3,12305.06,14000.0,0.4329,8934.8,24830.16,7,29967.22,2.66,5,1,5940.94,5.3
59601.43,5850.05,5286.46,0.3543,0.1992,43638.32,3,13925.37,40000.0,0.3668,12443.6,0.0,12,51237.57,7.25,5,1,-6419.1,11.8
53955.45,2320.39,3572.43,0.3307,0.3214,14694.42,3,14641.81,5000.0,0.418,6281.86,37561.33,14,37567.43,3.35,18,0,17788.0,30.0
49296.35,1333.84,2088.52,0.4288,0.2022,26357.16,2,7278.88,0.0,0.4003,3766.23,22640.47,3,42339.05,3.2,20,0,22870.86,30.0
145576.34,4674.73,7625.52,0.2981,0.1189,28730.72,4,43957.93,0.0,0.4284,11532.63,88523.72,4,115318.12,6.14,15,0,119511.83,30.0
22503.16,3018.68,2332.4,0.5362,0.2034,14483.92,4,14545.65,14000.0,0.5491,6731.86,0.0,15,17648.24,2.41,11,1,8447.97,26.8
33810.11,7153.15,8409.46,0.2563,0.1214,38343.87,3,30246.94,20000.0,0.5805,3358.01,37689.2,11,17148.12,4.4,25,1,-31945.54,2.4
43798.59,2968.41,2010.11,0.4912,0.3156,25428.67,2,8604.0,14000.0,0.2118,4313.62,0.0,13,29247.21,4.23,18,0,20372.58,30.0
15882.07,2175.22,2488.33,0.4687,0.3315,10588.52,1,19574.42,0.0,0.2704,5962.17,9393.43,2,14917.55,3.62,6,1,11208.33,1.2
5569.0,2405.45,3207.45,0.4205,0.3465,7157.79,2,10560.72,14000.0,0.48,7882.59,24059.97,23,4224.08,3.04,25,1,-34068.84,1.3
57595.76,5244.48,5828.81,0.2138,0.2346,34488.83,5,23027.81,0.0,0.3912,3740.3,17529.75,16,33032.27,7.85,26,1,6520.31,11.8
46067.07,1483.57,2178.59,0.3124,0.3843,14766.49,4,23609.43,28500.0,0.3498,6678.49,20850.77,14,29261.79,3.11,14,1,12342.81,17.6
82014.63,5756.93,3235.72,0.4446,0.1341,55446.78,6,9599.43,0.0,0.5808,11589.41,0.0,5,69032.23,5.01,22,0,37503.98,30.0
9184.1,1865.53,2855.97,0.458,0.3346,17699.15,3,16132.52,14000.0,0.2387,8138.17,29713.15,7,5551.01,3.02,28,1,-18622.63,1.0
27894.55,2670.87,1770.44,0.4197,0.3195,22388.95,3,16370.31,28500.0,0.4807,7854.95,0.0,24,16547.81,2.32,25,1,5910.06,30.0
37551.87,2926.71,3527.59,0.4619,0.1514,19421.35,4,9785.35,5000.0,0.2471,2072.05,18026.37,20,29175.64,4.18,10,1,-3728.01,14.1
77643.18,4860.61,6435.0,0.2979,0.2676,25749.22,3,42546.82,0.0,0.665,8636.21,47231.83,2,41476.35,4.73,18,0,64304.73,30.0
14187.24,1494.9,2325.48,0.2551,0.3636,25658.34,2,4680.25,0.0,0.4023,4261.96,24917.19,13,9834.46,3.91,15,1,-24030.63,1.0
20969.29,2460.25,3437.62,0.2696,0.3804,8136.58,2,20742.77,14000.0,0.4321,8947.85,29321.22,24,12047.23,3.71,17,1,-20907.48,4.2
136275.79,5150.4,5254.52,0.1868,0.1347,17994.26,4,31178.77,6000.0,0.2793,11647.83,3123.39,10,99172.69,6.33,26,0,116595.24,30.0
38446.28,1328.38,2677.74,0.3364,0.1746,23994.86,4,11448.49,5000.0,0.3076,8235.65,40480.71,20,32316.49,1.89,1,1,-15343.01,8.9
283522.83,10654.72,4148.32,0.1644,0.072,21527.96,5,32666.16,6000.0,0.2528,10664.89,0.0,14,143295.06,6.08,14,0,333190.4,30.0
209378.38,10772.01,5516.52,0.0922,0.1116,28289.68,4,61127.87,0.0,0.4994,2347.38,0.0,15,111509.63,7.49,17,0,252158.37,30.0
57499.96,3236.41,4677.3,0.3657,0.1824,15565.29,3,20429.36,40000.0,0.5496,3984.55,43226.72,9,38158.59,6.96,3,1,11867.93,9.3
315337.91,4582.77,6100.64,0.1623,0.1461,20600.38,2,79379.86,0.0,0.3426,3952.8,45536.05,9,277800.32,7.45,1,0,304446.4,30.0
328758.05,10232.32,6581.45,0.0818,0.142,30832.14,2,53146.64,6000.0,0.3379,2411.22,0.0,8,208676.61,4.14,26,0,328876.58,30.0
30352.63,1337.24,3329.41,0.4014,0.3115,9216.56,4,4821.6,0.0,0.3011,3193.66,59765.1,22,19330.98,2.24,11,1,-27186.19,6.7
14192.05,2196.21,2130.16,0.3309,0.2152,16751.82,4,13573.65,0.0,0.222,7433.69,0.0,7,8831.75,3.93,4,1,568.33,1.7
324995.76,9394.75,5113.17,0.1253,0.0919,35593.27,2,62555.3,6000.0,0.4626,11800.09,0.0,15,256023.81,7.26,28,0,347213.04,30.0
33184.57,6627.6,3799.73,0.2892,0.216,53153.77,3,48449.06,8000.0,0.5969,7929.56,0.0,7,21249.19,9.34,22,1,6359.15,1.9
111451.97,5628.83,5999.78,0.4415,0.2632,41194.81,6,13380.67,20000.0,0.6234,9207.95,11128.68,15,79869.88,7.31,16,0,43175.42,30.0
77359.32,5675.57,6967.4,0.1531,0.1068,19333.83,5,25529.51,8000.0,0.6953,8490.69,38754.76,7,59026.96,4.91,8,0,47440.14,30.0
45899.18,1384.1,3309.68,0.2315,0.209,26917.58,4,14191.89,28500.0,0.232,2278.4,57767.55,14,35747.27,2.59,16,1,-19882.44,7.8
72747.05,8908.84,7262.9,0.1584,0.1301,25524.58,3,84776.35,0.0,0.4738,9509.51,0.0,27,44198.45,3.58,5,0,78171.02,30.0
10599.69,1822.2,3096.26,0.5071,0.3782,21432.57,3,17322.52,0.0,0.3326,4294.04,38221.97,11,7393.93,1.9,20,1,-21736.43,1.0
71662.5,5637.43,8451.65,0.3142,0.2294,41607.15,6,40805.38,8000.0,0.6717,7488.01,84426.55,4,41546.95,9.12,12,0,26553.43,30.0
159849.02,8341.37,6591.74,0.1275,0.063,18457.47,3,55205.38,0.0,0.4199,10171.59,0.0,20,93450.42,3.97,20,0,165213.5,30.0
138104.62,11676.78,5333.1,0.0975,0.0648,11806.12,3,32908.1,6000.0,0.4021,10314.23,0.0,13,117475.22,5.13,11,0,189270.12,30.0
179101.3,8334.99,7744.23,0.1443,0.1495,19953.39,2,43209.98,0.0,0.2855,10622.26,0.0,18,167757.76,4.92,15,0,157814.06,30.0
50167.15,1671.94,1720.83,0.2147,0.2681,14039.65,4,9278.09,14000.0,0.3004,8900.45,1466.71,16,37765.96,1.8,30,0,26949.21,30.0
130665.75,4714.21,6104.93,0.3269,0.1535,64410.75,5,29673.03,8000.0,0.4689,3216.6,41721.69,4,84846.32,6.53,18,0,64496.03,30.0
30208.99,1809.46,1605.83,0.24,0.2245,7924.36,2,22319.69,0.0,0.4876,2509.71,0.0,4,28506.11,3.92,7,0,30906.54,30.0
39057.19,2338.57,2220.19,0.533,0.361,23866.75,4,19605.49,14000.0,0.4904,8806.14,0.0,8,28022.02,2.12,3,1,13132.46,9.0
55902.94,3139.24,2040.8,0.3062,0.2476,17533.31,1,11329.71,14000.0,0.4849,1578.13,0.0,16,51028.22,1.75,23,0,43519.95,30.0
41616.2,1252.67,2958.43,0.4567,0.3473,25129.14,3,17525.25,14000.0,0.2604,6211.87,51172.87,8,33232.91,3.72,26,1,1001.53,6.4
44475.05,1553.92,2596.16,0.5352,0.3071,13398.91,4,14248.19,28500.0,0.2175,8915.72,31267.27,13,34114.68,2.03,29,1,4868.25,14.1
24549.57,2030.4,2000.52,0.3851,0.2262,15727.94,1,9229.1,0.0,0.2361,2910.51,0.0,15,20597.28,2.98,11,1,7146.2,9.1
175536.52,5257.59,4193.2,0.2462,0.2647,30047.45,7,44811.03,40000.0,0.4731,11682.14,0.0,14,142000.48,5.5,15,0,143795.69,30.0
21417.32,2504.07,2841.79,0.3727,0.3489,16937.86,4,17356.79,0.0,0.3687,8109.92,10131.57,17,18943.08,2.41,9,1,-3271.6,4.8
72915.08,4883.98,7083.06,0.1088,0.1412,14489.2,3,55529.79,0.0,0.3278,2697.83,65972.45,13,47405.57,3.5,27,0,38768.34,30.0
64518.39,3433.66,7920.43,0.2672,0.1154,15217.32,6,30477.73,8000.0,0.4306,6719.32,134602.97,2,37487.36,4.64,25,0,46876.74,30.0
60329.53,5377.58,6141.84,0.1726,0.1913,33586.15,3,15938.44,20000.0,0.5114,6829.64,22927.54,3,55882.26,7.54,30,1,17641.5,3.3
50669.47,3849.62,7973.79,0.3597,0.1379,47014.88,5,52275.19,0.0,0.5496,14217.14,123725.17,16,31435.6,7.98,16,1,-53901.94,3.6
57128.7,3470.85,5283.4,0.1797,0.2915,44813.36,3,17372.13,40000.0,0.3666,7816.44,54376.38,2,30840.03,8.19,1,1,-6094.36,1.7
176493.17,6653.56,7686.94,0.4082,0.2239,18039.06,5,35730.35,40000.0,0.6104,7307.53,31001.49,4,133325.34,7.72,22,0,143701.5,30.0
111338.51,3379.52,5532.96,0.3936,0.163,47526.09,7,34588.14,20000.0,0.5053,8925.98,64603.28,14,67310.7,8.99,17,0,27311.43,30.0
18701.22,3091.89,1771.19,0.4563,0.2114,7341.85,3,16992.43,0.0,0.3487,8970.46,0.0,3,10144.73,1.53,17,0,20686.19,30.0
86743.73,7470.83,6713.56,0.3946,0.2339,33684.73,3,35740.43,40000.0,0.6963,12856.32,0.0,6,60107.14,6.66,8,0,43055.42,30.0
155892.51,6385.67,3828.88,0.2237,0.1053,44230.92,6,26413.11,20000.0,0.3528,5692.51,0.0,4,144796.32,4.3,3,0,117944.07,30.0
56231.11,2105.63,3596.44,0.2001,0.1774,17474.74,2,18076.32,28500.0,0.3056,1691.31,44724.41,11,52182.07,2.3,23,1,11036.99,13.6
92375.27,6573.17,4765.24,0.2297,0.2313,54392.13,6,12753.2,40000.0,0.4867,4631.02,0.0,9,62348.47,6.47,7,0,27493.43,30.0
144348.77,6796.16,4198.08,0.3611,0.1067,44084.3,5,50585.99,8000.0,0.3905,12312.8,0.0,11,126673.22,6.76,14,0,129777.35,30.0
116712.59,5028.96,7756.93,0.2317,0.1026,29367.13,3,46255.31,20000.0,0.4632,3116.47,81839.05,1,69726.24,9.38,21,0,91962.98,30.0
126197.66,3693.97,7297.15,0.2492,0.2864,55973.38,3,40060.12,0.0,0.5292,13165.52,108095.37,16,108373.29,9.5,22,1,16533.57,13.8
52898.19,1372.26,3150.9,0.3362,0.1699,6327.74,1,8825.88,0.0,0.3485,3753.77,53359.26,10,27693.26,2.53,16,0,30136.47,30.0
60154.49,2800.99,1906.7,0.37,0.2646,5256.67,4,11844.72,0.0,0.322,7632.26,0.0,10,35982.92,3.62,28,0,63480.38,30.0
42068.51,1547.67,1564.85,0.3493,0.2049,17803.95,3,2621.42,0.0,0.3264,3447.83,515.45,17,36375.09,2.52,1,0,20140.8,30.0
137568.83,11943.71,2613.79,0.106,0.128,14135.21,4,55568.56,0.0,0.2985,8982.6,0.0,24,82287.84,3.63,19,0,311910.28,30.0
127473.49,4952.43,6204.95,0.2749,0.205,19576.66,6,23866.47,40000.0,0.6834,8997.97,37575.79,9,85486.79,4.27,1,0,78611.95,30.0
225963.51,8948.14,4331.02,0.0951,0.1183,13344.43,5,72816.28,6000.0,0.2501,5287.17,0.0,7,159326.12,7.61,8,0,258587.7,30.0
189865.9,10979.07,2500.8,0.1526,0.051,17458.73,2,83481.68,6000.0,0.4285,4349.22,0.0,13,178771.19,5.06,21,0,284909.55,30.0
30523.06,1815.95,2269.39,0.4457,0.1719,24268.76,2,2332.78,0.0,0.5494,6263.0,13603.19,11,16812.79,3.32,17,1,-1844.29,6.5
31675.73,2008.99,1515.42,0.4198,0.3047,9774.68,1,23154.11,28500.0,0.5382,3735.04,0.0,2,16585.27,2.83,6,0,16553.87,30.0
117061.41,9513.16,7520.9,0.1637,0.0718,36771.37,4,74412.54,0.0,0.3289,2302.06,0.0,19,97444.25,7.82,2,0,111602.35,30.0
104369.53,3340.94,3662.93,0.3844,0.1312,45235.78,7,24863.36,0.0,0.4102,12971.08,9659.62,11,68129.81,7.61,21,0,57820.26,30.0
102956.71,4771.2,5047.14,0.1758,0.141,42197.59,4,53353.19,0.0,0.5737,8961.02,8278.22,7,86020.17,8.29,16,0,74133.24,30.0
72504.45,6347.29,6924.98,0.4202,0.2236,29052.37,7,47942.37,0.0,0.4861,11568.09,17330.8,7,46498.74,8.12,5,0,49042.12,30.0
113583.19,5865.93,5494.98,0.2737,0.1235,29909.57,6,14681.16,40000.0,0.5683,5109.43,0.0,17,67760.89,6.97,13,0,57215.63,30.0
49994.37,3009.61,1865.35,0.4927,0.1828,24955.62,4,22812.01,28500.0,0.28,5710.62,0.0,21,41246.7,4.37,24,0,30864.8,30.0
24766.58,1578.71,1450.93,0.2606,0.2004,6874.1,4,22889.74,14000.0,0.2581,2183.23,0.0,11,20927.25,3.31,30,0,17708.87,30.0
40469.14,2683.27,1727.89,0.3302,0.3676,5124.57,3,11133.11,0.0,0.5305,4905.52,0.0,9,32087.01,3.25,23,0,43771.46,30.0
177039.71,4119.01,3545.85,0.3048,0.1848,40430.45,3,9392.79,20000.0,0.509,10441.26,0.0,15,143411.62,9.48,25,0,126776.75,30.0
63954.38,1329.95,2904.27,0.359,0.3555,17702.59,3,16555.87,28500.0,0.4764,7501.58,47229.77,7,55491.56,2.15,17,0,25733.76,30.0
156658.38,4452.18,4958.06,0.1572,0.2537,63790.22,5,50723.96,8000.0,0.4656,6926.55,15176.61,5,83734.06,9.16,29,0,101728.13,30.0
61944.34,4564.13,8026.41,0.1844,0.2491,55388.43,7,21513.55,8000.0,0.5959,4566.06,103868.4,1,37411.7,5.72,8,1,6169.49,2.0
60941.23,1721.27,2101.44,0.4331,0.1695,14172.76,4,7343.68,28500.0,0.4197,8370.22,11405.05,9,39976.39,2.21,28,0,28992.81,30.0
90683.16,3107.71,8222.92,0.2514,0.1891,54049.11,5,11496.9,20000.0,0.4086,13384.2,153456.41,4,49650.56,4.19,6,1,7859.34,2.2
260267.53,5649.9,3743.81,0.1143,0.0624,35317.1,3,55213.77,0.0,0.3219,9285.98,0.0,13,213230.3,3.82,2,0,257030.53,30.0
88478.88,11539.66,2654.84,0.1725,0.1035,35484.53,2,86844.49,6000.0,0.3764,2727.79,0.0,16,46626.11,4.07,14,0,189965.58,30.0
71766.99,3058.56,6729.01,0.2957,0.1024,19757.14,6,17952.54,40000.0,0.3888,11390.42,110113.49,10,50732.67,7.15,27,1,-3735.42,8.4
34691.13,1831.1,1410.8,0.2642,0.2047,7750.39,2,20720.29,0.0,0.301,8081.52,0.0,11,24818.35,2.43,20,0,35808.08,30.0
43462.18,4959.97,8465.21,0.365,0.2094,53524.57,4,40073.02,20000.0,0.5366,3525.18,105157.33,3,25327.99,7.99,15,1,-17589.61,1.0
111784.48,2882.99,7143.5,0.2066,0.265,62958.23,6,51700.08,8000.0,0.4743,7063.44,127815.3,12,91403.54,4.58,30,1,7500.1,8.9
247759.7,6053.66,2601.25,0.1668,0.1353,35414.04,3,30796.0,0.0,0.3514,2808.98,0.0,27,146623.5,3.09,4,0,285109.98,30.0
98686.5,5550.88,7291.38,0.2632,0.1321,41307.59,7,8691.67,0.0,0.63,6992.29,52215.28,17,57484.5,4.82,26,1,12837.14,17.6
340219.16,8120.1,5536.05,0.1787,0.12,12243.04,4,35701.73,6000.0,0.2957,5981.75,0.0,17,187534.98,5.64,3,0,355247.99,30.0
110484.53,3000.34,8256.82,0.392,0.1606,27029.4,6,9545.56,0.0,0.3957,7147.52,157694.45,13,71349.15,9.64,28,1,11293.06,12.3
129680.24,3097.31,3484.5,0.4097,0.144,53079.83,4,29595.03,0.0,0.5544,10496.06,11615.66,3,104238.22,9.27,6,0,84422.47,30.0
133395.73,4320.84,3988.68,0.3494,0.149,44922.46,5,41666.59,20000.0,0.5097,8899.47,0.0,12,71510.76,7.55,30,0,88272.5,30.0
27797.26,2385.85,2877.75,0.4258,0.3658,24316.2,4,6973.46,28500.0,0.2766,6275.6,14757.16,7,14015.62,3.98,25,1,-14308.43,3.9
153571.74,5921.28,5890.1,0.1476,0.1218,20753.04,2,48057.62,6000.0,0.4713,7597.45,0.0,21,115136.76,7.63,24,0,125352.05,30.0
31589.52,1656.86,1698.06,0.4493,0.3071,22298.16,2,8883.2,0.0,0.3742,4674.29,1236.01,12,29616.53,2.88,22,1,8647.54,9.7
9611.61,2436.04,2473.96,0.4657,0.253,7278.79,4,11096.65,0.0,0.5449,4482.09,1137.6,6,5116.59,1.7,2,1,3802.61,1.0
17626.0,2803.05,3481.74,0.2813,0.2293,24623.21,2,14802.23,14000.0,0.4499,7614.7,20360.72,23,12470.88,2.49,1,1,-37121.27,1.3
66696.7,7234.47,5148.37,0.3494,0.169,17507.0,3,12788.4,0.0,0.6325,13763.07,0.0,2,59436.62,6.86,23,0,55178.1,30.0
43641.94,6069.9,5367.71,0.1955,0.2958,30943.17,3,38788.74,40000.0,0.6654,13722.52,0.0,5,39125.34,9.11,18,1,5906.08,3.5
97146.35,7349.35,5659.9,0.3424,0.1746,34343.79,4,22105.21,40000.0,0.5727,11641.19,0.0,10,48875.36,9.0,21,0,53884.64,30.0
12186.39,3046.41,2858.04,0.5331,0.2957,16032.94,4,8864.54,14000.0,0.3616,7442.57,0.0,2,7178.91,2.51,26,1,-7705.94,1.0
25798.42,1329.84,2625.63,0.4139,0.3664,5098.47,1,24286.17,0.0,0.4867,3640.33,38873.67,2,14487.12,2.06,11,0,26705.86,30.0
230500.79,9094.74,5045.54,0.1107,0.1089,35827.11,5,31151.13,0.0,0.4292,5709.48,0.0,11,188148.03,7.03,26,0,231638.48,30.0
45228.4,1405.8,1542.49,0.4536,0.3101,9111.52,3,9438.14,5000.0,0.5132,5397.41,4100.81,5,41816.29,2.63,9,0,35433.9,30.0
200404.92,8290.49,3239.42,0.1305,0.0887,28252.9,3,20618.51,6000.0,0.3379,10872.99,0.0,10,163550.53,3.81,13,0,210733.26,30.0
44252.69,2963.92,1706.86,0.2445,0.226,24989.21,1,9817.31,5000.0,0.2566,2329.84,0.0,9,40488.03,3.46,22,0,26881.61,30.0
74479.82,7582.95,7220.89,0.132,0.0505,18225.1,2,64956.07,6000.0,0.2894,6340.72,0.0,24,59374.23,5.39,6,0,51928.27,30.0
44222.99,1967.36,2940.46,0.4337,0.2772,21394.92,2,7657.84,0.0,0.4467,4957.24,29192.96,7,29422.69,1.77,21,0,16126.96,30.0
14104.75,2116.75,3347.54,0.2659,0.2922,16078.04,3,20965.29,0.0,0.5366,6278.37,36923.77,3,10318.56,4.05,6,1,2212.47,2.2
147215.23,6667.94,3344.32,0.37,0.2568,49620.83,4,46454.44,8000.0,0.5952,11564.35,0.0,3,111977.46,6.64,2,0,118158.12,30.0
280674.14,9141.68,2602.8,0.1669,0.1273,35415.06,3,77809.02,0.0,0.4307,9658.09,0.0,22,255045.57,5.74,28,0,380120.26,30.0
79306.19,3979.13,5915.51,0.3233,0.1489,36781.92,4,22898.73,0.0,0.6729,9687.29,58091.37,2,60512.14,6.53,20,0,46741.42,30.0
57215.98,4118.85,5978.2,0.3868,0.1864,41398.4,3,13892.43,40000.0,0.4214,4055.33,55780.49,13,41713.72,5.46,2,1,-33334.71,6.3
30195.11,3118.99,2101.2,0.4256,0.2292,15174.06,4,16402.06,0.0,0.2387,6206.6,0.0,2,23452.65,3.33,18,0,22085.86,30.0
159601.3,4437.16,6566.23,0.214,0.1505,40156.62,3,50782.76,20000.0,0.577,12147.72,63871.85,6,129369.12,6.28,24,0,111098.35,30.0
170313.07,6222.49,4798.3,0.256,0.1782,33960.9,4,16226.69,40000.0,0.3608,13962.12,0.0,8,95528.77,8.35,27,0,124220.01,30.0
233390.0,4859.64,5884.49,0.0948,0.0996,21732.4,3,88681.29,0.0,0.4174,3485.07,30745.59,5,206477.01,7.73,16,0,237123.52,30.0
161442.94,4836.38,6422.35,0.4036,0.2836,37494.0,4,54539.03,0.0,0.3586,4247.43,47579.03,8,108773.01,4.79,24,0,125580.43,30.0
273195.58,8041.31,6642.6,0.1628,0.1413,12412.64,2,93114.59,6000.0,0.3159,3193.11,0.0,15,254013.33,3.1,23,0,291288.78,30.0
58374.19,2141.56,3085.53,0.2277,0.3888,17252.31,2,21322.28,14000.0,0.4126,8240.21,28319.22,7,43337.13,2.92,28,0,32971.83,30.0
155423.2,6520.95,3149.03,0.1517,0.0589,18757.75,4,61869.69,0.0,0.4415,11192.24,0.0,21,134711.7,3.46,28,0,204334.66,30.0
160808.07,6567.87,4665.71,0.339,0.1015,35269.45,4,42403.14,20000.0,0.4886,5855.52,0.0,15,101329.07,5.22,12,0,141527.84,30.0
30122.19,4013.81,8132.62,0.237,0.1876,58739.51,5,34154.77,8000.0,0.4153,4663.23,123564.39,6,26508.85,5.94,18,1,-47728.87,1.0
307542.24,10755.42,5824.1,0.1993,0.0681,8734.89,3,77154.06,0.0,0.2936,2328.23,0.0,8,240107.85,5.59,30,0,351653.15,30.0
61162.24,4969.49,3776.54,0.3128,0.1194,29184.4,4,35258.53,0.0,0.5726,4864.29,0.0,8,41829.48,7.85,26,0,47808.25,30.0
50117.95,1943.39,3575.27,0.2599,0.1504,8281.36,2,24153.32,14000.0,0.4082,8647.15,48956.22,6,47218.32,1.52,1,0,32181.76,30.0
58273.02,2928.02,2145.9,0.2345,0.1946,26105.4,4,6171.39,5000.0,0.328,8693.51,0.0,5,45738.0,2.59,24,0,33041.74,30.0
5205.0,1513.54,2704.83,0.3365,0.3306,21343.5,2,12305.4,14000.0,0.4349,7494.75,35738.65,7,3419.92,3.01,25,1,-28839.72,1.1
149999.05,3745.63,4741.19,0.1792,0.1591,54143.7,3,14792.1,0.0,0.4998,14568.34,29866.78,2,114359.56,6.02,10,0,97877.28,30.0
56443.93,3177.09,2155.26,0.4468,0.3144,26133.99,3,9995.02,14000.0,0.2681,8385.06,0.0,2,50180.27,4.24,14,0,27841.09,30.0
144048.76,6817.15,7142.36,0.4249,0.2497,64696.53,6,13416.87,20000.0,0.6776,5317.33,9756.47,2,105207.39,4.18,28,0,71288.86,30.0
28609.07,2448.08,3078.25,0.4124,0.1586,15648.08,2,3027.98,0.0,0.2501,4288.51,18904.89,2,25725.78,4.48,18,1,11805.93,1.0
138368.18,6335.02,7033.18,0.2375,0.2272,18940.69,6,12780.3,0.0,0.4685,13010.4,20945.09,6,73643.35,5.15,10,0,112502.16,30.0
85082.87,11309.47,7289.62,0.105,0.0572,18886.69,5,61452.67,0.0,0.2764,7590.88,0.0,25,72780.45,4.53,11,0,134606.81,30.0
61620.81,1340.12,2447.55,0.5219,0.2719,9017.67,3,11744.59,0.0,0.2223,3219.3,33222.84,18,45884.65,3.95,14,0,32037.62,30.0
198517.12,6914.5,4130.17,0.0851,0.1185,27008.37,3,75160.3,6000.0,0.3156,11589.3,0.0,19,187287.15,7.84,10,0,225662.14,30.0
339597.93,10895.03,7327.18,0.1519,0.1345,32095.44,5,27829.61,0.0,0.3835,7382.17,0.0,5,225001.35,7.84,26,0,325487.42,30.0
181179.39,9522.66,3163.92,0.1907,0.1328,11230.45,2,94313.47,0.0,0.3466,5484.63,0.0,25,170630.43,6.62,23,0,318771.89,30.0
31273.86,2338.97,1482.69,0.2564,0.2145,14561.02,2,15027.91,0.0,0.4521,8548.08,0.0,15,18875.23,4.41,20,0,28809.64,30.0
56588.62,2286.89,1710.33,0.2944,0.2301,11353.9,3,15311.99,28500.0,0.5101,7250.54,0.0,11,31368.12,2.95,28,0,37958.64,30.0
141798.57,5216.97,3617.39,0.1604,0.2876,49463.04,4,12363.44,8000.0,0.4401,7547.62,0.0,10,70909.85,4.67,24,0,98955.43,30.0
95750.98,3016.53,6560.51,0.1757,0.1283,24905.38,7,15520.33,8000.0,0.5294,7084.48,106319.47,12,48827.44,4.65,19,1,22919.6,12.3
147605.04,7212.57,8491.23,0.3149,0.2123,64061.92,4,21434.41,40000.0,0.3579,13382.05,38359.86,13,78757.69,8.74,11,0,37625.0,30.0
30419.08,2128.95,2367.36,0.3833,0.3649,24270.31,1,10660.36,0.0,0.4211,1629.64,7152.34,11,20172.16,1.53,6,1,2831.88,6.9
165795.68,3110.99,5996.61,0.2599,0.2928,38616.82,7,33454.88,20000.0,0.6278,4464.92,86568.47,3,122742.72,8.17,10,0,120237.71,30.0
265619.21,5964.09,7008.74,0.17,0.1492,30142.25,3,75005.78,6000.0,0.2832,9152.95,31339.58,7,216365.1,6.37,11,0,246813.89,30.0
36179.91,1711.6,1688.74,0.448,0.1598,11483.62,3,6190.44,5000.0,0.5167,5383.3,0.0,24,32164.87,2.15,25,0,17196.05,30.0
126532.55,5281.01,4607.05,0.3616,0.1273,19389.01,6,42750.77,20000.0,0.5289,5343.3,0.0,9,81896.8,5.09,24,0,110958.88,30.0
81998.37,7472.78,5094.63,0.3381,0.2777,21402.85,7,45956.28,0.0,0.5733,9790.29,0.0,2,62632.94,5.4,17,0,80500.78,30.0
124228.46,3567.96,5927.45,0.2332,0.2121,48705.4,6,33707.28,0.0,0.6083,3975.1,70784.68,9,68838.94,7.12,22,0,61995.96,30.0
35771.95,7374.3,8475.97,0.1948,0.1855,62598.64,7,12004.26,0.0,0.6188,14460.8,33050.28,5,23680.04,8.84,27,1,-35204.19,1.4
133177.64,7210.14,4962.95,0.1149,0.1266,23206.19,4,36391.95,0.0,0.3524,10870.26,0.0,22,78714.82,4.08,27,0,141459.69,30.0
81398.01,4824.0,7372.3,0.0952,0.0502,21493.28,5,70102.32,6000.0,0.2947,10238.76,76449.06,5,42765.75,4.24,30,0,67867.76,30.0
117767.63,7437.16,3555.76,0.1643,0.1178,32370.49,4,37955.5,0.0,0.387,8981.63,0.0,22,96070.27,6.44,16,0,153691.02,30.0
44732.84,1934.93,3477.88,0.3202,0.3008,9181.33,2,11890.65,5000.0,0.4626,8298.06,46288.5,5,41142.35,3.46,2,0,28564.35,30.0
12111.16,2119.92,2991.67,0.3298,0.2887,7429.7,2,14094.16,0.0,0.21,4963.76,26152.45,24,9403.36,1.95,18,1,-20672.48,1.0
281580.61,9204.45,5406.04,0.1214,0.1284,26229.65,4,87786.96,0.0,0.2974,2365.49,0.0,15,239548.16,6.85,26,0,319827.61,30.0
94218.68,8383.04,3376.65,0.1874,0.1332,33634.98,4,79185.28,6000.0,0.4835,10749.82,0.0,7,55515.45,5.94,7,0,112360.55,30.0
89424.89,5651.82,6123.89,0.2816,0.1469,15000.28,5,47262.21,40000.0,0.6016,13908.54,14162.18,14,56162.93,4.5,11,0,50431.13,30.0
40331.91,2218.77,3016.63,0.3078,0.2652,20516.59,1,12333.63,0.0,0.4381,8724.25,23935.9,5,25700.44,4.38,13,0,18235.3,30.0
54256.09,1714.77,2022.95,0.5496,0.2318,12165.47,4,21037.43,14000.0,0.348,8925.42,9245.21,3,37460.83,2.56,4,0,41517.56,30.0
25774.69,1689.64,2839.43,0.3015,0.3017,17376.76,1,3302.47,28500.0,0.3765,3128.92,34493.86,6,14812.72,3.67,19,1,-13442.19,2.8
34422.25,2666.08,1501.22,0.4724,0.3949,22644.32,2,13343.44,0.0,0.231,7666.72,0.0,2,17510.96,2.18,16,0,18395.9,30.0
103195.45,4957.02,4239.81,0.2584,0.1364,29666.11,7,38878.16,8000.0,0.6074,5388.3,0.0,13,82850.51,8.04,7,0,82010.73,30.0
111095.85,6922.19,7592.97,0.3096,0.1137,37160.54,5,39925.63,8000.0,0.5481,7263.08,20123.47,2,87070.64,8.39,3,0,81665.38,30.0
144427.75,3387.07,4215.07,0.3175,0.2001,48165.01,7,12461.57,20000.0,0.4432,7900.12,24839.95,9,89126.43,7.58,9,0,77263.62,30.0
43890.11,3135.07,2891.96,0.5447,0.2586,11013.74,3,9306.81,0.0,0.5143,3038.13,0.0,7,22478.9,2.5,13,0,33766.12,30.0
52548.43,1829.94,2648.69,0.3042,0.3825,11037.34,4,19535.63,28500.0,0.4552,4268.78,24562.4,17,39126.07,4.17,17,0,15016.03,30.0
163293.57,7274.86,8156.1,0.2547,0.1794,55990.12,6,8457.46,20000.0,0.4342,13041.96,26437.31,7,99942.91,8.7,23,0,84420.07,30.0
87230.52,4265.04,8267.68,0.3266,0.1505,53686.2,4,27847.9,8000.0,0.6941,7650.6,120079.04,11,61900.5,5.83,3,1,-12539.75,6.1
122100.78,6450.57,3420.11,0.1736,0.1411,54712.9,6,34079.59,0.0,0.695,12603.22,0.0,9,82697.76,8.06,7,0,97108.51,30.0
61744.59,2236.1,3012.08,0.4551,0.2913,13889.77,1,10464.87,0.0,0.3129,6502.05,23279.46,22,54622.1,4.36,22,0,25391.88,30.0
76702.93,4911.94,5449.22,0.228,0.1579,28105.94,5,53693.01,8000.0,0.4153,7032.01,16118.27,16,45213.79,6.26,5,0,42192.5,30.0
21663.7,2767.41,2318.46,0.2005,0.1635,5978.71,2,13048.83,14000.0,0.3538,1950.88,0.0,14,12048.65,3.29,16,1,11532.47,30.0
35147.83,2564.92,2509.66,0.5329,0.175,25852.47,2,23375.67,0.0,0.4795,4008.62,0.0,17,29448.63,2.37,13,1,10435.79,14.3
219352.09,8525.67,6678.46,0.178,0.0837,26900.34,3,33990.04,0.0,0.4504,10142.09,0.0,11,199367.69,5.69,15,0,207297.72,30.0
54590.1,2212.94,3293.97,0.4952,0.3688,13769.32,4,7577.18,5000.0,0.4691,7822.44,32430.83,21,27367.94,1.96,22,1,9169.73,23.0
111608.87,7625.54,6505.02,0.1125,0.0814,20261.53,4,76249.66,0.0,0.4168,3877.01,0.0,26,63651.39,6.65,24,0,111175.87,30.0
6134.61,2540.93,3505.22,0.2374,0.3386,12536.24,4,23304.5,28500.0,0.2536,7440.79,28928.65,14,3716.11,3.86,1,1,-31257.89,1.0
91872.3,7903.22,6479.77,0.084,0.1253,37320.36,3,50277.07,0.0,0.3403,4493.72,0.0,18,68278.57,5.11,19,0,71468.12,30.0
185504.24,8752.17,7368.94,0.1186,0.1174,25239.99,3,62372.07,0.0,0.4393,5305.28,0.0,15,115997.21,7.87,23,0,179134.45,30.0
70840.31,10827.29,5366.01,0.1907,0.0705,26972.4,3,21026.01,0.0,0.2756,8249.58,0.0,14,46496.84,5.74,21,0,98402.38,30.0
135351.27,7327.16,3963.2,0.354,0.1466,30000.99,3,15393.8,40000.0,0.4272,10602.65,0.0,7,99773.46,6.5,8,0,104694.73,30.0
281567.82,7880.23,7893.05,0.1754,0.0506,11207.09,4,32499.11,0.0,0.2781,7539.69,384.41,12,219835.39,6.82,22,0,263548.86,30.0
30014.64,7128.5,7561.09,0.4392,0.172,45723.78,6,23321.33,40000.0,0.5827,5016.25,12977.67,4,22566.05,5.13,4,1,-33884.47,1.0
314263.19,8930.88,5647.79,0.0934,0.07,12302.92,4,66854.64,0.0,0.3132,6881.96,0.0,21,289702.31,3.81,17,0,360379.45,30.0
45603.48,1813.35,3297.15,0.3215,0.3622,26361.52,1,10976.97,5000.0,0.4681,2972.43,44514.0,14,37033.05,1.97,4,1,-5003.82,8.4
92959.43,7277.63,4255.71,0.195,0.0618,27109.58,4,27565.94,0.0,0.4725,6564.35,0.0,7,52952.42,7.57,9,0,87842.1,30.0
26659.9,2377.61,3137.85,0.2808,0.2014,21713.75,2,19946.84,0.0,0.2777,4362.09,22807.44,7,13776.05,3.91,13,1,4816.68,3.1
58822.24,2973.76,1711.75,0.3728,0.1564,18222.45,2,2979.35,14000.0,0.2987,7589.05,0.0,18,53626.59,2.22,25,0,46210.39,30.0
6412.9,2485.02,2142.02,0.3736,0.1828,24309.05,1,11233.99,28500.0,0.5414,2474.57,0.0,20,5567.28,2.25,5,1,-30756.74,1.3
301521.45,7060.48,3394.07,0.137,0.076,12281.64,3,90825.03,0.0,0.263,4794.7,0.0,22,260945.37,7.39,4,0,375004.68,30.0
143579.54,5574.4,4273.62,0.1799,0.0675,26656.27,4,76626.44,6000.0,0.4448,9162.63,0.0,14,88575.65,6.01,12,0,146847.33,30.0
44392.35,2851.16,2106.04,0.4796,0.3194,11321.26,2,13399.52,0.0,0.322,8072.98,0.0,17,28083.35,3.05,22,0,41536.03,30.0
57786.96,2850.05,2206.43,0.2649,0.3189,21511.89,2,12522.05,14000.0,0.2276,4678.16,0.0,24,44286.4,3.52,11,0,36172.97,30.0
21514.6,2605.09,1946.36,0.3391,0.3822,13554.41,4,22705.55,5000.0,0.4887,3416.04,0.0,9,16809.23,4.17,6,0,15308.75,30.0
56987.13,2303.53,3389.26,0.2009,0.3075,16800.87,3,17248.04,5000.0,0.3444,5288.24,32571.99,9,51927.48,3.06,12,0,30283.41,30.0
21905.14,2705.05,1974.2,0.485,0.3549,12747.22,4,3485.13,0.0,0.36,3755.92,0.0,8,14877.23,3.92,1,1,12026.72,6.8
119342.49,3083.13,4129.5,0.2181,0.1815,15618.56,4,10605.79,0.0,0.4799,11666.45,31391.05,2,105784.86,8.01,1,0,104691.28,30.0
179389.67,2895.47,7699.71,0.3588,0.2281,50674.19,7,29413.98,40000.0,0.4748,7520.73,144127.15,5,168017.63,5.11,2,0,93184.44,30.0
90739.66,6425.62,3949.44,0.1973,0.2253,31452.97,4,44275.78,8000.0,0.5501,4848.06,0.0,6,68977.47,5.94,5,0,79709.3,30.0
33840.75,2754.48,3091.21,0.4134,0.2045,21955.67,1,24935.75,28500.0,0.4866,6354.31,10101.74,21,24627.24,4.27,20,1,-10482.32,13.6
44221.95,2151.97,3035.33,0.2105,0.2982,6972.66,3,22407.29,0.0,0.3949,7806.36,26500.87,21,34653.54,4.06,20,0,18227.65,30.0
45778.12,2563.7,2721.45,0.5007,0.1702,25663.81,3,22571.29,5000.0,0.2368,7984.02,4732.45,15,38241.72,3.88,11,0,16645.03,30.0
169761.39,5517.12,5912.95,0.4427,0.1412,30184.58,4,15019.41,8000.0,0.3997,4947.39,11874.83,2,136393.85,4.34,28,0,137993.96,30.0
39459.83,1510.63,2459.84,0.3431,0.2692,19203.11,3,5192.89,28500.0,0.2369,2298.73,28476.35,20,30238.22,3.47,20,1,-16945.08,12.5
42185.47,2514.06,1618.66,0.4748,0.3119,18150.65,1,18908.44,0.0,0.3714,5646.45,0.0,4,31901.84,2.02,18,0,32376.67,30.0
156433.07,2914.07,3883.77,0.4037,0.2464,57726.72,7,37813.72,0.0,0.4956,13666.22,29091.0,10,142698.73,8.95,7,0,98129.79,30.0
43829.61,7004.74,3730.79,0.335,0.168,64193.65,5,35155.96,0.0,0.6315,10077.73,0.0,12,36505.52,6.86,28,1,16002.81,8.7
27209.0,2696.57,3305.85,0.4614,0.3116,27751.36,3,8503.96,0.0,0.4681,7038.73,18278.41,23,20718.96,2.34,16,1,-23738.34,6.9
170109.15,5572.59,4474.85,0.2147,0.2112,33685.24,4,13423.9,20000.0,0.6673,3868.42,0.0,15,106019.94,7.52,26,0,131689.4,30.0
16921.65,1461.34,2743.88,0.4408,0.3257,24266.36,4,10942.3,14000.0,0.3863,8646.8,38476.22,3,13233.67,3.79,13,1,-14777.43,1.3
56176.23,6370.99,8384.73,0.3862,0.2232,38413.6,7,46122.77,0.0,0.5069,7142.84,60412.12,12,40096.49,6.51,19,1,-3003.13,6.1
46334.03,4532.76,6116.92,0.2753,0.1373,60960.33,6,47551.9,20000.0,0.3629,11248.9,47524.87,10,24430.63,9.63,27,1,-30469.56,3.3
334291.67,6120.13,6862.92,0.1124,0.1377,23570.57,4,31854.07,6000.0,0.2746,3782.18,22283.7,9,207531.72,4.32,16,0,302917.03,30.0
126984.41,2990.07,5145.82,0.229,0.13,44904.82,6,39548.78,20000.0,0.4864,7258.85,64672.35,12,98244.63,4.36,21,0,55026.41,30.0
56008.18,2297.8,3013.7,0.4357,0.2368,16616.1,2,19911.54,0.0,0.4657,7825.31,21477.18,19,33932.24,2.77,2,0,24894.73,30.0
24430.81,1820.96,3160.85,0.4951,0.1984,17436.61,4,2156.31,0.0,0.2434,6256.22,40196.69,5,17916.49,3.99,1,1,-703.09,1.3
21922.74,2000.93,2704.95,0.4131,0.2097,15759.67,3,10786.93,0.0,0.2296,7083.28,21120.56,21,12588.96,3.95,16,1,-12797.83,4.3
263371.14,5336.02,5188.17,0.1643,0.0587,15674.35,5,89484.91,0.0,0.4481,4220.05,0.0,26,171150.05,3.03,24,0,260403.18,30.0
346094.67,7015.73,5751.09,0.1728,0.0623,18786.04,3,28670.26,0.0,0.4274,11061.97,0.0,11,246513.59,5.64,6,0,336830.4,30.0
63466.98,4719.54,4655.15,0.2216,0.2254,56421.87,6,37633.09,20000.0,0.3659,12466.78,0.0,2,33044.83,8.51,4,1,9987.3,1.1
12859.92,3188.27,2025.77,0.4524,0.205,10098.24,4,2198.81,28500.0,0.5072,4408.19,0.0,22,7789.69,3.07,15,1,390.33,2.6
35618.44,5552.54,3216.42,0.2296,0.1999,20272.55,5,37300.81,20000.0,0.6689,4519.08,0.0,3,23478.65,4.58,15,1,23511.5,2.9
32138.23,1955.15,2048.74,0.548,0.3334,16872.4,4,8126.74,0.0,0.3361,7717.66,2807.62,8,23254.19,3.12,18,1,14643.15,7.6
41723.79,3105.32,1965.31,0.4857,0.2639,13437.69,1,2218.96,5000.0,0.425,8181.55,0.0,18,36780.72,3.48,26,0,36634.87,30.0
121839.29,5566.82,7090.86,0.145,0.1127,31991.96,5,28383.06,6000.0,0.4523,4117.46,45721.35,14,78291.73,5.17,21,0,61597.46,30.0
125885.58,10363.89,2743.33,0.0943,0.1015,11059.4,2,90934.39,0.0,0.4999,11493.66,0.0,4,63005.56,4.12,30,0,173047.54,30.0
104190.06,5013.82,7594.72,0.1742,0.1755,25998.5,6,53404.85,0.0,0.5061,4487.12,77426.92,5,85243.02,8.38,6,0,81647.24,30.0
24863.1,1315.42,3379.19,0.4693,0.3058,16473.52,2,8867.17,0.0,0.3386,5868.49,61912.95,22,12447.47,2.65,3,1,-38455.07,2.9
135068.0,4981.53,8240.19,0.4117,0.2732,46434.95,4,37113.32,8000.0,0.4719,8172.0,97759.89,6,101065.82,8.81,21,0,73439.26,30.0
178059.57,4132.49,5998.56,0.3547,0.125,31664.01,7,37639.64,40000.0,0.474,12620.26,55982.2,7,158417.78,5.08,18,0,123224.44,30.0
75041.12,7350.34,7785.66,0.237,0.235,35712.54,6,38933.27,20000.0,0.6012,8177.8,13059.58,5,52173.47,4.11,29,0,35052.94,30.0
122759.18,3203.54,4830.8,0.2919,0.2473,48832.78,3,19970.54,40000.0,0.6102,8886.52,48817.63,4,87062.6,5.8,12,0,52916.92,30.0
336818.2,9886.82,6605.42,0.1711,0.1363,31619.18,5,69486.29,0.0,0.4879,6457.06,0.0,16,237556.14,4.38,2,0,353885.25,30.0
64001.16,1663.78,1888.41,0.4504,0.1949,9502.48,1,10590.76,28500.0,0.3398,3692.9,6739.06,11,54115.54,2.95,11,0,37913.98,30.0
31064.21,2127.15,2565.27,0.5386,0.3762,25630.56,4,18337.92,0.0,0.4133,1791.78,13143.42,8,21362.85,4.06,5,1,5342.46,5.6
60639.97,2066.0,1767.0,0.467,0.2048,17144.4,2,18318.98,28500.0,0.2502,5721.54,0.0,13,56881.26,2.93,16,0,34679.63,30.0
22897.65,3083.72,3563.69,0.4887,0.169,13644.39,3,5892.25,0.0,0.3965,4500.92,14399.02,18,18025.39,3.58,1,1,-7431.24,6.2
287436.61,6312.47,4262.2,0.1256,0.0704,22911.2,3,84501.28,6000.0,0.3403,4380.46,0.0,26,166480.25,4.89,7,0,315966.16,30.0
148075.28,5393.45,4001.28,0.1577,0.085,23535.11,4,53876.97,6000.0,0.4903,3309.79,0.0,14,80471.2,3.4,18,0,147251.18,30.0
108227.39,8905.42,2683.41,0.1173,0.065,38765.95,5,69303.02,0.0,0.4945,2120.21,0.0,4,56642.45,6.03,13,0,114888.18,30.0
151377.17,5261.84,4597.31,0.1925,0.1321,37968.82,5,48676.42,20000.0,0.6534,4482.94,0.0,3,125896.55,6.06,2,0,122380.33,30.0
97628.23,6398.27,3244.95,0.1356,0.1218,35847.47,3,55949.38,6000.0,0.2923,3301.69,0.0,21,72595.61,4.38,7,0,119980.26,30.0
53081.63,2637.12,2675.4,0.4199,0.1735,6679.42,3,5878.67,5000.0,0.4997,7274.3,1148.35,20,33945.92,2.3,13,0,35285.61,30.0
49092.05,1213.96,3319.57,0.2197,0.3132,18461.82,2,9830.13,28500.0,0.332,3025.05,63168.4,23,43027.06,3.08,11,1,-33346.2,12.4
56168.24,2699.32,2538.0,0.3791,0.2923,21072.17,3,16366.93,14000.0,0.4899,7066.95,0.0,23,39307.06,2.5,23,0,26229.28,30.0
17754.39,1668.9,2118.55,0.2986,0.2975,27873.78,2,16537.05,28500.0,0.51,6277.33,13489.41,18,15188.6,4.3,30,1,-31771.11,1.6
53197.36,1815.09,3097.52,0.4266,0.216,8979.17,3,16192.18,0.0,0.2743,2481.82,38472.91,19,46103.65,3.26,17,0,20064.16,30.0
134505.15,8908.31,2930.85,0.0944,0.1154,19498.17,3,28345.39,0.0,0.3716,9583.32,0.0,11,107077.14,3.94,23,0,172544.25,30.0
94145.14,6627.82,5941.39,0.3978,0.2984,43041.69,3,52945.52,20000.0,0.5764,9345.76,0.0,10,58607.57,6.62,16,0,56190.75,30.0
241395.04,10576.98,3484.08,0.14,0.1069,12988.42,2,31549.03,6000.0,0.3482,4532.33,0.0,9,122417.16,5.79,25,0,282847.05,30.0
61620.29,3502.21,3972.13,0.436,0.2387,22458.6,3,54913.14,20000.0,0.5549,6869.84,14097.56,4,47108.41,6.2,1,0,46376.36,30.0
68614.11,3864.03,6112.52,0.1711,0.1149,46650.17,3,35404.65,40000.0,0.5463,14037.74,67454.61,4,60878.7,7.86,22,1,3626.71,3.4
7850.95,2424.15,1479.61,0.4587,0.3281,11806.72,4,22737.03,0.0,0.2279,8299.67,0.0,8,4401.1,2.68,28,1,8825.98,1.8
128300.26,9662.76,7940.8,0.1598,0.0569,23453.13,5,39957.81,0.0,0.3971,3798.43,0.0,20,106467.59,7.76,18,0,117164.75,30.0
169234.68,4917.44,3571.95,0.1877,0.1199,37884.27,5,84287.69,0.0,0.4476,3241.68,0.0,27,123926.3,4.96,25,0,174201.09,30.0
59315.3,5785.66,3428.43,0.448,0.1054,54928.96,5,30180.95,20000.0,0.3676,6895.77,0.0,13,45885.41,7.28,10,1,22303.64,17.9
308093.58,5503.5,5005.3,0.1936,0.1272,9463.26,5,82806.32,0.0,0.2792,7025.0,0.0,26,174545.71,6.5,30,0,316205.85,30.0
123249.22,4616.73,4349.36,0.4277,0.203,58117.2,5,23156.58,0.0,0.5184,14953.25,0.0,1,110875.24,4.01,22,0,74047.99,30.0
153993.55,10076.13,5521.65,0.1735,0.0911,33610.19,5,32159.76,6000.0,0.273,8184.88,0.0,12,103255.0,3.21,20,0,160947.03,30.0
42540.23,4422.02,3447.78,0.2531,0.2296,45064.72,4,32015.37,40000.0,0.5315,11435.24,0.0,6,23422.52,4.59,1,1,-8962.42,2.9
100548.54,3887.33,5234.16,0.447,0.1292,59934.36,6,27991.96,0.0,0.5399,13398.31,40404.92,16,77150.19,6.08,4,1,18405.07,14.9
63063.47,6234.19,8385.44,0.3078,0.1521,60904.09,5,35609.34,0.0,0.5507,11287.32,64537.46,14,35937.98,7.28,13,1,-31122.67,6.5
22753.62,1894.49,2477.74,0.5412,0.3409,23862.33,1,18584.05,0.0,0.4981,5292.37,17497.63,4,20652.99,3.73,14,1,3194.76,1.7
252541.99,11877.78,5336.97,0.0984,0.0676,32090.42,5,85298.15,6000.0,0.4328,2009.09,0.0,20,236558.4,5.76,5,0,334623.54,30.0
58286.68,2607.87,1560.79,0.3693,0.2797,14675.66,4,16700.97,0.0,0.5262,4658.28,0.0,2,55291.53,4.34,29,0,51073.98,30.0
153252.32,3101.16,3758.58,0.1771,0.1094,42337.53,7,15410.77,40000.0,0.5808,10059.76,19722.61,3,120709.05,9.51,25,0,93073.87,30.0
13921.63,1856.41,2284.19,0.3745,0.2952,15305.48,1,22916.8,14000.0,0.3641,1842.29,12833.51,12,7159.19,1.97,23,1,-9082.98,1.0
77899.62,2994.41,4121.5,0.2277,0.1352,42529.59,5,53430.5,40000.0,0.4213,12227.48,33812.64,13,49433.42,8.69,25,1,13659.49,11.3
117637.09,3966.19,7406.0,0.299,0.1014,56681.22,5,41699.62,0.0,0.557,12576.71,103194.27,17,74909.35,9.63,19,1,5921.08,13.5
128734.98,7728.85,7871.87,0.1289,0.0849,23645.21,4,67237.02,0.0,0.2775,9532.85,4290.68,25,114116.55,3.88,3,0,89984.4,30.0
198642.5,9966.68,4629.63,0.0921,0.0893,28989.35,4,72919.22,0.0,0.2897,5908.52,0.0,6,107457.93,7.66,7,0,219119.57,30.0
130859.53,7267.94,5169.22,0.2416,0.1345,38520.93,4,31860.3,0.0,0.4429,9022.69,0.0,12,84560.52,4.61,17,0,112733.96,30.0
94664.31,4118.0,4762.73,0.3401,0.2437,15851.12,3,20284.6,8000.0,0.5518,14714.26,19341.97,11,72559.13,9.03,22,0,66504.81,30.0
260040.95,5189.5,6613.0,0.1252,0.1422,30562.57,4,33633.68,0.0,0.3216,6732.32,42704.93,6,238685.83,6.13,27,0,227940.16,30.0
87229.46,5034.49,4061.99,0.1771,0.2498,15160.52,7,50689.65,40000.0,0.436,12605.09,0.0,4,60122.05,6.0,1,0,72267.79,30.0
61286.68,3126.51,2525.02,0.3642,0.3752,22637.75,2,6262.4,5000.0,0.4086,3495.29,0.0,12,46175.83,1.54,25,0,38674.49,30.0
25028.38,2001.83,3109.7,0.3081,0.1623,14719.81,4,22725.76,5000.0,0.2633,6060.7,33236.24,12,19507.95,3.62,28,1,-1695.69,4.5
108941.09,6168.9,5465.97,0.1083,0.0535,22070.21,4,37884.06,0.0,0.3506,4876.45,0.0,10,63066.1,6.17,21,0,96890.28,30.0
176456.22,4371.72,6538.87,0.4467,0.1528,61094.33,5,23389.74,20000.0,0.4083,9556.0,65014.47,9,118543.92,5.87,10,0,86857.91,30.0
135748.78,6620.61,5043.26,0.3937,0.193,45123.48,5,34280.12,8000.0,0.3854,13155.69,0.0,2,85268.97,8.81,28,0,100536.14,30.0
60732.99,4195.82,6839.24,0.2789,0.2254,48777.71,3,41610.79,0.0,0.6383,7089.86,79302.48,6,41503.46,6.72,24,1,6934.37,2.9
48812.29,7347.03,7328.62,0.2394,0.1085,27685.28,7,38822.88,40000.0,0.599,11812.31,0.0,15,36275.51,5.55,14,1,-5165.76,13.8
20717.68,1998.96,1405.02,0.2619,0.1816,17304.3,3,15972.97,0.0,0.5361,1986.36,0.0,14,17557.92,3.73,18,1,12591.31,8.6
324046.04,10094.37,4053.51,0.1521,0.0641,29814.42,2,27950.28,6000.0,0.2793,8386.24,0.0,16,251238.78,6.72,27,0,366627.79,30.0
159329.27,6020.07,7539.24,0.2299,0.2772,28392.88,3,54640.55,0.0,0.482,13229.37,45575.1,12,104758.68,4.47,28,0,120013.28,30.0
106752.68,5065.49,6551.58,0.2431,0.2281,31544.35,3,13035.18,40000.0,0.5855,13033.36,44582.85,3,70583.38,5.54,28,0,52997.7,30.0
35076.93,2408.42,3011.55,0.547,0.215,14884.74,2,18928.17,28500.0,0.3128,4058.59,18094.05,18,29550.87,2.42,8,1,-6306.1,14.4
63653.44,6287.03,3949.01,0.3966,0.2588,32055.13,4,30016.92,0.0,0.6904,4803.35,0.0,14,49011.97,8.17,1,0,58461.83,30.0
141407.9,7488.09,5274.75,0.1187,0.1477,9027.12,5,21291.9,0.0,0.4314,6788.81,0.0,13,133141.66,3.3,26,0,150208.07,30.0
13939.75,2420.93,1909.45,0.4622,0.2785,13793.46,2,2291.6,0.0,0.2764,5203.44,0.0,16,13076.67,4.03,4,1,1266.78,1.0
42566.73,2845.28,2196.57,0.3513,0.1789,19894.62,4,24463.56,5000.0,0.2535,5762.64,0.0,9,39072.15,2.08,30,0,30921.73,30.0
42859.09,2871.68,2087.41,0.246,0.1608,13826.49,3,13855.48,5000.0,0.4254,5641.76,0.0,4,34453.15,2.36,5,0,33057.39,30.0
39348.16,1544.93,2997.13,0.2213,0.1914,10763.6,3,19903.15,5000.0,0.2644,1810.08,43565.99,2,21761.17,3.3,14,0,30239.97,30.0
176680.33,5905.35,5182.92,0.1938,0.1306,62396.72,5,52252.92,20000.0,0.477,11565.72,0.0,1,89559.73,9.65,23,0,124707.15,30.0
122306.48,7848.94,2742.9,0.0848,0.1443,14875.58,2,45625.16,6000.0,0.4527,7298.26,0.0,4,96262.89,4.2,1,0,136893.87,30.0
201968.36,7638.03,7481.62,0.1883,0.1492,11631.61,5,74504.65,0.0,0.3877,5442.62,0.0,11,184289.37,5.9,10,0,205417.21,30.0
151126.31,6810.62,5545.92,0.2577,0.1911,31781.02,5,21268.63,20000.0,0.5785,7405.91,0.0,16,135284.64,7.51,4,0,116097.84,30.0
20089.95,1842.04,2066.21,0.2602,0.3671,14691.19,2,14555.81,0.0,0.3465,8723.48,6725.12,7,10061.87,2.68,10,1,7135.92,3.2
21958.37,3057.52,3406.24,0.3796,0.2146,6678.61,2,2967.57,14000.0,0.2358,2674.32,10461.52,23,16762.53,3.74,11,1,-12953.29,11.6
139444.03,6219.99,5449.99,0.3131,0.2848,64332.94,4,53093.29,20000.0,0.5712,10710.9,0.0,15,107447.7,4.87,23,0,79356.67,30.0
39787.61,2404.76,2320.48,0.334,0.2114,5347.36,3,18307.81,5000.0,0.3158,5237.59,0.0,24,30577.71,2.16,13,0,29154.07,30.0
5754.95,1918.17,3516.4,0.4415,0.3644,20241.0,4,8904.66,5000.0,0.2507,2049.66,47946.78,3,3577.41,2.68,29,1,-19612.53,1.0
172355.21,6107.77,7331.9,0.2418,0.1209,61967.93,5,34524.13,8000.0,0.452,7831.85,36723.81,5,139386.79,8.92,18,0,107432.63,30.0
160063.44,5641.73,7929.61,0.1695,0.0915,17679.64,3,33347.9,6000.0,0.484,2911.17,68636.23,18,102098.9,7.94,13,0,91554.41,30.0
82008.55,8614.78,7645.6,0.1826,0.0856,21881.11,2,22461.07,0.0,0.2957,4105.41,0.0,5,57401.72,6.46,11,0,65674.47,30.0
30390.36,2180.85,2501.4,0.3808,0.2062,20952.56,3,2454.99,0.0,0.3806,5112.85,9616.58,22,17566.46,3.56,30,1,-6487.65,12.9
144896.07,5410.29,4714.04,0.0867,0.0831,36677.33,5,84814.99,0.0,0.4108,3681.66,0.0,19,99789.1,5.27,26,0,134820.25,30.0
348271.58,10694.22,5569.65,0.0917,0.1454,26062.81,4,28974.63,6000.0,0.465,10414.11,0.0,8,214012.39,3.14,17,0,354294.56,30.0
23142.88,1979.18,2079.74,0.3209,0.3478,16462.63,1,23134.48,0.0,0.305,7610.22,3016.74,8,12150.03,2.57,4,1,12220.6,3.1
147508.48,5085.92,4968.2,0.1958,0.1054,39063.82,6,9969.94,40000.0,0.5873,3366.55,0.0,13,138129.96,8.04,29,0,80535.2,30.0
51628.29,1716.72,2234.76,0.3917,0.3987,12764.02,4,16908.96,5000.0,0.2731,2478.74,15541.38,6,43718.42,3.18,10,0,38207.21,30.0
14015.85,2308.71,3499.12,0.5074,0.1767,10100.8,1,16012.16,14000.0,0.2199,8053.28,35712.44,15,11390.18,4.34,28,1,-21175.25,1.6
129180.13,5878.91,6447.52,0.1461,0.1057,34039.03,4,82171.6,0.0,0.4381,10549.71,17058.3,27,70644.64,6.35,4,0,80784.67,30.0
61729.97,2124.96,2320.86,0.2046,0.1628,19346.45,1,10097.41,0.0,0.434,5923.7,5877.09,3,55384.7,3.57,28,0,44830.29,30.0
44493.08,2377.34,1729.17,0.2869,0.3825,20381.21,4,11181.19,14000.0,0.2647,6712.57,0.0,21,35176.67,2.16,17,0,25197.61,30.0
17465.67,3055.06,3428.78,0.4534,0.2318,16194.18,1,2682.89,5000.0,0.4271,6658.44,11211.42,3,16110.6,1.89,12,1,-2959.3,1.3
27123.17,1300.43,2807.7,0.3575,0.2933,5546.54,2,8011.8,28500.0,0.5428,4516.89,45218.12,21,17416.94,3.19,4,1,-25899.97,7.3
28778.25,2381.88,1446.05,0.5103,0.1778,22016.82,2,13091.6,14000.0,0.2166,3112.76,0.0,16,17363.87,3.86,7,1,12603.33,30.0
20673.64,3195.06,3089.31,0.4877,0.1566,5825.42,1,6072.65,28500.0,0.2209,6844.61,0.0,16,15864.46,3.4,18,1,-5944.98,21.7
58957.69,4761.91,7576.75,0.1888,0.1258,31815.15,7,52741.13,20000.0,0.4285,9623.01,84445.09,15,41843.98,5.67,5,1,-18523.68,6.6
140502.6,3845.58,8020.55,0.2005,0.2117,17574.21,5,30887.69,20000.0,0.6217,5560.66,125248.89,2,106248.75,8.27,5,0,115366.04,30.0
51912.26,4775.75,4698.88,0.36,0.1011,23809.1,6,48024.85,0.0,0.3872,14023.79,0.0,3,40326.02,4.08,25,0,44413.22,30.0
148184.76,5906.4,8267.95,0.4093,0.1458,44388.95,4,28509.41,40000.0,0.6697,7315.17,70846.54,10,78925.58,4.47,15,0,60204.81,30.0
55292.38,1606.84,3569.21,0.5208,0.3011,6878.69,4,22508.06,5000.0,0.431,5502.05,58870.91,15,40437.08,3.18,29,0,19978.16,30.0
10505.57,1847.39,3336.26,0.4492,0.3465,10636.74,2,18914.71,5000.0,0.4707,2399.79,44665.95,13,8037.5,2.48,30,1,-19082.35,1.0
40030.54,1349.26,3385.83,0.2842,0.3548,15579.63,4,4743.38,28500.0,0.431,5422.55,61097.09,5,20649.38,3.38,20,1,392.49,4.1
74896.96,4906.13,4985.31,0.1776,0.2477,64234.95,6,31503.57,20000.0,0.5115,12750.15,2375.37,3,54062.96,7.47,18,1,9630.17,2.6
128966.5,4562.31,4707.53,0.4257,0.1254,61646.38,6,26352.25,40000.0,0.5012,12203.8,4356.42,15,114135.8,6.55,24,0,41390.42,30.0
49936.95,3139.08,7587.25,0.2774,0.2037,61857.87,6,43975.24,8000.0,0.4118,3737.09,133445.03,9,27562.44,4.49,13,1,-44210.76,2.6
6859.32,2570.56,3281.62,0.4639,0.2007,16074.2,3,24248.4,0.0,0.4043,7180.24,21331.68,14,4469.63,4.41,20,1,-16358.51,1.4
139926.31,2927.53,8112.52,0.3203,0.2368,61037.08,4,40146.27,8000.0,0.5616,14869.58,155549.72,14,82091.42,5.53,17,1,9520.39,12.9
35858.31,2016.79,2560.47,0.5011,0.1619,24862.79,4,23919.7,0.0,0.4673,6501.82,16310.16,12,20762.31,2.95,9,1,8846.17,7.1
67578.71,7336.99,4820.34,0.346,0.1275,41649.91,6,17186.05,0.0,0.6385,9510.1,0.0,12,53833.06,9.7,5,0,45180.07,30.0
90571.68,8852.77,7626.93,0.0929,0.0594,18325.6,5,93955.0,0.0,0.4292,5151.82,0.0,26,55950.98,4.74,6,0,95885.13,30.0
148392.27,4914.36,3746.29,0.2498,0.1322,43438.16,6,41509.57,8000.0,0.6236,11406.14,0.0,16,110997.61,7.07,29,0,120384.31,30.0
45096.53,2969.53,2082.03,0.4843,0.234,5809.49,3,22100.68,14000.0,0.4874,1883.63,0.0,23,39639.51,3.0,14,0,47826.13,30.0
90702.02,2951.01,6650.0,0.2674,0.1038,24318.75,6,34764.21,8000.0,0.4097,5610.99,110969.68,6,49270.84,8.85,30,0,50339.64,30.0
313229.69,4992.02,3415.7,0.1497,0.0732,38227.46,3,79958.55,6000.0,0.4836,9555.91,0.0,17,197064.91,4.45,18,0,313978.75,30.0
65275.46,3446.85,6276.54,0.3677,0.1568,23916.77,5,39026.75,8000.0,0.6073,5197.47,84890.71,7,33885.34,7.44,20,0,27992.63,30.0
91039.75,5361.34,3807.41,0.1335,0.129,26661.97,3,27148.2,0.0,0.3119,7435.08,0.0,4,59352.99,4.83,24,0,76980.04,30.0
106238.01,3540.49,6554.36,0.3077,0.213,46273.67,7,27521.11,0.0,0.6982,3343.35,90416.15,4,95636.47,4.45,1,0,55989.27,30.0
62422.39,5508.24,4149.03,0.1922,0.2308,18468.62,4,54244.61,0.0,0.6816,10061.95,0.0,15,55825.74,4.25,16,0,69158.31,30.0
56708.45,2431.91,3575.85,0.2471,0.239,25389.03,4,5285.18,0.0,0.3089,8100.99,34318.26,9,41999.93,1.7,5,0,19051.07,30.0
57425.32,3111.17,1845.09,0.4948,0.3933,23768.34,3,8347.09,28500.0,0.3144,2887.93,0.0,4,46401.37,2.38,18,0,25728.36,30.0
23690.01,2056.93,3176.9,0.5284,0.2638,14673.54,4,21956.59,14000.0,0.23,8537.24,33599.12,10,12974.79,3.75,14,1,-4059.32,3.0
162186.5,4802.64,5949.63,0.1514,0.1067,59488.85,5,33596.77,8000.0,0.3793,11387.93,34409.85,17,137083.22,7.22,17,0,75873.79,30.0
46249.33,1599.44,3064.8,0.5191,0.2605,9688.15,2,16960.5,0.0,0.2856,4493.83,43960.93,12,23506.63,2.13,21,0,21637.3,30.0
33506.29,2114.64,2323.73,0.3324,0.2742,27153.7,1,23369.27,0.0,0.2256,1787.21,6272.53,10,19189.56,2.26,5,1,10043.98,6.1
36055.17,1836.5,1495.77,0.5431,0.3166,24494.07,2,11224.98,0.0,0.5156,8993.12,0.0,8,24310.68,3.32,5,0,16049.06,30.0
31511.58,1370.49,3303.11,0.2164,0.2452,22476.97,4,14224.3,14000.0,0.235,7312.35,57978.56,24,23323.45,4.23,11,1,-44906.64,6.8
141343.52,7041.32,5254.27,0.3111,0.2786,59594.17,3,12705.85,8000.0,0.5125,8341.79,0.0,14,90856.54,8.7,21,0,87529.72,30.0
126491.38,6912.02,4320.74,0.2432,0.1812,21932.74,4,46846.03,0.0,0.4286,6984.48,0.0,4,79286.36,4.46,6,0,128064.68,30.0
81380.26,5976.95,6087.44,0.4288,0.2236,26387.47,6,26413.5,0.0,0.4249,11701.32,3314.74,3,60184.69,4.04,4,0,61343.42,30.0
115075.58,4793.48,8344.55,0.2982,0.2315,60138.29,6,18825.3,40000.0,0.3554,6617.46,106532.08,5,77327.19,6.92,1,1,20254.18,5.0
62979.58,1422.62,1631.56,0.2152,0.23,18167.83,3,19273.61,28500.0,0.3394,2208.87,6268.33,22,34654.06,2.14,7,0,27818.66,30.0
51652.81,2500.67,1756.21,0.2887,0.3376,21572.93,1,19724.46,0.0,0.3982,5887.5,0.0,14,39223.55,2.73,10,0,41319.8,30.0
57932.42,2265.25,2707.5,0.5465,0.3963,16710.97,1,8631.05,14000.0,0.4052,1754.68,13267.65,20,45105.81,1.75,13,0,20586.92,30.0
57223.61,2879.57,1507.47,0.2438,0.2891,8810.5,3,6740.2,5000.0,0.215,4583.76,0.0,5,54341.28,1.63,27,0,52553.84,30.0
42147.78,2690.69,3054.25,0.203,0.313,17644.5,4,9909.26,0.0,0.4208,5382.41,10906.88,6,31623.13,2.43,28,0,23005.5,30.0
20829.74,1675.68,3555.19,0.3397,0.2292,21786.39,1,20373.48,0.0,0.3465,2368.48,56385.38,12,19270.38,1.82,1,1,-19293.15,1.1
130681.51,4544.13,5275.42,0.3137,0.1158,42441.74,7,23003.77,0.0,0.63,14074.27,21938.84,9,108244.89,5.48,2,0,82776.48,30.0
301098.62,8967.16,7382.6,0.1396,0.1488,13768.97,3,74435.79,0.0,0.2759,10091.81,0.0,27,174312.44,3.61,3,0,311529.89,30.0
5969.99,1463.68,1980.54,0.4524,0.2689,23679.75,2,16462.27,28500.0,0.4653,5149.02,15505.7,24,3467.68,2.49,27,1,-44436.79,1.0
41737.45,6807.43,8467.28,0.2865,0.2024,37247.29,4,39040.28,8000.0,0.3775,7596.21,49795.49,8,28699.39,7.89,2,1,-7924.58,2.5
31332.27,1307.3,2795.45,0.3687,0.2745,9985.1,4,2764.12,28500.0,0.2356,5354.86,44644.41,6,18628.65,2.28,2,1,-2208.85,6.2
42609.61,2146.52,2915.83,0.4412,0.2682,13253.18,2,18647.75,5000.0,0.3368,1974.33,23079.23,11,30962.32,4.39,25,0,20862.01,30.0
46337.02,3185.89,3389.17,0.3823,0.3195,15798.03,1,10124.82,0.0,0.3862,4761.04,6098.53,24,35351.37,3.62,27,1,14756.09,30.0
232576.78,7511.91,5998.3,0.168,0.0523,20442.86,5,80273.74,0.0,0.2725,2944.85,0.0,15,166876.82,6.9,6,0,243814.6,30.0
167725.88,11709.41,3057.4,0.1008,0.1224,10086.97,5,71212.19,0.0,0.3753,9651.22,0.0,24,116325.74,5.55,17,0,337607.37,30.0
74096.73,6301.93,4238.37,0.1719,0.0823,22448.92,2,50602.27,0.0,0.3098,8485.58,0.0,26,40667.97,3.11,1,0,92526.71,30.0
52879.57,2027.69,2689.58,0.2573,0.1674,15492.86,3,18278.74,14000.0,0.508,3985.29,19856.65,12,43952.06,3.55,25,0,25260.75,30.0
129078.62,6968.33,8013.57,0.2655,0.2856,39369.85,3,37940.82,0.0,0.3691,12150.8,31357.18,4,119096.86,9.36,25,0,95162.56,30.0
11069.69,2328.29,2293.82,0.4067,0.2084,8834.64,1,24768.72,0.0,0.3326,8793.81,0.0,7,6838.8,4.25,4,1,9092.37,1.0
39765.04,4306.89,8061.69,0.2251,0.2138,57484.24,6,14714.83,0.0,0.5208,13345.51,112643.91,12,26924.47,4.41,23,1,-67734.47,1.5
24796.89,1223.52,3172.96,0.5351,0.2223,17144.79,3,10300.15,28500.0,0.2392,8651.64,58483.32,12,17526.41,4.09,10,1,-28323.23,3.4
343050.12,7011.74,3860.98,0.0893,0.1357,38952.69,4,82873.49,0.0,0.3232,2496.13,0.0,25,191559.77,7.28,15,0,380787.46,30.0
94149.7,3465.16,6010.24,0.3903,0.295,31308.66,7,27931.26,0.0,0.5346,4554.61,76352.45,15,69887.32,6.14,28,0,25419.3,30.0
33420.14,1204.76,3022.96,0.3981,0.1775,22190.46,4,20908.39,14000.0,0.4846,5523.28,54546.03,18,20377.48,3.81,8,1,-24201.88,6.7
61161.59,1622.13,3269.52,0.4435,0.1803,17660.45,4,10425.43,28500.0,0.3943,8474.31,49421.48,7,51314.12,1.85,26,0,19282.46,30.0
81394.84,10180.21,3659.79,0.1385,0.1195,25852.93,3,94718.47,0.0,0.4398,10880.84,0.0,27,75594.25,7.21,6,0,214753.9,30.0
194113.76,9281.86,5410.03,0.1216,0.0644,9672.04,5,20102.14,0.0,0.4508,2904.42,0.0,27,105977.41,7.0,12,0,247178.93,30.0
133703.69,7403.0,4475.71,0.3961,0.159,41806.77,7,39753.57,0.0,0.4992,6381.19,0.0,1,117304.58,7.79,12,0,109367.74,30.0
28973.68,2764.58,1811.6,0.2035,0.3772,23974.49,4,6652.69,0.0,0.3769,4121.45,0.0,21,18555.87,4.29,15,0,15423.83,30.0
54005.9,2024.5,2657.59,0.2116,0.3479,27349.86,3,8805.71,0.0,0.3004,6700.55,18992.55,18,46288.13,2.2,21,1,11873.92,17.0
165282.18,3667.82,7475.95,0.1555,0.2841,42977.32,6,31974.68,40000.0,0.5251,5720.97,114243.85,11,120205.3,5.69,12,0,65212.46,30.0
97888.5,4952.77,6325.15,0.3079,0.1265,58898.57,6,28203.19,20000.0,0.419,4701.49,41171.36,7,73969.25,4.72,14,1,23785.04,7.3
150356.94,6957.04,7217.55,0.4033,0.1691,32617.83,4,25228.26,40000.0,0.4702,14331.61,7815.38,16,85573.52,9.02,20,0,81238.04,30.0
53459.83,1790.43,3448.89,0.5345,0.354,20334.34,1,13334.52,0.0,0.5457,5480.73,49753.85,16,42551.18,2.25,10,1,6243.83,13.5
131183.95,5058.09,3915.15,0.3856,0.1062,39717.47,5,36786.1,8000.0,0.6974,12941.5,0.0,13,81956.11,4.23,4,0,104359.83,30.0
32575.11,2749.2,2506.44,0.3661,0.2255,26301.31,3,15225.58,28500.0,0.389,3362.93,0.0,6,28219.61,2.93,5,1,-4424.86,3.9
42661.19,2219.77,2890.94,0.283,0.2309,21486.84,2,14639.13,14000.0,0.3022,7482.39,20135.3,20,23500.4,3.34,20,1,-2791.68,15.2
133192.49,5147.9,5819.31,0.1625,0.0795,34960.58,3,30997.5,0.0,0.4007,9760.57,20142.43,6,84561.1,7.57,1,0,100662.39,30.0
136488.99,6387.68,3556.1,0.2738,0.159,28299.69,4,33561.68,0.0,0.3747,7951.19,0.0,7,128837.69,7.48,11,0,133127.62,30.0
39171.21,1720.43,1404.21,0.5457,0.2704,25175.96,4,22606.31,5000.0,0.5,7800.5,0.0,23,24092.93,1.92,22,0,20014.21,30.0
154664.66,4037.71,8266.38,0.154,0.286,54262.2,5,12317.29,8000.0,0.6643,3808.27,126860.04,5,95654.3,9.25,4,0,76135.82,30.0
43410.31,1284.6,3140.41,0.4698,0.2307,24124.46,2,24923.63,5000.0,0.3653,6519.15,55674.08,3,23963.66,2.51,24,0,21030.55,30.0
349034.44,11896.34,3799.66,0.1206,0.0775,29902.79,5,64240.07,6000.0,0.2999,3501.36,0.0,22,234695.52,5.25,16,0,468564.15,30.0
84653.86,8108.05,4525.63,0.1046,0.0938,36011.43,3,52593.77,0.0,0.3609,10085.4,0.0,25,51138.13,5.88,25,0,118694.45,30.0
157563.87,8291.96,3927.38,0.1921,0.1022,16687.0,4,59444.14,0.0,0.2934,4727.66,0.0,24,90929.97,6.59,4,0,230443.31,30.0
158472.0,6176.53,7833.0,0.1763,0.1131,28647.79,2,24864.96,0.0,0.4243,11913.81,49694.16,14,132590.07,3.71,16,0,100097.6,30.0
62658.45,2325.18,2639.4,0.5302,0.3823,24711.51,2,7516.39,5000.0,0.2771,8483.24,9426.45,23,51104.13,4.0,7,0,20808.56,30.0
55202.03,2891.43,2797.0,0.5224,0.3532,12707.73,2,24510.05,28500.0,0.2776,7490.08,0.0,4,47236.22,2.19,18,0,36198.81,30.0
134989.83,5124.33,6357.13,0.4039,0.1626,22241.42,7,9106.08,0.0,0.5331,3101.76,36983.88,6,93320.8,7.43,19,0,103531.71,30.0
61832.28,1207.01,3361.4,0.4579,0.193,25369.7,4,12525.77,14000.0,0.3653,8916.38,64631.57,19,56407.94,4.09,5,1,-11144.33,13.1
64762.89,2318.45,3335.63,0.3491,0.3307,13577.92,2,7883.79,0.0,0.3003,8338.4,30515.25,2,59230.43,2.72,10,0,50988.51,30.0
12702.67,2445.31,2105.99,0.4269,0.277,8742.53,3,20837.1,0.0,0.3166,3140.1,0.0,5,7857.72,4.4,23,1,11511.46,1.0
62446.09,2349.54,3524.79,0.475,0.3308,21193.61,4,7037.42,28500.0,0.4906,6036.64,35257.7,19,34815.19,2.29,17,1,-1709.38,20.9
147365.85,6270.74,2705.55,0.1367,0.0882,19479.66,5,77798.05,0.0,0.459,8818.68,0.0,11,133708.06,7.88,21,0,184660.42,30.0
74648.39,5877.72,4322.29,0.4223,0.2709,35374.0,7,20682.9,8000.0,0.5127,5287.89,0.0,12,63046.18,8.18,27,0,48243.92,30.0
36927.9,2753.3,1923.49,0.4476,0.3302,17428.45,1,15578.93,28500.0,0.4232,4231.9,0.0,6,22327.33,2.74,4,1,13042.11,10.2
29376.32,2190.12,1958.83,0.5174,0.2213,6722.01,1,14526.66,0.0,0.498,4837.14,0.0,17,25531.85,3.37,28,0,24878.05,30.0
53010.14,1902.51,2467.17,0.2658,0.2714,12633.32,2,24635.15,14000.0,0.3805,6167.45,16939.95,2,27467.5,3.42,15,0,41615.09,30.0
222805.54,7894.35,7318.75,0.1278,0.1155,8197.66,3,52117.83,0.0,0.4038,5721.61,0.0,13,152952.72,3.41,10,0,222622.74,30.0
32725.79,1675.98,1600.99,0.2396,0.2298,21637.38,1,4546.78,0.0,0.2044,3151.52,0.0,4,17246.87,2.85,28,1,11929.42,3.0
40256.22,3854.28,8123.93,0.3216,0.1881,58107.47,4,10289.44,0.0,0.4376,4604.38,128089.34,15,27533.05,5.03,27,1,-89302.23,1.6
130006.06,5350.59,5310.34,0.3713,0.105,57792.39,3,51983.09,40000.0,0.5394,4366.51,0.0,4,65352.57,4.78,16,0,69020.66,30.0
59971.53,3028.19,2436.84,0.4793,0.2612,9936.0,4,2032.04,0.0,0.3974,3898.79,0.0,15,48583.71,4.09,11,0,50735.45,30.0
90541.57,5620.98,5854.23,0.2002,0.1096,37093.37,4,44136.82,8000.0,0.5892,4454.07,6997.31,5,85428.78,4.54,13,0,60073.48,30.0
209708.6,4999.1,3226.23,0.1321,0.1031,14378.96,2,78600.89,0.0,0.4869,4157.12,0.0,24,185974.86,5.84,2,0,245509.17,30.0
125412.77,4956.95,5675.57,0.2718,0.224,17611.83,3,12956.96,40000.0,0.4923,4769.93,21558.52,8,85610.77,7.25,6,0,79554.64,30.0
45067.42,2418.62,2969.4,0.3661,0.2175,25995.8,2,19555.21,14000.0,0.4323,4285.18,16523.26,6,39404.29,4.01,9,1,13977.91,6.1
41761.94,1315.95,2920.91,0.4738,0.2494,17446.6,4,12669.46,28500.0,0.2611,1716.14,48148.86,20,30434.68,2.45,11,1,-21831.93,11.9
17878.34,2828.69,2944.82,0.4703,0.1808,9963.9,4,21133.93,0.0,0.2784,5816.49,3483.98,14,9395.73,1.88,23,1,6534.92,4.0
36001.14,2971.91,3307.27,0.5289,0.271,24448.31,2,18558.19,14000.0,0.3437,6493.41,10060.86,11,18334.64,2.11,2,1,793.33,8.2
172586.47,4997.33,3616.63,0.3156,0.1176,64232.43,5,32337.55,0.0,0.3833,13217.72,0.0,2,126898.74,7.81,5,0,122100.31,30.0
44611.29,1303.62,2466.58,0.4502,0.2575,16442.47,3,23592.15,5000.0,0.5061,6241.45,34888.74,21,40416.6,2.44,9,1,5651.21,15.3
119879.84,4891.96,3971.88,0.3161,0.2955,50347.59,6,8297.14,8000.0,0.6255,11969.98,0.0,8,74446.59,9.67,10,0,68277.77,30.0
32052.58,1728.2,2147.41,0.5176,0.2337,9057.9,2,15686.75,14000.0,0.4749,6193.75,12576.24,11,25727.81,1.71,27,1,13590.62,13.6
20218.17,1916.61,1825.43,0.4376,0.1754,5075.51,4,18177.23,0.0,0.3809,5076.2,0.0,17,12251.92,2.51,6,0,16412.3,30.0
151744.8,5344.43,3242.04,0.1065,0.1182,29594.39,5,86729.09,6000.0,0.311,8038.71,0.0,19,88797.2,3.51,27,0,173381.88,30.0
137458.63,9162.69,7296.53,0.1921,0.1494,32942.47,2,61796.21,6000.0,0.4407,2750.1,0.0,26,81762.45,4.6,7,0,126698.22,30.0
138618.97,5937.49,7333.96,0.293,0.2022,48225.86,6,50936.48,0.0,0.6775,10574.2,41894.06,14,92997.76,6.32,13,0,74794.02,30.0
13540.82,2188.21,3565.52,0.2713,0.263,12761.52,1,17013.93,0.0,0.295,8420.09,41319.29,19,10080.7,3.04,21,1,-26753.92,1.4
64350.22,2159.47,2776.19,0.326,0.3631,18901.37,1,3747.79,0.0,0.3967,6471.08,18501.56,3,49799.95,2.37,8,0,43762.39,30.0
40654.83,2490.99,2954.7,0.4878,0.1899,7414.99,3,15186.91,0.0,0.5305,4581.3,13911.54,5,22238.36,2.51,18,0,34662.07,30.0
82511.37,3217.33,4438.81,0.2052,0.2491,59211.9,5,15233.93,8000.0,0.623,12324.17,36644.37,12,64503.95,9.49,20,1,2452.27,9.0
33660.4,2043.99,3455.14,0.4523,0.1704,20402.85,2,18221.06,5000.0,0.326,2497.22,42334.3,5,23475.3,4.24,7,1,8495.52,3.4
35932.85,1460.52,2542.24,0.2861,0.186,8058.22,1,3806.56,0.0,0.3008,2247.17,32451.63,19,23652.63,2.03,19,1,4301.67,13.1
166900.47,9859.72,5467.38,0.145,0.1358,12910.4,4,54160.8,0.0,0.3676,10456.0,0.0,17,144160.06,6.56,11,0,216950.63,30.0
163266.61,5216.67,4390.99,0.1888,0.2737,53848.54,3,8934.11,40000.0,0.3697,4411.32,0.0,16,138473.0,9.45,26,0,89715.91,30.0
62422.29,6781.44,5010.85,0.2569,0.2832,45353.82,4,21809.51,8000.0,0.6915,13777.57,0.0,5,37973.73,9.91,12,1,24232.41,4.7
230375.13,6339.0,4108.2,0.1977,0.1116,33879.12,5,64453.08,0.0,0.3552,6998.45,0.0,10,173875.93,5.49,14,0,231899.49,30.0
61639.47,1787.42,1557.91,0.2593,0.1739,8045.08,4,12026.31,14000.0,0.2625,4625.66,0.0,22,52863.48,1.63,20,0,48452.35,30.0
65115.34,7044.23,3468.99,0.3292,0.2208,51153.67,7,47415.94,8000.0,0.3731,11790.77,0.0,10,44629.2,6.91,24,0,50446.16,30.0
9391.71,1561.12,2200.67,0.2859,0.2932,6447.59,1,17395.77,5000.0,0.4149,5775.5,19186.62,16,8232.27,3.08,25,1,-7723.15,1.2
227215.68,6486.64,6037.77,0.1327,0.0505,16323.02,3,68939.89,0.0,0.3692,8511.88,0.0,26,212208.01,7.65,18,0,216320.53,30.0
12444.84,1270.38,2054.42,0.5291,0.3897,16550.17,2,16869.62,14000.0,0.4844,4131.19,23521.2,3,10403.97,4.0,23,1,-7092.27,1.0
77133.4,9603.03,3795.99,0.1125,0.0591,25851.3,3,32217.46,6000.0,0.2981,11920.08,0.0,7,50698.98,3.82,18,0,88977.55,30.0
93306.99,6614.51,5487.26,0.3217,0.1642,46629.38,6,36862.91,0.0,0.5964,10856.81,0.0,9,80206.92,7.1,3,0,60282.17,30.0
239644.94,10728.88,5329.62,0.11,0.1194,25517.79,2,58766.05,0.0,0.4808,10412.3,0.0,20,144627.05,6.02,7,0,303746.61,30.0
274488.88,10794.07,7631.11,0.117,0.136,10207.37,3,59661.68,0.0,0.4165,11577.7,0.0,4,212980.59,7.12,11,0,292513.27,30.0
33585.83,2463.66,2543.39,0.3576,0.3934,27863.27,4,24898.1,5000.0,0.5297,6085.92,2391.89,11,22867.24,2.45,4,1,6970.31,7.5
343626.56,8168.4,3270.37,0.1583,0.0571,27722.81,3,21184.75,0.0,0.4934,9585.33,0.0,23,276905.44,7.55,7,0,399653.5,30.0
143017.05,4168.02,7594.58,0.3452,0.2975,21868.41,4,10340.15,20000.0,0.4125,3614.07,102796.62,15,78492.77,5.79,2,0,51582.07,30.0
166687.31,5099.36,3878.7,0.1684,0.1637,19918.37,6,25308.6,0.0,0.3804,9426.11,0.0,13,108947.32,9.03,20,0,159756.84,30.0
271268.12,8353.96,5686.57,0.1544,0.0525,13163.95,2,42313.49,0.0,0.2701,8491.89,0.0,13,160405.3,6.43,24,0,288126.66,30.0
116389.87,4848.96,5676.0,0.3836,0.144,23283.89,3,17003.65,0.0,0.4888,14493.9,24811.23,12,60628.69,9.73,26,0,77946.58,30.0
26760.92,1241.44,3056.5,0.4785,0.2529,11397.79,3,3767.58,0.0,0.5446,6592.45,54451.86,16,22375.44,3.48,11,1,-16241.82,3.7
15385.69,1323.14,2632.36,0.4188,0.379,11889.93,1,13013.74,14000.0,0.3898,3454.59,39276.69,14,11072.5,2.18,9,1,-20303.83,1.8
53347.91,2093.85,1407.7,0.5306,0.2139,8534.3,1,2924.58,14000.0,0.4907,7623.12,0.0,10,32365.18,4.48,4,0,41664.94,30.0
131374.34,6367.95,6887.79,0.4036,0.1446,46874.27,5,53106.55,0.0,0.5494,7321.14,15595.29,17,94747.66,8.62,23,0,74841.24,30.0
108982.23,4180.08,7993.9,0.3883,0.2603,48019.94,6,21151.0,20000.0,0.5016,3853.07,114414.82,12,75476.53,7.61,24,1,3903.08,10.2
113272.18,7183.6,6017.24,0.2416,0.1442,25210.77,6,35201.88,20000.0,0.6622,14840.7,0.0,9,78026.83,9.79,27,0,90058.75,30.0
19212.99,3037.06,1486.98,0.4296,0.3099,6705.11,1,13784.06,14000.0,0.3341,5011.24,0.0,18,17567.93,3.7,2,0,28036.55,30.0
134405.14,6766.08,3391.38,0.1913,0.0898,9435.75,5,52838.65,0.0,0.3624,10026.41,0.0,25,106234.94,5.69,1,0,196498.09,30.0
162028.53,3021.78,3423.81,0.343,0.2096,23816.71,5,25739.55,8000.0,0.4044,9579.5,12061.14,9,106548.47,6.49,12,0,135169.81,30.0
173059.83,7595.32,2609.32,0.1257,0.1263,25128.59,5,63772.89,6000.0,0.3789,8570.45,0.0,27,99688.63,5.74,25,0,264228.24,30.0
128585.02,4872.12,6600.99,0.3713,0.1246,40811.59,5,29186.59,40000.0,0.4401,5328.98,51865.91,13,117155.98,4.19,24,0,44465.85,30.0
35549.44,2613.5,1856.49,0.3145,0.2547,5186.66,2,7257.55,28500.0,0.478,5201.82,0.0,23,29077.65,2.45,3,0,24394.86,30.0
122380.47,4259.57,4576.88,0.2952,0.2319,50065.16,3,52735.81,40000.0,0.3656,6522.98,9519.24,1,101186.86,9.08,25,0,71920.32,30.0
15517.79,2962.04,2170.55,0.2712,0.3912,15890.56,2,18575.38,28500.0,0.2109,4251.75,0.0,4,9751.84,3.02,18,1,-6286.55,1.5
58286.2,2990.78,5645.45,0.3084,0.1254,17806.91,6,40184.73,8000.0,0.3708,5592.96,79639.98,7,29434.35,8.08,6,0,28927.73,30.0
90165.46,10323.14,4619.79,0.1796,0.0995,14690.71,4,47664.36,0.0,0.4551,6668.48,0.0,5,47624.67,3.24,1,0,112390.44,30.0
117835.53,5660.11,3392.85,0.359,0.126,21142.23,6,12615.27,0.0,0.6844,7002.59,0.0,6,64998.87,6.61,14,0,108692.85,30.0
217824.37,10409.17,2782.08,0.0891,0.0619,37882.56,5,85231.72,6000.0,0.4787,2611.69,0.0,13,111053.69,7.75,1,0,283287.14,30.0
179576.31,6930.5,4843.13,0.2659,0.1776,54143.2,3,39460.54,8000.0,0.607,7093.59,0.0,7,91421.16,8.74,11,0,142612.62,30.0
62399.19,3026.97,2015.58,0.4306,0.3638,5128.08,3,12650.62,0.0,0.3259,3401.87,0.0,15,39798.3,2.63,17,0,69151.59,30.0
12547.13,1247.77,1578.76,0.2897,0.3284,11374.98,4,23751.6,28500.0,0.2542,5425.47,9929.79,6,9514.92,2.54,11,1,-7708.95,1.0
49174.28,2761.15,2563.13,0.2423,0.3835,13960.67,1,15331.48,14000.0,0.4957,2554.04,0.0,22,40464.46,1.76,14,0,26468.38,30.0
113459.67,6838.38,7627.87,0.1205,0.0829,20406.17,2,78926.66,0.0,0.412,3313.57,23684.51,25,59666.25,6.0,11,0,70523.96,30.0
36318.04,2353.69,3194.86,0.2211,0.239,22466.17,3,9121.57,14000.0,0.2701,4184.08,25235.08,17,23739.69,3.03,11,1,-11777.64,9.3
104596.62,10147.72,5796.58,0.1506,0.1435,23109.69,3,50663.42,0.0,0.489,4438.4,0.0,9,76626.84,7.57,19,0,122715.43,30.0
126625.57,5631.94,5435.0,0.3187,0.2406,42560.9,6,10547.34,8000.0,0.6436,6651.97,0.0,13,86232.56,5.79,23,0,72412.75,30.0
297668.38,5712.87,6830.04,0.142,0.1419,9241.7,2,44006.01,6000.0,0.2974,3250.46,33515.01,16,210850.34,4.48,15,0,267010.02,30.0
12315.72,2617.62,1450.02,0.3289,0.1861,15902.59,4,15324.8,5000.0,0.509,7683.44,0.0,23,6478.5,4.27,24,1,14449.77,1.3
165227.09,7061.96,6430.86,0.2868,0.2475,21118.94,3,27282.92,0.0,0.6707,11160.42,0.0,10,90941.67,7.05,12,0,147305.72,30.0
14829.78,2547.15,2680.61,0.2117,0.1654,9105.49,3,22875.41,28500.0,0.2913,7086.45,4003.85,2,10456.4,1.63,2,1,-1077.61,1.0
100646.29,4694.26,6880.24,0.2712,0.1073,46793.67,3,53377.14,20000.0,0.6439,6820.84,65579.57,1,81028.0,9.07,1,0,62157.86,30.0
240920.2,11468.81,5349.48,0.1684,0.1417,33268.54,4,85490.19,0.0,0.3556,2264.02,0.0,19,140582.36,5.23,26,0,314713.04,30.0
41086.4,1964.24,2147.49,0.457,0.1875,8714.25,1,16863.14,28500.0,0.4725,4195.87,5497.58,8,24672.69,2.89,29,0,20206.46,30.0
22047.94,1773.6,3161.38,0.2897,0.2055,19221.03,1,9211.97,28500.0,0.4443,3655.97,41633.61,23,13672.73,1.9,8,1,-47531.31,2.1
84025.81,6173.13,3307.76,0.2718,0.2663,24271.98,5,21560.71,20000.0,0.4376,3633.01,0.0,8,47057.94,5.5,21,0,71835.09,30.0
41406.01,1784.38,2279.31,0.3442,0.1774,12329.51,2,24187.76,0.0,0.4868,8672.7,14847.76,12,36311.97,4.22,6,0,28065.32,30.0
22488.95,3055.77,3453.68,0.3089,0.359,8747.43,4,8756.93,0.0,0.3546,6407.59,11937.19,12,14186.11,4.09,17,1,5275.28,6.4
95967.43,4618.77,3437.87,0.3104,0.1146,45660.81,3,34333.31,40000.0,0.6307,11295.69,0.0,6,57082.49,5.88,26,0,45836.32,30.0
60070.07,4139.68,4448.05,0.3435,0.2053,48983.78,7,24967.72,0.0,0.6025,5639.32,9251.25,12,32546.98,5.83,22,1,7186.57,8.3
178725.22,7425.04,4873.73,0.1895,0.2876,52668.45,5,52322.0,20000.0,0.6627,10392.38,0.0,11,111968.84,6.89,4,0,149366.68,30.0
157079.6,6151.23,3610.01,0.3321,0.2225,58425.21,7,31552.48,20000.0,0.4833,6872.69,0.0,6,118169.77,6.76,10,0,109077.46,30.0
15280.51,1345.23,2628.08,0.2342,0.3295,5809.43,1,8597.31,0.0,0.5225,2715.8,38485.61,14,8209.08,3.65,16,1,-8741.66,1.0
33897.88,2408.63,3569.07,0.2235,0.1772,11650.87,2,13694.0,28500.0,0.4903,1653.93,34813.17,2,20001.84,4.1,21,1,10349.83,2.0
325887.12,10983.73,5420.08,0.1157,0.1206,21028.22,4,45301.29,0.0,0.3474,9779.09,0.0,5,259493.49,3.73,30,0,340086.24,30.0
127888.57,7314.42,7557.65,0.192,0.101,50585.19,3,33473.81,0.0,0.458,8862.45,7296.67,8,103594.66,8.54,1,0,76953.92,30.0
109452.75,7221.64,5262.54,0.3767,0.1669,18808.39,3,54208.06,8000.0,0.4661,14120.06,0.0,14,92543.88,8.9,7,0,115794.35,30.0
87916.75,3145.16,5662.57,0.2334,0.1153,31810.67,6,12228.13,20000.0,0.5846,14728.04,75522.43,14,57574.83,7.54,25,1,6853.9,12.7
60834.91,2798.38,2012.09,0.4236,0.2981,13792.43,2,20446.94,28500.0,0.4601,7944.71,0.0,15,43959.87,3.91,20,0,44489.15,30.0
324727.59,8677.9,2595.11,0.1782,0.1346,16122.54,5,67166.32,0.0,0.35,4290.78,0.0,11,267096.72,5.04,15,0,383589.87,30.0
120580.35,4492.49,8168.3,0.2938,0.1041,16133.22,7,20148.62,8000.0,0.4719,4563.39,110274.31,3,95771.58,5.87,5,0,95423.41,30.0
131882.15,4473.66,4287.97,0.2108,0.2202,23970.45,6,36924.78,0.0,0.4075,7766.01,0.0,10,78511.76,4.75,17,0,115779.71,30.0
16471.42,1641.37,2957.91,0.5201,0.1688,18981.91,2,2119.97,14000.0,0.4623,5209.55,39496.18,13,14649.51,3.92,18,1,-30056.16,1.1
42539.81,7169.11,5956.58,0.3436,0.1356,47106.65,3,47137.29,20000.0,0.4426,4452.01,0.0,2,26874.02,5.47,5,1,3399.19,1.4
60824.67,2811.97,8357.08,0.2794,0.1795,37844.58,4,46074.97,40000.0,0.3676,13732.84,166353.52,6,42147.19,7.95,29,1,-15459.87,3.2
118818.83,8660.3,6881.08,0.1496,0.0994,15373.17,3,84854.22,6000.0,0.268,3060.67,0.0,25,70579.86,3.55,21,0,135510.85,30.0
73580.89,11356.44,2601.3,0.1557,0.1105,25015.98,3,78639.67,0.0,0.3946,6743.43,0.0,7,37735.06,4.66,4,0,125578.08,30.0
142837.84,3701.13,5144.9,0.4165,0.2871,62674.64,7,41566.53,20000.0,0.6726,12819.66,43313.15,14,130659.33,9.76,25,0,55854.02,30.0
46769.66,3810.08,7716.44,0.3018,0.2966,51578.25,3,37771.58,40000.0,0.3911,7950.04,117190.84,5,25257.12,4.95,4,1,-33451.65,1.0
157395.66,2866.58,3828.68,0.3555,0.2928,63749.02,6,21649.51,0.0,0.575,6133.48,28862.86,5,108661.68,6.3,19,0,94525.25,30.0
330828.39,4654.3,2842.38,0.0961,0.0622,31856.15,3,71636.09,0.0,0.3636,9640.34,0.0,14,272769.85,7.16,20,0,340432.21,30.0
143990.93,3710.15,5109.44,0.3514,0.125,26876.43,7,20720.87,40000.0,0.6196,4601.28,41978.68,17,73085.91,7.34,2,0,68630.24,30.0
35532.33,1733.35,2262.44,0.4504,0.1792,13723.52,2,8488.06,28500.0,0.5359,1818.97,15872.65,23,28632.85,2.42,13,1,-8620.44,18.2
59710.04,1918.04,2419.15,0.4445,0.3549,10434.94,4,7373.02,5000.0,0.2351,8240.05,15033.37,20,50475.74,4.29,11,0,32286.73,30.0
123985.0,4546.86,6539.39,0.181,0.1819,51707.79,4,44534.28,20000.0,0.4159,9450.81,59776.06,17,74433.37,6.59,1,0,30808.86,30.0
61563.37,1425.13,2836.47,0.393,0.1617,26984.64,3,18052.86,0.0,0.3033,7318.9,42340.29,22,44168.43,4.0,29,1,4552.58,17.9
62198.24,1590.75,2853.44,0.5209,0.212,27209.39,2,6325.84,5000.0,0.527,4415.06,37880.76,2,47549.74,2.08,20,0,31493.96,30.0
23422.58,2233.26,2995.77,0.3706,0.1973,21131.62,1,20296.5,28500.0,0.4478,2387.73,22875.12,2,11853.07,3.51,4,1,-7540.09,1.6
39684.37,2657.63,2941.95,0.2921,0.2963,25199.49,2,19662.36,14000.0,0.2521,2412.01,8529.74,22,25148.14,4.24,20,1,-3332.96,16.8
55472.06,2784.93,2245.52,0.2593,0.388,9310.51,1,13077.01,14000.0,0.3106,7283.19,0.0,18,34388.49,3.9,23,0,43862.89,30.0
319741.87,6103.16,3143.65,0.1237,0.1092,22583.71,5,30674.9,0.0,0.4668,11660.9,0.0,26,237433.55,5.42,30,0,354327.18,30.0
160329.64,4797.68,4830.4,0.1963,0.1296,27790.49,4,48073.55,0.0,0.2584,10746.79,981.42,27,141863.59,5.65,14,0,125085.59,30.0
82248.06,7119.78,4137.81,0.2431,0.175,57387.71,4,38294.41,40000.0,0.5767,14356.94,0.0,8,46406.12,4.72,10,0,32504.07,30.0
38995.66,1300.75,1737.28,0.3121,0.2656,17016.34,3,19764.06,0.0,0.5005,2904.55,13095.9,7,30500.43,4.2,23,0,24256.18,30.0
17042.09,2011.42,1839.81,0.4021,0.3281,10701.02,3,24666.18,14000.0,0.4996,6352.37,0.0,13,9489.89,2.67,20,1,6531.38,2.7
33960.86,3115.19,3520.39,0.4603,0.2473,16087.47,2,14724.94,14000.0,0.5028,8065.92,12155.92,10,24859.3,1.67,5,1,6467.92,9.6
64476.18,1688.04,3320.2,0.519,0.3544,26874.93,3,20090.23,14000.0,0.2399,7905.85,48964.71,11,51817.07,3.3,15,0,17400.18,30.0
105349.64,3673.36,3418.8,0.3334,0.2318,57830.49,5,17579.66,40000.0,0.5244,12188.78,0.0,3,95371.01,5.57,4,0,32398.1,30.0
212784.63,11545.93,4037.69,0.1189,0.1499,12351.8,4,85054.89,6000.0,0.4945,10851.92,0.0,14,106870.93,5.73,23,0,303815.21,30.0
158476.8,7189.6,3963.12,0.3595,0.1215,33221.85,6,20199.57,40000.0,0.4734,11783.12,0.0,9,94532.47,4.69,3,0,129881.55,30.0
332571.83,9422.86,2609.24,0.1253,0.0611,14313.56,4,91662.71,0.0,0.4444,3196.89,0.0,17,222622.82,6.79,5,0,438906.33,30.0
14475.02,1822.9,2253.31,0.417,0.2376,25935.35,3,10325.12,0.0,0.5341,4070.96,12912.2,14,11276.56,3.21,9,1,-18560.11,1.0
11544.6,2524.82,1946.97,0.3576,0.2384,11392.36,3,21029.4,5000.0,0.2501,8687.78,0.0,12,6557.57,1.83,13,1,6906.28,1.5
256888.51,5887.57,4309.25,0.0963,0.1274,25233.67,2,36819.43,0.0,0.4963,7463.78,0.0,22,197178.56,3.31,7,0,255019.43,30.0
142730.09,3210.71,5918.34,0.1933,0.2078,61896.45,6,16966.89,20000.0,0.6187,5843.37,81228.77,15,75792.51,9.23,13,0,27631.98,30.0
44189.79,1915.16,1555.81,0.3162,0.3552,18573.34,2,17649.12,0.0,0.5388,1798.34,0.0,11,23575.07,3.03,2,0,32465.02,30.0
115192.8,8706.76,5575.32,0.1343,0.1425,29450.63,3,56556.78,6000.0,0.4385,9645.27,0.0,8,64146.45,3.21,20,0,116464.6,30.0
17219.2,1684.52,1962.01,0.3595,0.2774,26461.37,3,23257.47,14000.0,0.3081,8304.72,8324.65,16,11966.39,2.81,10,1,-17226.44,1.3
69166.31,3985.92,7596.51,0.2642,0.1901,43910.78,6,46999.41,20000.0,0.645,4053.49,108317.67,4,48780.66,8.72,3,1,17142.76,3.0
63425.24,3100.31,8231.05,0.2283,0.2277,20395.01,6,10733.44,8000.0,0.64,6603.32,153922.16,7,54274.05,5.14,19,1,3004.39,4.3
23720.64,2757.58,1412.01,0.4622,0.3526,17654.47,2,22267.3,14000.0,0.5155,6201.61,0.0,20,20644.78,2.67,3,0,23971.83,30.0
319694.52,5190.12,7808.69,0.12,0.094,21281.49,3,36342.96,0.0,0.448,8648.96,78557.07,12,261239.1,5.31,19,0,269329.33,30.0
26039.84,1228.73,2566.38,0.2983,0.153,16217.6,3,18836.71,14000.0,0.3486,8451.52,40129.54,13,21952.28,1.7,30,1,-10936.38,4.9
59174.19,3139.85,2186.86,0.2393,0.2056,6206.15,4,24163.98,5000.0,0.4347,2797.0,0.0,8,49297.28,2.17,19,0,62669.18,30.0
173502.82,3571.46,3876.99,0.2917,0.2936,47200.44,4,42537.55,0.0,0.69,5734.98,9165.66,14,103545.31,9.71,15,0,128722.83,30.0
83598.26,10633.75,5808.56,0.1947,0.146,32726.51,2,81083.39,0.0,0.2627,3605.21,0.0,22,67502.25,7.44,6,0,142019.33,30.0
41671.45,2567.06,2935.53,0.2613,0.2265,24379.01,1,8809.3,5000.0,0.2697,6010.01,11054.12,24,21751.84,2.25,9,1,-3136.11,19.0
108565.78,11533.55,6985.01,0.1615,0.0912,8530.48,3,37420.07,0.0,0.4763,7279.55,0.0,14,93069.87,7.84,14,0,146029.75,30.0
92485.11,6595.58,6224.37,0.2745,0.2031,22263.36,3,32754.83,20000.0,0.4314,5423.64,0.0,1,68004.72,6.25,27,0,72888.6,30.0
173858.89,3919.25,6087.63,0.2726,0.2083,19060.79,4,20842.1,40000.0,0.4441,8972.95,65051.53,6,152479.31,9.28,14,0,125281.26,30.0
153329.59,7695.88,4214.56,0.0903,0.1424,39876.08,4,23892.06,6000.0,0.404,3325.52,0.0,8,140171.29,7.56,26,0,135562.09,30.0
60244.74,2773.27,2691.65,0.4921,0.2647,19158.87,1,11022.72,28500.0,0.2393,8536.79,0.0,10,33270.81,2.32,14,0,26826.92,30.0
45828.22,1977.97,2639.24,0.4152,0.3441,7984.61,4,22334.8,0.0,0.482,3600.72,19838.13,6,34771.67,1.88,18,0,40544.91,30.0
122098.11,6919.83,5204.89,0.4207,0.1074,43371.72,5,37580.74,20000.0,0.3895,7946.47,0.0,8,97641.01,7.2,25,0,86160.87,30.0
5060.42,1250.72,2387.61,0.3943,0.1516,10918.45,2,7037.52,5000.0,0.3387,1806.43,34106.68,14,2724.8,3.34,15,1,-24687.54,1.7
346983.24,10854.63,7920.92,0.1577,0.0592,25886.1,2,55420.6,0.0,0.2725,10071.2,0.0,20,267200.67,7.42,2,0,358820.78,30.0
6420.0,3010.18,2119.23,0.3775,0.2892,27202.25,3,2699.1,0.0,0.3102,3813.61,0.0,10,4467.78,3.29,14,1,-16101.82,1.1
64513.22,2048.1,3440.21,0.4535,0.2225,7398.3,1,3551.24,14000.0,0.2777,8967.57,41763.19,16,53592.54,2.64,2,0,21966.38,30.0
102211.9,7230.48,6802.08,0.418,0.1381,30431.47,4,53254.24,8000.0,0.4538,4254.24,0.0,6,87018.2,9.46,1,0,82947.57,30.0
119838.52,4049.02,4277.46,0.2321,0.2247,55361.56,5,34492.39,40000.0,0.4011,11643.94,6853.16,11,81819.43,9.27,8,0,46856.3,30.0
51092.1,1256.57,3347.76,0.3543,0.2761,24273.98,1,4712.42,14000.0,0.422,3557.89,62735.72,6,38360.51,3.48,30,1,7854.04,5.4
280731.36,10631.27,4192.6,0.1961,0.0524,39042.09,4,81679.44,6000.0,0.3703,4702.85,0.0,14,225882.37,6.91,1,0,331690.05,30.0
235609.19,10034.54,4919.41,0.1768,0.147,25055.14,3,50972.26,0.0,0.2926,5855.59,0.0,12,143072.18,6.06,27,0,268319.63,30.0
34468.02,1794.26,2895.78,0.2389,0.37,24463.08,3,9468.13,0.0,0.3685,5796.11,33045.73,15,18349.17,3.06,10,1,-8151.84,7.4
59426.02,1436.57,1486.37,0.4398,0.2463,25909.06,3,19010.95,5000.0,0.4676,2014.08,1494.01,14,51611.2,1.77,5,0,33993.64,30.0
115797.88,6041.54,7837.14,0.4166,0.2862,55729.62,3,51466.39,40000.0,0.6337,4761.58,53868.01,17,58396.73,6.16,3,1,9759.88,17.4
322478.6,10482.03,2813.47,0.1282,0.1196,28522.22,2,23853.01,0.0,0.2574,4358.14,0.0,11,282356.18,3.59,24,0,365816.12,30.0
280986.48,7780.27,7706.39,0.1312,0.085,16351.12,2,54668.56,0.0,0.362,10139.74,0.0,25,239608.67,4.67,8,0,248582.09,30.0
92803.6,6356.11,8118.12,0.2974,0.2665,55438.33,7,26609.91,20000.0,0.6062,6968.17,52860.43,15,60360.37,8.13,11,1,-7810.53,12.0
58989.85,3435.38,5129.54,0.3321,0.1293,58246.71,3,20688.39,8000.0,0.3655,3415.59,50824.81,5,39858.87,5.95,13,1,-7156.73,2.7
162314.06,4208.44,4838.65,0.2239,0.2564,26609.77,5,12818.9,8000.0,0.4998,9629.06,18906.19,1,149934.2,9.6,22,0,134893.83,30.0
204098.04,11689.41,2656.68,0.091,0.0743,21402.91,3,64685.88,0.0,0.3023,4526.38,0.0,24,173785.66,3.36,15,0,369288.4,30.0
117933.89,7628.34,5665.24,0.134,0.112,29339.29,5,37896.8,6000.0,0.351,3485.04,0.0,20,61591.44,5.86,26,0,109368.0,30.0
22519.56,2388.96,3181.62,0.2211,0.2124,14744.1,4,24954.18,0.0,0.3317,2875.33,23779.65,9,21378.77,2.57,13,1,7075.55,2.7
33538.79,1356.82,1464.13,0.5125,0.3646,17374.34,2,5095.13,5000.0,0.3092,4927.15,3219.19,14,26980.37,1.55,21,1,9992.77,14.0
166764.3,4447.63,8252.76,0.1793,0.2456,31286.25,3,19478.42,0.0,0.392,12586.5,114153.79,2,110418.98,6.41,4,0,134200.09,30.0
126971.03,3406.46,8123.27,0.2467,0.2414,30357.51,7,26342.95,8000.0,0.6841,9103.79,141504.16,2,115908.92,5.78,22,0,92166.03,30.0
93143.98,5368.54,3997.63,0.2152,0.1573,35699.93,4,42590.74,8000.0,0.4847,13986.26,0.0,6,86273.11,7.62,2,0,72388.13,30.0
228138.9,10702.03,4752.03,0.0904,0.1494,19446.44,3,41696.01,0.0,0.2914,4515.1,0.0,11,119460.16,3.48,18,0,267581.48,30.0
105837.74,4648.76,6012.17,0.1848,0.0676,19732.48,2,53353.47,6000.0,0.3354,3687.5,40902.29,13,97347.69,4.25,27,0,74607.28,30.0
64547.14,7455.52,4675.08,0.385,0.1626,47091.74,5,14974.55,40000.0,0.4596,4246.36,0.0,14,46915.29,8.51,14,1,21809.7,30.0
148162.12,5498.91,8365.06,0.1797,0.2642,31265.94,7,10103.96,40000.0,0.527,9259.14,85984.74,13,97838.39,5.67,19,0,49306.04,30.0
17803.21,1363.68,1597.38,0.2583,0.1548,16103.76,3,6302.12,5000.0,0.2932,3798.01,7011.1,23,10093.59,2.25,28,1,-10939.72,3.1
54356.31,2856.24,3573.36,0.2781,0.3721,24539.16,3,18716.66,28500.0,0.3882,5935.95,21513.64,21,42222.58,4.25,11,1,-3807.2,21.4
30072.83,1300.88,3433.39,0.2308,0.295,6119.38,1,3376.46,0.0,0.5051,4656.49,63975.42,14,20752.03,2.93,29,1,-7291.16,6.4
29718.87,1256.93,1729.18,0.3793,0.2934,25275.96,3,10916.24,0.0,0.2512,7167.14,14167.53,3,20095.8,3.77,6,1,7212.1,1.3
24332.87,3064.45,2390.22,0.2945,0.2691,9390.5,4,5428.08,5000.0,0.301,7261.96,0.0,18,12635.08,2.26,4,0,15526.34,30.0
23451.65,1470.03,3218.87,0.2504,0.2346,13433.65,4,12593.28,28500.0,0.2026,4773.09,52465.21,20,14893.91,1.85,26,1,-39412.99,3.8
96579.55,5379.78,6357.15,0.3272,0.1069,24491.77,4,16286.08,0.0,0.6366,5338.23,29321.22,4,68088.06,8.53,22,0,70190.93,30.0
59433.87,1627.49,2023.93,0.2192,0.2188,19433.39,4,15039.93,5000.0,0.523,2907.03,11893.4,23,36445.76,1.96,21,0,26903.1,30.0
129980.8,5808.03,7388.34,0.1395,0.1395,22966.22,5,71253.7,0.0,0.2658,11164.36,47409.43,25,122732.84,5.94,7,0,67247.35,30.0
78210.3,3511.08,5280.42,0.2162,0.1988,38785.0,7,52986.38,8000.0,0.6237,10921.56,53080.07,4,61823.36,7.86,2,0,46245.09,30.0
32588.48,3722.37,3213.41,0.2042,0.195,38614.81,5,52012.29,8000.0,0.4877,7431.56,0.0,7,18093.38,6.25,14,1,9035.2,2.0
57725.16,2252.55,1716.98,0.425,0.28,13612.98,3,8486.95,0.0,0.2099,4494.32,0.0,12,35427.73,3.32,4,0,48713.82,30.0
58672.27,2215.25,2900.79,0.5417,0.3458,26783.6,3,9483.05,28500.0,0.2604,7412.65,20566.29,19,34832.79,4.33,9,1,259.27,21.0
31754.46,2414.35,2887.81,0.5487,0.3207,27161.53,4,14895.7,5000.0,0.4171,8923.01,14203.75,13,20256.24,3.46,24,1,-4074.57,6.7
37408.7,1792.23,2868.12,0.3923,0.3817,18097.64,2,21632.32,0.0,0.2132,5025.28,32276.59,6,32369.8,4.04,17,0,19082.09,30.0
183565.96,8174.43,3955.44,0.1414,0.1267,28583.63,2,42121.68,0.0,0.4765,11705.3,0.0,25,106522.6,3.92,19,0,236354.86,30.0
60440.54,2783.62,1625.86,0.4719,0.361,26943.31,2,17838.7,0.0,0.5169,5577.71,0.0,23,43253.54,4.23,10,0,54519.1,30.0
36961.6,1391.6,2762.42,0.5304,0.3307,9153.97,3,13456.69,0.0,0.2751,8783.54,41124.64,18,30069.29,3.97,6,1,3408.51,11.4
235160.33,10151.39,3822.12,0.1714,0.1328,25403.06,3,57292.27,0.0,0.3577,7719.56,0.0,22,120006.9,6.92,19,0,327165.88,30.0
250108.34,10689.4,5142.41,0.1114,0.0795,35408.75,2,83922.28,6000.0,0.2609,9908.84,0.0,11,126543.92,7.6,2,0,283220.72,30.0
204847.54,4882.87,7470.33,0.142,0.1045,26540.89,3,94854.37,0.0,0.2534,3000.66,77623.67,10,128174.84,3.27,30,0,179920.55,30.0
27595.37,1729.54,2749.4,0.4606,0.2505,15590.99,4,7095.71,5000.0,0.2314,1697.49,30596.02,17,24503.04,3.71,14,1,-10813.61,6.5
83543.98,3798.93,7792.62,0.2454,0.1089,33948.73,6,52686.69,40000.0,0.4475,5153.42,119810.46,4,75587.72,6.0,6,0,31570.92,30.0
119266.11,4340.06,5830.04,0.2096,0.2149,56773.69,7,35832.22,8000.0,0.4927,13191.12,44699.33,1,102044.91,4.63,20,0,70320.46,30.0
46081.82,1394.85,3208.06,0.5459,0.2434,5638.59,2,17029.56,14000.0,0.3769,4820.34,54396.26,21,27589.19,2.68,6,1,-3391.19,14.6
38829.45,1813.68,1983.55,0.377,0.3745,7279.7,3,6389.74,28500.0,0.4163,7414.58,5095.92,6,27654.55,3.01,21,0,16229.56,30.0
40359.76,1924.68,3433.52,0.2944,0.194,16729.57,2,6859.02,0.0,0.2773,2128.12,45265.03,6,38292.69,2.42,17,1,14955.69,6.4
129987.46,3534.84,4656.47,0.3031,0.2762,28156.73,5,37556.8,20000.0,0.365,9083.04,33649.07,6,74737.45,8.45,21,0,95771.3,30.0
179705.47,4473.42,5465.9,0.2797,0.1161,21655.41,7,28059.61,20000.0,0.621,6037.22,29774.26,9,126537.61,5.46,18,0,142430.28,30.0
12583.0,2600.33,2561.28,0.2987,0.1951,7005.84,2,5039.63,0.0,0.4248,3041.97,0.0,14,9065.95,1.51,20,1,537.76,1.2
35424.58,7133.22,5193.27,0.275,0.158,25319.12,3,16495.04,8000.0,0.662,7135.02,0.0,11,29914.27,7.91,29,1,18729.69,28.4
31852.94,3187.77,2307.87,0.2697,0.3861,7439.9,4,20889.45,14000.0,0.3351,6681.74,0.0,10,21714.91,4.5,28,0,28574.9,30.0
155510.15,4448.02,4771.49,0.2531,0.2103,34576.83,4,17289.98,20000.0,0.3684,12347.65,9704.18,3,103513.88,7.26,4,0,114308.53,30.0
287998.43,11649.28,2854.03,0.0834,0.0675,39917.45,3,82220.34,6000.0,0.4823,8055.65,0.0,24,242474.96,6.49,13,0,433585.13,30.0
33022.11,2970.42,3129.06,0.4395,0.1663,14516.38,4,23681.89,28500.0,0.2138,2478.08,4759.04,23,18910.88,2.68,26,1,-3638.46,23.4
114771.54,3305.04,3502.41,0.2631,0.1723,57904.98,3,31501.19,20000.0,0.5858,10586.4,5920.94,10,109027.31,7.06,2,0,51238.58,30.0
232859.97,5275.11,5653.4,0.1517,0.1289,25278.08,5,34353.7,0.0,0.2621,6663.15,11348.61,7,204574.12,7.02,1,0,211306.49,30.0
62577.52,2590.99,2278.04,0.2983,0.2088,26470.09,1,24723.71,5000.0,0.4383,8218.43,0.0,22,34383.14,3.77,29,0,39378.31,30.0
21178.93,2564.8,1567.83,0.3589,0.2333,6059.52,3,8835.38,0.0,0.4934,1868.07,0.0,8,10977.77,4.35,28,0,22550.37,30.0
51699.86,2077.58,2039.71,0.3067,0.2886,23205.18,2,5880.95,0.0,0.3058,6230.98,0.0,5,35818.72,2.84,6,0,28987.78,30.0
121873.31,4407.79,7563.49,0.1815,0.1285,41217.71,3,16254.27,40000.0,0.4915,11426.92,94670.92,3,71800.95,5.1,28,0,54408.19,30.0
136292.73,7489.31,5275.25,0.4095,0.1893,57497.72,7,22355.39,0.0,0.6642,4099.21,0.0,4,68779.14,6.0,10,0,89971.4,30.0
61467.87,1442.64,2882.76,0.513,0.191,16277.98,3,14757.6,14000.0,0.2752,5803.6,43203.67,6,51768.35,2.1,11,0,33989.71,30.0
27420.66,1378.58,2380.38,0.4815,0.1747,27526.98,2,20099.78,0.0,0.2965,4297.96,30053.9,13,14802.03,3.25,1,1,-8368.89,4.2
243519.49,7350.71,3415.72,0.1978,0.1424,16947.55,4,40609.72,0.0,0.4511,11437.75,0.0,15,150111.26,5.23,3,0,279968.82,30.0
250315.39,6773.06,5513.36,0.1933,0.1152,20910.78,3,22946.72,0.0,0.4704,2228.87,0.0,18,197947.38,4.0,30,0,237128.02,30.0
44198.02,3183.68,1996.56,0.3615,0.1574,17096.42,1,9559.04,0.0,0.3519,4544.94,0.0,8,26776.89,4.13,27,0,35436.44,30.0
38926.0,2617.62,2716.16,0.2365,0.3636,10395.48,4,4341.37,5000.0,0.2144,3270.04,2956.28,8,31204.93,3.67,15,0,23593.98,30.0
41791.14,6313.34,5967.14,0.2114,0.2119,47267.16,4,31893.09,0.0,0.5584,14041.42,0.0,17,37292.46,9.08,25,1,-8018.16,6.9
52759.13,5678.55,4781.91,0.2616,0.2618,37682.94,7,10589.23,0.0,0.6907,13438.25,0.0,11,32399.18,9.86,5,1,16804.49,10.9
36901.7,6986.91,5049.73,0.2526,0.2287,23629.76,4,37383.42,0.0,0.5815,7239.79,0.0,7,29173.13,6.48,28,0,32447.39,30.0
296947.22,9282.78,6369.84,0.1905,0.1312,17523.04,5,42574.82,6000.0,0.4025,8587.03,0.0,15,168404.11,3.63,9,0,308720.28,30.0
28815.46,1844.37,2324.95,0.5259,0.3268,15867.07,3,13123.32,0.0,0.3146,2844.59,14417.46,7,17852.54,3.83,17,1,12833.51,4.9
185621.68,10470.93,7963.44,0.166,0.1229,20720.66,2,23114.93,6000.0,0.4774,5381.44,0.0,24,112840.54,7.06,2,0,180481.14,30.0
94745.14,6433.68,8195.74,0.2109,0.2983,35507.79,3,8996.83,8000.0,0.6791,4351.84,52861.86,15,62559.42,9.15,17,1,13226.84,16.5
35344.64,1982.11,2806.42,0.38,0.1959,9400.64,3,20330.27,0.0,0.4835,5041.46,24729.17,11,22540.58,4.46,24,0,20300.09,30.0
125472.53,6932.63,6146.1,0.233,0.1085,23717.49,7,40850.89,8000.0,0.4114,10802.13,0.0,6,95545.13,9.88,22,0,110864.91,30.0
84089.55,6580.04,7111.94,0.3875,0.2282,21545.0,7,21090.18,40000.0,0.4828,7182.94,15956.95,14,71906.4,7.78,16,0,25053.13,30.0
124090.58,10570.62,6425.57,0.1849,0.101,17034.96,2,91139.39,0.0,0.3085,11120.4,0.0,12,92899.39,3.91,24,0,168505.01,30.0
35796.4,1377.61,2627.88,0.3547,0.2162,10595.72,4,6108.44,28500.0,0.4986,4363.42,37508.07,3,22824.27,3.69,21,1,9059.8,4.6
282968.06,4679.94,4620.35,0.0807,0.0536,22203.18,4,64122.51,6000.0,0.3696,5600.06,0.0,12,186351.71,4.27,5,0,273154.42,30.0
23718.28,1201.05,2113.01,0.2274,0.3803,7958.61,1,20126.89,0.0,0.226,8648.29,27358.73,14,12130.95,1.85,2,1,7503.49,6.1
171394.77,5382.38,4713.54,0.2036,0.1054,31261.58,7,25081.43,0.0,0.5681,9695.99,0.0,17,157667.99,5.43,3,0,143360.27,30.0
42982.89,2904.29,2030.4,0.2275,0.201,14941.7,4,19425.42,0.0,0.3537,5362.98,0.0,20,34143.87,1.51,10,0,41239.99,30.0
150554.97,6519.8,5897.42,0.1732,0.1369,33608.09,3,30950.15,6000.0,0.3124,9401.99,0.0,10,75588.43,5.45,28,0,119771.62,30.0
32837.86,2099.76,2004.49,0.5432,0.286,22234.09,2,21503.32,14000.0,0.514,5890.17,0.0,15,17664.22,1.87,9,1,7735.23,12.5
141129.46,7185.55,3440.93,0.3825,0.1265,47643.66,3,53029.25,8000.0,0.6267,13664.52,0.0,13,112775.89,7.11,7,0,140776.13,30.0
67845.01,2980.64,7915.43,0.389,0.2658,33708.67,6,47608.88,0.0,0.5039,12039.06,148043.93,5,57619.85,9.53,26,0,25832.1,30.0
208062.75,5862.97,6724.27,0.1903,0.0841,11276.2,3,62695.7,0.0,0.4457,4737.23,25839.06,23,187582.4,6.64,13,0,175590.67,30.0
84753.43,5421.81,7043.33,0.1935,0.0808,22813.49,3,23568.85,0.0,0.2522,5227.05,48645.83,8,48281.42,4.85,30,0,49445.38,30.0
41076.98,4146.82,5451.39,0.4072,0.2127,61718.33,4,35518.67,8000.0,0.3658,12622.4,39136.9,3,25683.59,4.43,4,1,-16321.65,1.0
52949.15,2604.62,1585.57,0.2569,0.175,20099.28,2,22215.9,14000.0,0.4767,7296.53,0.0,19,40732.51,4.04,8,0,44225.08,30.0
29849.28,2875.9,2093.76,0.3688,0.2722,27537.33,1,11758.15,14000.0,0.4163,8130.13,0.0,14,15034.4,1.99,19,1,3057.3,12.2
48390.76,2864.51,1960.16,0.2672,0.1863,18259.13,3,2042.42,5000.0,0.27,3503.89,0.0,2,33420.89,1.74,1,0,29403.88,30.0
197751.84,7999.45,6795.15,0.1726,0.1367,25834.13,4,22027.93,0.0,0.4114,3858.91,0.0,27,106202.91,6.46,4,0,169790.7,30.0
106205.26,4398.06,5385.5,0.3148,0.1241,40299.07,6,43128.24,0.0,0.5468,11519.1,29623.45,17,97050.37,8.5,14,0,50814.98,30.0
173981.55,7115.44,8395.43,0.1785,0.1887,31029.11,4,39634.7,20000.0,0.5014,7605.74,38399.75,11,117408.82,5.09,26,0,119612.31,30.0
217513.83,9057.39,3050.02,0.1366,0.063,34592.79,5,65412.41,0.0,0.2635,8892.95,0.0,16,130189.28,3.33,21,0,276832.39,30.0
77404.47,6914.96,7279.97,0.3031,0.2207,64482.11,4,54127.59,0.0,0.5482,14360.38,10950.23,14,61334.47,9.7,22,1,10472.04,10.5
154963.93,4344.35,4846.07,0.4261,0.1158,19387.96,4,14305.58,20000.0,0.543,9050.87,15051.41,9,125695.66,9.01,19,0,118807.07,30.0
86949.0,3409.87,4511.67,0.2758,0.2848,16551.08,3,53382.85,20000.0,0.4209,7960.13,33054.21,16,56086.06,5.88,23,0,53275.1,30.0
262703.51,5518.49,3138.5,0.1894,0.0988,23960.99,5,51065.91,6000.0,0.4809,9362.18,0.0,26,158904.77,4.6,25,0,288886.29,30.0
28839.33,1422.93,1791.09,0.3752,0.3885,16907.81,1,17143.36,14000.0,0.4022,4563.73,11044.6,16,21565.95,3.63,27,1,1230.61,9.8
48785.17,2569.24,1517.36,0.2832,0.32,8833.43,4,2903.79,0.0,0.295,7608.08,0.0,19,34062.57,3.89,3,0,51459.5,30.0
64667.71,2902.48,3543.01,0.5033,0.3441,21338.92,4,18854.26,5000.0,0.5303,4648.64,19216.08,16,57271.61,3.65,11,0,28946.92,30.0
176096.46,5747.66,6941.18,0.1768,0.2903,50820.74,4,14267.31,8000.0,0.5698,9242.17,35805.4,7,150356.5,8.56,20,0,110842.58,30.0
43229.58,3139.66,8056.78,0.1501,0.2398,50219.93,5,44908.46,0.0,0.57,9014.7,147513.57,1,39785.58,4.46,3,1,5765.71,1.0
134024.94,7339.05,5942.8,0.1475,0.1141,37266.31,4,46744.05,0.0,0.4284,9287.7,0.0,14,121990.73,3.39,25,0,114154.17,30.0
43816.53,2046.32,3427.46,0.525,0.3463,10488.12,3,15990.92,0.0,0.2345,1685.36,41434.12,6,38575.35,2.6,21,0,29223.11,30.0
11348.83,1600.8,3560.21,0.3458,0.381,10181.28,1,24412.62,28500.0,0.2707,7845.77,58782.28,7,7170.74,3.99,29,1,-19280.74,1.5
60374.2,3318.36,7757.47,0.2204,0.104,58486.54,4,52894.12,0.0,0.575,4834.62,133173.38,4,38093.12,6.82,23,1,2877.2,3.2
146441.65,6672.0,3588.75,0.3609,0.1798,42531.8,6,22760.66,8000.0,0.6365,10306.68,0.0,15,119119.96,6.97,25,0,134920.72,30.0
262924.75,4942.73,5124.79,0.1724,0.1042,24504.05,4,77571.67,0.0,0.4878,2547.72,5461.89,18,165252.67,5.97,13,0,248443.97,30.0
14409.57,2194.13,2082.41,0.3981,0.2667,18606.27,2,16012.03,0.0,0.4413,8357.18,0.0,5,13431.66,1.84,2,1,575.59,1.5
50406.78,2403.74,2078.21,0.2477,0.2449,11297.02,4,16912.02,0.0,0.3545,2555.72,0.0,17,46574.17,3.81,12,0,43401.38,30.0
187143.83,9593.78,7889.85,0.1993,0.0572,10861.14,4,55134.08,0.0,0.3884,9266.17,0.0,16,118848.77,5.35,1,0,194462.32,30.0
29444.37,2464.42,3111.12,0.5236,0.3089,23706.99,3,17025.72,28500.0,0.3472,4664.6,19401.15,19,24328.8,1.68,30,1,-23507.27,7.8
122154.88,3293.46,6739.92,0.2935,0.2205,43443.19,7,26405.5,20000.0,0.5471,12156.0,103393.69,6,70811.18,5.99,27,0,55270.12,30.0
208146.92,5319.36,6186.51,0.1687,0.1,28245.54,4,49042.64,6000.0,0.4116,3726.75,26014.55,14,159637.59,5.03,10,0,168680.34,30.0
20160.37,1601.43,2956.33,0.487,0.3301,13833.97,2,3078.55,5000.0,0.4253,3808.89,40647.08,15,14640.84,2.81,8,1,-20062.24,2.9
333109.22,8772.54,6234.73,0.0906,0.0988,36686.52,5,52213.02,0.0,0.4745,6556.97,0.0,13,216465.31,5.1,2,0,327510.27,30.0
10469.88,2965.43,2923.95,0.4182,0.3016,26485.26,4,3821.56,0.0,0.3388,7674.86,0.0,20,7784.47,2.21,18,1,-25495.35,1.0
55371.16,5529.85,5611.01,0.3066,0.281,55068.0,4,22078.67,20000.0,0.5193,8713.78,2434.95,12,29926.77,7.03,5,1,-14906.57,6.6
204391.64,7001.42,5977.31,0.144,0.0526,21876.03,2,45562.47,0.0,0.4893,7702.47,0.0,8,141726.44,4.41,25,0,197532.7,30.0
47187.26,6869.11,7065.99,0.1958,0.1043,44516.63,7,51930.03,40000.0,0.4865,11103.27,5906.54,6,42625.25,7.76,18,1,-5685.68,3.1
169936.27,7393.26,5253.0,0.4394,0.1276,32008.89,3,12829.75,20000.0,0.406,6318.52,0.0,12,132320.5,8.86,25,0,140990.96,30.0
54608.34,1322.95,3495.52,0.2165,0.2103,5473.27,1,19418.13,14000.0,0.3625,7170.43,65177.05,4,44282.65,4.33,28,0,40126.9,30.0
202781.92,11051.28,7085.01,0.1836,0.063,28361.85,2,43861.3,0.0,0.311,2295.97,0.0,19,144431.81,3.2,17,0,225117.09,30.0
7602.0,2277.53,1677.85,0.5253,0.1877,7276.78,4,8654.88,28500.0,0.2112,3465.36,0.0,15,4314.35,2.69,14,1,-8400.41,1.0
144063.63,7290.59,7247.49,0.368,0.2983,40175.23,7,25824.43,8000.0,0.6179,4674.4,0.0,3,92944.87,5.66,8,0,105126.92,30.0
139809.98,6953.98,5896.35,0.3331,0.2729,36183.73,4,34512.32,8000.0,0.4001,4946.38,0.0,16,124964.88,5.73,14,0,108132.83,30.0
35658.04,1741.93,3117.27,0.472,0.3894,9687.66,1,7397.4,0.0,0.3564,2689.88,41260.24,24,31131.94,2.69,11,1,-12263.23,11.2
16739.79,1876.88,2573.21,0.5225,0.3071,8584.01,4,4197.55,0.0,0.4125,2315.56,20889.9,15,8407.5,4.43,4,1,-6589.14,1.2
198844.12,7695.95,6042.96,0.1229,0.1216,38030.47,3,57148.15,0.0,0.4762,6988.97,0.0,27,114806.24,4.97,14,0,187079.63,30.0
325345.38,9634.95,6418.0,0.1935,0.1467,33244.32,5,38989.68,0.0,0.4567,9673.94,0.0,22,213271.47,4.47,20,0,336449.55,30.0
56325.62,2738.27,2551.59,0.4326,0.3961,17325.07,4,10085.94,0.0,0.3391,5633.25,0.0,20,30923.23,3.91,12,0,35690.12,30.0
107523.78,4568.51,6178.78,0.4016,0.2678,40925.11,5,23224.34,0.0,0.6042,14429.38,48308.07,14,94314.67,7.28,21,0,40028.16,30.0
36163.41,2518.3,3572.53,0.211,0.266,22970.03,1,15494.9,14000.0,0.5458,8829.04,31626.84,21,23495.95,3.38,1,1,-19724.05,10.2
26132.38,2139.99,3237.49,0.2353,0.3079,7961.02,2,8714.77,28500.0,0.4371,5684.05,32925.06,15,13565.88,1.91,25,1,-14965.17,7.6
7442.66,1477.67,1997.68,0.5087,0.3639,19774.82,1,24907.2,28500.0,0.2223,3669.51,15600.23,3,5118.14,3.11,1,1,-19227.76,1.0
80558.46,5639.4,4289.31,0.2846,0.2024,49645.03,4,45544.59,8000.0,0.4945,5375.02,0.0,8,65728.68,4.97,9,0,46902.12,30.0
149930.35,4148.94,5246.47,0.1781,0.1685,17950.83,3,17925.01,20000.0,0.6908,14305.8,32925.87,15,103483.5,7.55,10,0,100053.26,30.0
56979.18,2169.01,2992.87,0.4471,0.184,15843.92,2,8832.5,28500.0,0.2171,7799.72,24715.9,15,37486.69,4.09,2,1,11785.51,22.2
272322.18,5861.73,2991.11,0.178,0.1393,26564.58,2,70120.05,0.0,0.338,5529.56,0.0,17,173505.42,6.17,18,0,301843.24,30.0
19314.25,1356.92,2513.0,0.3881,0.234,5388.8,2,6368.06,14000.0,0.5415,5677.21,34682.55,4,13012.94,4.27,6,1,3304.45,1.8
37685.83,6837.42,6011.12,0.2858,0.2516,45907.86,3,48353.38,20000.0,0.6212,12557.16,0.0,9,29789.72,7.19,28,1,-3759.5,2.7
17899.21,2327.14,1733.23,0.2978,0.3624,12928.64,3,23473.95,0.0,0.5108,3998.13,0.0,5,10571.25,1.83,22,1,14834.4,1.4
25024.12,2197.09,2511.37,0.365,0.236,16878.42,4,12114.88,0.0,0.2374,4637.39,9428.41,24,18983.08,2.73,2,1,-5166.35,9.7
26360.51,1481.65,3507.25,0.2119,0.3935,22249.61,2,4587.79,14000.0,0.4298,4554.21,60768.07,8,20153.29,1.86,16,1,-19630.14,2.5
126940.55,3475.01,7033.0,0.3591,0.2029,17958.85,3,37155.77,8000.0,0.4476,12570.77,106739.73,3,89868.97,7.51,25,0,107634.04,30.0
124673.62,7438.85,7683.44,0.1666,0.1338,22003.05,6,33211.95,8000.0,0.58,5886.12,7337.45,15,80834.23,6.31,1,0,86136.45,30.0
50764.02,3994.33,4017.64,0.3743,0.1418,16483.35,6,54803.36,40000.0,0.4033,3838.22,699.14,14,28299.86,7.58,1,1,24309.67,21.7
58389.24,2466.37,2369.99,0.316,0.1816,5712.07,3,9490.71,28500.0,0.5225,6842.42,0.0,17,48102.19,3.18,18,0,35132.73,30.0
162876.17,3649.2,5595.42,0.3632,0.1136,31404.25,3,25314.36,40000.0,0.4804,9859.98,58386.55,4,120064.46,9.92,5,0,110710.03,30.0
219292.59,5692.88,5878.17,0.1615,0.0584,9926.98,5,67265.65,0.0,0.3286,2053.84,5558.5,7,204756.49,6.84,28,0,227410.82,30.0
124809.66,6062.16,7729.64,0.3921,0.1877,40393.17,7,46429.48,8000.0,0.5779,4943.04,50024.19,13,117499.26,6.13,8,0,61573.6,30.0
98600.13,4209.03,4968.92,0.2147,0.2911,62939.75,4,43652.72,0.0,0.5669,14213.56,22796.52,3,69636.77,9.34,20,0,48450.65,30.0
60272.52,3136.24,3011.42,0.4973,0.1707,18050.99,4,14957.77,0.0,0.3344,3981.08,0.0,7,37580.59,1.9,17,0,44497.97,30.0
139129.23,4681.9,4880.23,0.1903,0.1071,8754.14,5,83194.85,0.0,0.3074,8508.21,5949.91,9,120248.74,5.08,20,0,154026.31,30.0
57965.31,2243.69,3010.11,0.5402,0.258,6785.74,1,15899.28,5000.0,0.3609,7693.84,22992.5,17,44926.7,2.25,30,0,34336.39,30.0
137962.98,5516.14,5997.76,0.3227,0.2168,37006.71,3,20929.58,8000.0,0.618,11016.98,14448.74,13,125392.59,4.07,6,0,84854.38,30.0
150781.01,5296.27,3865.86,0.3112,0.1658,50527.6,5,16727.93,8000.0,0.3535,10380.43,0.0,5,97752.99,5.86,21,0,104919.77,30.0
34751.17,1415.67,1617.45,0.5177,0.2645,17721.59,2,17369.17,28500.0,0.3265,8618.04,6053.4,13,29703.15,3.03,15,1,3828.69,13.1
16518.76,2594.56,1814.83,0.2319,0.1742,11391.33,2,19362.93,0.0,0.4689,1715.53,0.0,18,14826.17,2.12,1,0,17688.01,30.0
27926.01,2575.67,1931.09,0.25,0.3073,19976.78,2,14897.66,28500.0,0.5162,8666.95,0.0,23,25703.7,3.35,28,1,2496.14,30.0
42773.02,1903.98,2335.91,0.3491,0.3841,25732.72,3,23112.68,0.0,0.2241,2948.28,12957.73,15,39928.63,1.6,28,1,13967.41,13.3
72791.99,6290.45,4054.41,0.2516,0.2212,56208.2,7,41760.07,20000.0,0.6571,10626.6,0.0,5,42709.39,7.19,22,0,28646.5,30.0
186695.29,8425.78,4623.73,0.1375,0.1012,35234.4,3,80754.87,0.0,0.423,9505.24,0.0,13,148947.93,5.49,15,0,210979.13,30.0
159789.47,5317.2,7255.11,0.1198,0.0733,25554.61,4,40794.15,0.0,0.3716,3461.36,58137.41,14,135591.91,4.0,6,0,108927.7,30.0
78514.32,6111.98,5901.0,0.2067,0.1348,28912.94,3,16461.81,0.0,0.5997,11543.17,0.0,14,69455.91,4.55,27,0,41829.51,30.0
179603.5,6997.94,3969.72,0.2697,0.1264,59021.1,5,31832.62,8000.0,0.5131,12316.59,0.0,9,104452.74,7.73,25,0,144166.79,30.0
97863.45,5122.34,4118.66,0.3383,0.2616,19561.23,7,13028.12,0.0,0.643,3364.54,0.0,17,71637.23,7.73,4,0,83012.19,30.0
35644.57,1809.87,3373.15,0.5389,0.2525,16805.99,4,4055.62,0.0,0.2246,6475.02,46898.53,23,33477.78,3.6,4,1,-23708.44,9.3
112691.0,11569.42,3669.16,0.1455,0.0989,36639.89,4,91547.38,0.0,0.3781,4673.8,0.0,10,102156.4,7.41,5,0,168625.24,30.0
211439.12,7411.47,7252.38,0.1733,0.0742,19087.38,3,77554.65,0.0,0.2619,7656.0,0.0,21,122162.62,4.66,18,0,195842.84,30.0
133195.45,6593.91,4323.18,0.1142,0.0663,11474.36,3,78456.03,0.0,0.3386,6717.73,0.0,6,86350.42,5.93,27,0,158666.38,30.0
85853.2,4619.35,6478.49,0.3579,0.2741,33821.95,5,53505.61,8000.0,0.5492,5602.13,55774.13,1,43692.55,7.77,21,0,67016.67,30.0
46118.87,2621.76,2992.86,0.4206,0.2214,23121.9,1,5862.55,14000.0,0.2585,8458.94,11133.09,20,26424.39,2.05,23,1,-108.35,20.1
165743.94,7072.96,6402.67,0.361,0.1988,21634.54,4,17323.33,20000.0,0.4013,10620.43,0.0,2,94967.61,6.26,7,0,139286.56,30.0
52125.49,2013.34,3106.28,0.4411,0.2793,22501.85,1,18141.91,28500.0,0.4582,8093.35,32788.17,10,39481.94,4.35,5,1,7635.86,10.9
51561.54,2923.17,5950.2,0.3244,0.107,50579.26,4,39409.98,0.0,0.5304,9414.84,90810.75,10,43192.13,6.87,28,1,-19274.06,2.8
144497.84,3157.27,4066.24,0.3357,0.2119,41996.06,5,38280.8,40000.0,0.6668,12777.51,27269.11,15,103508.29,4.31,23,0,74605.99,30.0
15451.21,2950.96,1712.87,0.3524,0.3721,11229.41,2,9359.37,14000.0,0.2517,2456.6,0.0,21,14462.99,3.01,6,1,14602.59,4.9
31023.94,1860.31,2371.79,0.2045,0.1638,15348.54,1,20536.1,28500.0,0.47,4011.1,15344.41,22,21762.52,4.27,6,1,-10204.42,13.9
37391.66,1747.3,2707.55,0.2951,0.3766,11660.57,3,4995.02,28500.0,0.3204,8305.88,28807.69,14,26308.79,2.31,18,1,-4957.7,12.1
91362.59,9192.97,5289.96,0.1172,0.1256,28027.39,4,30201.7,0.0,0.2631,6976.42,0.0,14,47868.33,7.18,30,0,104086.36,30.0
52789.23,6431.27,4285.09,0.254,0.1958,35861.76,3,14393.69,20000.0,0.4715,3283.43,0.0,12,29317.87,9.92,18,1,22997.99,30.0
119512.75,5307.77,7735.95,0.322,0.2911,61844.2,7,25561.32,8000.0,0.568,7252.08,72845.4,3,60168.24,4.8,16,0,53345.41,30.0
191879.74,5430.45,5703.52,0.1439,0.1342,25573.31,5,81274.09,0.0,0.3804,10273.52,8191.99,24,163727.91,5.92,16,0,166007.09,30.0
176219.1,4567.81,4417.98,0.4107,0.1399,45635.52,4,38857.39,20000.0,0.5941,3410.99,0.0,8,98318.17,8.8,10,0,129761.74,30.0
76244.88,6335.59,7461.82,0.1698,0.1385,50324.2,5,51383.24,20000.0,0.6624,7987.35,33786.85,1,68050.1,8.44,27,0,33384.51,30.0
6729.7,2780.57,2404.93,0.3859,0.2139,23440.19,4,4665.34,5000.0,0.4744,7453.11,0.0,18,4276.41,2.75,7,1,-21358.2,1.2
43549.05,7287.7,4818.83,0.3321,0.2606,30056.75,5,37632.26,0.0,0.3965,10826.36,0.0,6,36546.47,6.66,5,0,34797.78,30.0
61130.29,6969.58,4515.9,0.1782,0.1603,28228.21,6,23178.15,40000.0,0.5191,5486.19,0.0,5,52412.69,9.92,1,0,27723.62,30.0
54767.7,3009.87,2058.9,0.2199,0.3792,9816.04,1,22739.14,0.0,0.3157,1603.04,0.0,8,46864.87,2.25,27,0,56951.56,30.0
322358.4,8230.47,7926.96,0.1419,0.1291,26701.11,5,28138.99,6000.0,0.3405,11412.91,0.0,18,209063.09,4.27,17,0,280216.69,30.0
13288.37,2631.05,1580.85,0.3234,0.213,17800.61,2,9315.77,5000.0,0.4661,1518.36,0.0,24,7924.15,2.18,8,1,9318.64,1.1
240006.18,10177.66,7846.97,0.0984,0.096,26528.5,5,61019.36,0.0,0.3955,5221.13,0.0,4,204573.07,3.71,30,0,238701.47,30.0
96202.94,8934.23,5204.18,0.1605,0.148,25517.71,2,45147.24,0.0,0.3831,8857.39,0.0,19,49945.5,6.81,24,0,125842.65,30.0
51406.65,2526.75,2063.21,0.2445,0.3517,13149.55,4,2048.73,14000.0,0.4251,3755.98,0.0,13,27613.61,2.51,22,0,31352.01,30.0
301024.88,6676.22,3392.17,0.1624,0.0623,23241.07,5,41381.92,0.0,0.4645,6801.29,0.0,8,260934.81,7.08,11,0,310092.27,30.0
36714.11,1461.24,1906.24,0.3061,0.1682,18744.89,3,21130.66,28500.0,0.5097,2419.83,13349.91,3,25268.7,2.98,13,1,10286.49,3.3
93019.52,8797.39,4236.08,0.1674,0.1236,9679.88,5,87907.35,6000.0,0.25,10458.19,0.0,22,58914.67,4.93,8,0,177136.93,30.0
57440.14,1561.65,2326.13,0.5235,0.1688,10049.98,1,3716.01,28500.0,0.3927,5791.08,22934.27,12,35355.32,4.16,14,0,21824.34,30.0
50017.31,2801.59,1733.03,0.4316,0.3657,9731.67,1,2096.74,0.0,0.3132,2102.46,0.0,19,27492.19,3.2,30,0,50593.23,30.0
178785.95,7034.35,4540.11,0.381,0.2874,61445.65,4,30927.51,0.0,0.6672,13614.59,0.0,10,118220.31,7.41,27,0,140200.39,30.0
45382.67,2859.87,3554.77,0.2463,0.189,8956.76,1,14600.89,0.0,0.2149,3452.73,20846.96,15,37616.02,2.48,8,0,23173.77,30.0
38790.23,2663.19,2529.62,0.3941,0.2965,23612.56,4,5931.33,0.0,0.3634,3679.41,0.0,17,24551.11,2.97,10,1,10812.49,19.3
30162.28,1895.6,1721.74,0.224,0.2304,8613.63,2,22882.15,0.0,0.3605,4213.63,0.0,13,23242.12,1.86,14,0,28048.68,30.0
219290.81,9804.35,7337.71,0.1844,0.0679,38292.67,4,33638.52,0.0,0.3568,3111.65,0.0,12,183667.72,4.9,16,0,200345.85,30.0
30704.93,3175.77,2397.13,0.4203,0.3252,15654.5,4,23466.54,5000.0,0.4324,5390.39,0.0,21,22153.27,2.89,27,0,24663.18,30.0
108374.96,6659.59,6572.19,0.1646,0.1181,39034.58,2,86910.47,6000.0,0.4354,7419.77,0.0,24,73380.46,3.11,10,0,71115.94,30.0
139671.01,3888.35,5493.82,0.3421,0.2976,38256.22,5,9768.94,0.0,0.4637,11940.01,48164.24,6,74504.09,9.28,22,0,90266.65,30.0
246671.46,6331.31,3064.7,0.0849,0.0591,25884.3,2,46567.65,0.0,0.42,10549.92,0.0,8,229156.23,7.27,8,0,255592.45,30.0
173260.78,4103.64,6314.89,0.3697,0.2422,28584.06,5,49308.02,40000.0,0.3575,14979.47,66337.72,7,89270.45,4.32,24,0,123322.14,30.0
100202.54,5621.35,4026.19,0.245,0.2426,64518.23,4,46048.31,40000.0,0.4777,7185.73,0.0,12,87904.21,4.96,23,0,39369.41,30.0
33303.64,1722.15,3459.9,0.4581,0.2916,16914.04,3,13331.5,0.0,0.4337,5495.45,52132.36,16,18780.45,2.24,5,1,-12014.57,7.7
19445.66,2463.32,1529.73,0.352,0.2808,14013.67,3,18635.05,0.0,0.3078,7654.12,0.0,12,15867.8,4.05,28,0,18157.69,30.0
109611.39,3107.51,8015.02,0.3503,0.2235,52449.85,4,29666.87,40000.0,0.6743,14923.65,147225.42,4,89172.98,5.54,30,0,27217.69,30.0
44962.45,2263.39,1948.61,0.3576,0.2031,25718.01,4,2459.86,14000.0,0.3751,6901.79,0.0,10,34744.54,1.61,30,1,11695.73,14.5
160983.46,7274.41,5025.89,0.2964,0.1546,60994.89,7,48052.84,20000.0,0.4941,12550.66,0.0,16,106687.62,4.29,5,0,121617.33,30.0
117060.24,7283.76,8336.59,0.4042,0.2167,32281.54,6,17300.96,8000.0,0.4868,5763.36,31584.88,1,96251.57,7.43,11,0,85962.73,30.0
6360.28,1940.02,3391.81,0.3789,0.3967,12564.07,3,18099.31,28500.0,0.389,8720.99,43553.84,10,4764.91,2.62,6,1,-31703.69,1.0
23676.88,1717.58,2254.82,0.493,0.1876,6032.55,2,7619.17,0.0,0.3071,3458.38,16117.12,23,13803.49,2.07,19,1,153.26,10.4
48267.14,2783.89,2267.43,0.4411,0.2472,22162.21,4,17053.14,5000.0,0.2574,4478.76,0.0,2,26365.77,2.68,22,0,30371.12,30.0
74775.84,6760.94,7597.78,0.2677,0.1659,37312.4,6,9732.17,0.0,0.6084,3314.02,25105.18,7,66090.88,7.87,19,0,26537.1,30.0
58058.96,2103.59,2001.15,0.4241,0.2042,26379.59,4,13738.53,28500.0,0.5079,6181.38,0.0,6,44339.93,4.38,18,0,21160.72,30.0
39160.64,2703.95,1654.22,0.519,0.2112,16854.71,4,4380.62,0.0,0.4917,6465.05,0.0,21,32604.87,2.78,14,0,34827.3,30.0
29395.57,3012.2,3055.65,0.208,0.353,17386.91,4,8398.42,14000.0,0.5465,8548.26,1303.53,11,18422.24,3.88,27,1,1016.12,8.1
73959.34,5411.63,7965.96,0.2385,0.2932,33844.04,3,20161.67,8000.0,0.5157,4210.9,76629.77,4,66418.88,9.16,13,0,29056.77,30.0
39986.53,2436.05,2264.48,0.5278,0.31,8579.84,1,7295.85,0.0,0.4931,6152.93,0.0,21,22690.28,2.92,28,0,28493.82,30.0
76542.12,3327.44,7566.29,0.2996,0.1693,20537.71,3,30520.09,0.0,0.5267,12055.0,127165.37,4,43001.0,4.3,20,0,49216.09,30.0
58078.95,1335.56,1467.3,0.2007,0.3209,18916.52,2,9505.46,0.0,0.3596,2271.13,3952.07,5,47960.38,4.28,17,0,40399.41,30.0
36362.1,2350.9,2241.55,0.3126,0.363,6435.73,4,6552.1,5000.0,0.2081,6190.16,0.0,18,34215.73,2.53,28,0,23632.45,30.0
144253.01,5281.52,5906.11,0.3439,0.1253,53766.09,6,37850.08,20000.0,0.587,8862.24,18737.6,9,125038.38,7.32,30,0,80146.69,30.0
61971.89,2771.09,2182.34,0.547,0.2006,9059.46,1,19091.61,28500.0,0.3408,8136.6,0.0,9,34479.78,1.92,6,0,46381.92,30.0
135225.08,4579.5,6458.0,0.3207,0.1589,39428.38,3,43164.88,0.0,0.5204,3828.23,56355.12,8,91321.81,8.43,12,0,90619.56,30.0
143138.44,3766.55,7759.39,0.2873,0.1033,57801.33,6,30667.07,20000.0,0.5752,11121.16,119785.33,4,124688.65,5.69,16,0,68348.46,30.0
27782.71,2185.26,1466.49,0.4076,0.2395,19263.58,3,13524.88,0.0,0.3966,1567.34,0.0,7,13984.42,4.04,22,0,16123.47,30.0
37928.1,3082.04,2895.54,0.3598,0.1825,21228.74,3,9333.28,28500.0,0.3726,4808.15,0.0,9,24884.17,1.95,21,1,3016.73,10.8
34773.03,2923.94,2401.37,0.3824,0.2717,9314.49,1,20228.99,5000.0,0.3364,2325.9,0.0,17,30063.94,3.98,6,0,30448.89,30.0
39103.36,3082.11,1486.04,0.3019,0.1629,7577.93,2,5782.09,5000.0,0.3994,2371.5,0.0,2,22184.55,3.17,15,0,33679.68,30.0
52765.94,2900.27,1884.84,0.2335,0.362,22719.16,2,3598.84,0.0,0.4273,2683.92,0.0,4,35924.72,2.32,26,0,32876.28,30.0
56055.21,2349.53,1665.35,0.3412,0.3491,14632.47,1,11706.55,0.0,0.529,6108.21,0.0,22,44966.49,2.43,5,0,51408.39,30.0
127951.01,7264.73,6213.29,0.2309,0.2623,21185.23,5,26619.52,8000.0,0.4863,5871.49,0.0,3,101097.83,7.79,29,0,112024.31,30.0
6158.64,2129.51,2851.96,0.3791,0.3663,17220.3,2,24492.13,0.0,0.3729,4967.85,21673.64,10,5638.14,4.44,14,1,-12849.2,1.0
43522.26,2538.29,2861.2,0.3897,0.3366,14790.95,2,11719.26,0.0,0.2126,8681.35,9687.46,21,23162.23,3.79,23,0,15534.84,30.0
38415.73,2947.29,3119.41,0.2078,0.3563,7563.09,1,15848.57,5000.0,0.4233,2500.11,5163.49,18,22682.24,3.02,10,0,21277.68,30.0
61267.16,6926.88,5717.9,0.202,0.1858,22518.13,6,51988.14,8000.0,0.4182,7512.09,0.0,1,50988.75,6.68,11,0,55685.5,30.0
94325.92,6624.9,7922.49,0.3272,0.137,39815.21,3,30199.12,8000.0,0.5132,9052.45,38927.78,2,85510.57,9.89,20,0,57466.27,30.0
85551.29,6167.39,6423.03,0.3302,0.1248,40450.71,4,9905.64,8000.0,0.5664,13822.36,7669.34,17,48686.0,6.45,1,1,19927.44,23.2
102400.15,8448.38,2924.36,0.0988,0.0674,25540.81,2,43125.06,0.0,0.2658,10929.8,0.0,20,64967.47,7.99,24,0,170926.08,30.0
20611.16,2305.44,2633.99,0.2588,0.1978,22134.77,3,2166.16,28500.0,0.4992,2752.01,9856.53,13,16411.07,3.2,9,1,-25557.59,3.0
121045.71,5046.5,8252.2,0.1824,0.1813,38209.34,5,16851.44,20000.0,0.659,7635.77,96171.16,17,74519.51,7.77,28,1,7715.47,18.0
48951.85,2756.81,3255.95,0.5027,0.2708,7922.22,2,14416.56,14000.0,0.3401,7132.27,14974.07,9,35374.12,3.27,3,0,30645.74,30.0
13141.26,2113.29,3514.94,0.4217,0.311,23800.46,4,12282.0,5000.0,0.435,1798.21,42049.37,19,10610.08,3.47,3,1,-42775.34,1.0
54315.48,3116.52,3300.76,0.4388,0.24,8631.05,3,8384.96,14000.0,0.4179,2258.7,5527.18,23,35718.1,4.12,19,0,24211.74,30.0
86780.23,5608.72,7144.25,0.248,0.2039,50439.01,5,40638.45,8000.0,0.6282,11254.22,46065.82,6,63726.36,4.52,6,0,32264.7,30.0
159754.3,6219.57,6720.21,0.3868,0.1208,37264.37,6,32053.92,8000.0,0.4213,3457.19,15019.16,11,150605.81,8.15,14,0,112313.32,30.0
141924.25,4321.26,7791.22,0.4201,0.1154,24168.23,4,25947.59,40000.0,0.396,6130.24,104098.77,9,121026.28,5.44,10,0,68881.73,30.0
60612.78,4210.32,4529.56,0.2542,0.1125,30725.35,5,53467.36,20000.0,0.5519,3549.04,9577.11,8,39136.42,8.96,19,0,32015.71,30.0
33123.83,3149.44,7426.9,0.192,0.2398,41752.91,4,15311.77,8000.0,0.5981,14954.71,128323.73,11,29617.87,9.5,8,1,-60547.54,1.3
21758.97,2919.45,2901.37,0.5082,0.1794,21514.73,3,9201.07,0.0,0.3666,6571.34,0.0,5,15575.46,2.19,8,1,633.2,1.5
48355.98,1933.74,2081.25,0.4737,0.3972,7165.03,1,24548.15,0.0,0.4728,7847.57,4425.48,2,39265.39,4.03,16,0,50060.71,30.0
130482.78,11344.87,4959.67,0.0993,0.13,20199.8,4,26796.72,6000.0,0.3391,3841.19,0.0,22,66726.42,5.7,13,0,208818.84,30.0
50008.28,5538.77,8081.24,0.1522,0.2336,23694.18,4,42318.65,20000.0,0.6273,11933.78,76273.96,4,33122.41,5.5,3,1,18781.3,2.6
46946.42,7144.51,4837.28,0.3464,0.1064,58956.52,6,43317.3,20000.0,0.5051,14572.37,0.0,15,31205.44,9.46,28,1,7716.57,13.3
39534.9,6594.72,4117.78,0.34,0.19,19423.97,6,51723.92,8000.0,0.6207,12913.68,0.0,9,22086.0,7.26,2,0,47554.16,30.0
37511.13,2022.92,2139.22,0.4003,0.2897,16387.59,4,24787.97,0.0,0.3258,7879.22,3489.1,19,28929.16,3.66,10,0,21118.4,30.0
124384.03,3235.15,7216.18,0.3122,0.2913,17891.11,7,47113.22,40000.0,0.5731,4820.31,119430.85,3,114839.96,6.22,3,0,90889.09,30.0
316377.11,9774.27,4114.54,0.1029,0.1124,18135.0,3,47216.72,0.0,0.3707,8687.83,0.0,24,210515.19,7.51,13,0,406185.78,30.0
145319.76,3679.69,8075.07,0.3861,0.2254,45067.46,4,31800.83,40000.0,0.6681,6190.42,131861.36,12,74782.96,8.74,29,0,30881.16,30.0
257246.16,6943.7,2751.81,0.1019,0.1192,24029.8,4,23613.57,6000.0,0.4975,5264.6,0.0,21,240244.5,4.09,13,0,298395.13,30.0
65271.53,7380.94,4489.52,0.4147,0.1346,24238.63,7,18793.44,20000.0,0.5862,7935.5,0.0,12,55209.71,9.87,26,0,55276.32,30.0
310323.31,5925.43,4429.92,0.1113,0.0874,11900.73,2,69142.6,0.0,0.3617,7099.69,0.0,9,209096.92,4.65,5,0,329343.75,30.0
125338.52,3356.15,8472.46,0.2924,0.2362,53266.5,4,28824.84,20000.0,0.6679,3381.88,153489.35,2,113442.58,5.32,8,0,62019.66,30.0
27078.97,1263.37,1753.32,0.339,0.2412,13412.15,1,23799.37,28500.0,0.2976,3227.32,14698.63,22,19228.34,1.97,4,1,-8028.58,11.1
29233.48,2877.71,1702.08,0.3191,0.2409,6661.71,2,22675.64,28500.0,0.2012,7839.97,0.0,21,15518.13,3.22,19,0,29775.21,30.0
104453.32,6608.86,5750.82,0.211,0.2619,57551.22,6,21035.74,40000.0,0.5094,14469.96,0.0,16,79985.87,4.16,29,0,27871.7,30.0
45058.57,2400.72,1404.1,0.3093,0.2134,13831.67,3,4654.08,0.0,0.494,7996.87,0.0,24,29010.45,3.52,2,0,45540.32,30.0
81620.19,6628.98,8239.2,0.2712,0.1099,48574.26,7,19415.16,8000.0,0.4339,4222.3,48306.56,13,49191.53,9.0,9,1,-1768.85,10.9
176541.2,6707.36,4048.06,0.3061,0.1845,24670.92,3,12538.19,8000.0,0.6971,14572.81,0.0,10,160588.13,9.12,10,0,165634.33,30.0
63864.22,3168.85,2438.7,0.2641,0.2868,12952.93,4,9124.56,28500.0,0.3122,8466.23,0.0,14,34298.11,2.37,5,0,41534.18,30.0
18707.18,2217.97,3140.58,0.225,0.3092,25140.78,1,4441.77,5000.0,0.2523,8785.93,27678.11,4,9507.69,2.0,9,1,-12530.77,1.2
338687.72,6195.03,5680.87,0.1383,0.1038,37912.02,4,39370.82,6000.0,0.2618,11139.86,0.0,13,256916.86,3.8,19,0,303917.59,30.0
49323.72,6202.47,4326.78,0.4231,0.2799,20244.08,4,14754.32,40000.0,0.4528,4000.64,0.0,17,26192.98,9.05,24,0,25577.34,30.0
37316.86,2786.72,1441.27,0.4565,0.185,11340.88,4,18860.12,5000.0,0.4907,6691.32,0.0,2,29060.07,3.76,5,0,32700.02,30.0
153732.55,3792.44,3890.81,0.3567,0.1117,33777.79,7,17055.88,20000.0,0.4354,13904.56,2951.18,6,132964.98,8.72,21,0,111519.86,30.0
179082.64,3123.61,7796.12,0.2783,0.191,62366.22,5,30183.16,0.0,0.3947,3401.2,140175.05,12,140349.06,9.26,21,0,65438.39,30.0
171855.27,6110.01,4264.45,0.3355,0.1404,38611.78,4,49341.53,0.0,0.5456,12479.21,0.0,15,147562.95,7.64,22,0,162576.81,30.0
62501.42,1880.13,2785.16,0.4399,0.1843,27816.14,4,16376.85,28500.0,0.488,5790.85,27150.76,5,34914.82,3.57,9,0,20911.86,30.0
184258.33,11022.38,6019.36,0.0883,0.0532,20659.61,3,56909.15,6000.0,0.3704,9858.32,0.0,19,132725.93,3.92,22,0,236855.55,30.0
59893.38,4197.45,5766.71,0.4069,0.1204,58009.27,7,13551.65,8000.0,0.6231,9952.21,47077.61,4,38725.96,5.21,22,1,-6501.15,2.1
112157.94,7154.91,5256.01,0.3212,0.2481,56148.23,3,18233.26,8000.0,0.563,4874.09,0.0,6,59153.96,5.37,27,0,61884.08,30.0
112915.25,3523.9,4722.67,0.2388,0.2248,57640.1,4,34391.73,8000.0,0.626,14955.46,35963.11,9,67079.36,6.23,25,0,48205.37,30.0
171902.54,3656.13,5511.69,0.2112,0.1351,60489.61,5,52958.42,8000.0,0.6534,6143.55,55666.58,1,146513.04,8.33,30,0,126099.71,30.0
49428.87,1482.66,3231.49,0.4384,0.2465,14239.19,1,12857.78,5000.0,0.3256,2617.1,52464.86,17,28041.64,2.91,18,1,2884.96,12.9
10527.4,1656.49,2617.97,0.4638,0.3695,15708.62,4,12789.47,28500.0,0.4778,2440.99,28844.19,2,6819.72,1.52,23,1,-15997.91,1.0
55628.14,2749.71,3450.53,0.4053,0.2551,19761.23,4,9211.04,14000.0,0.2361,7878.51,21024.5,7,52569.44,4.29,10,0,23810.76,30.0
109454.96,3047.81,5263.73,0.4266,0.1701,32393.13,6,19156.62,8000.0,0.6181,14731.19,66477.5,14,81158.37,9.24,28,0,41613.12,30.0
8662.16,1379.67,2494.3,0.5228,0.3956,9818.06,4,20585.5,14000.0,0.2718,2639.76,33438.93,4,7675.94,3.46,9,1,-5313.24,1.0
41603.27,2202.99,1928.35,0.2461,0.204,22315.21,4,20887.52,28500.0,0.2909,8004.68,0.0,12,22030.64,2.88,13,1,11383.82,17.0
217865.06,7455.33,2901.75,0.1033,0.0726,8790.85,3,77336.85,0.0,0.2657,3543.75,0.0,24,145526.06,6.1,7,0,313673.16,30.0
153252.77,6034.01,2623.18,0.1549,0.0936,18173.06,5,65657.8,0.0,0.3147,7197.54,0.0,22,127134.76,7.4,3,0,209363.4,30.0
150068.41,6264.4,7323.53,0.2453,0.1657,51465.09,5,38527.21,8000.0,0.5386,6343.9,31773.87,1,121579.17,8.5,17,0,107848.81,30.0
93864.49,7812.13,3394.27,0.1533,0.1286,36846.78,2,80584.0,6000.0,0.4167,5180.6,0.0,19,52367.36,5.86,14,0,139664.56,30.0
161812.15,6358.52,6865.52,0.4431,0.2043,47980.37,3,19980.34,8000.0,0.3522,8148.39,15209.91,17,93271.6,5.35,26,0,88028.01,30.0
21592.37,1930.49,1637.58,0.3391,0.2886,11597.13,2,12728.91,14000.0,0.2339,5405.78,0.0,14,11703.65,3.03,12,1,7772.67,11.8
318769.83,8715.74,4489.43,0.1186,0.1073,27713.26,2,30102.81,6000.0,0.4303,6816.66,0.0,14,168086.85,6.74,20,0,334867.48,30.0
63148.07,1930.81,3565.92,0.2361,0.19,9173.28,3,5858.95,14000.0,0.4301,1666.08,49053.22,22,33162.52,2.78,29,1,4863.45,23.6
126237.07,5337.2,5802.15,0.1716,0.2681,29961.37,7,38040.4,8000.0,0.5296,4582.98,13948.5,11,66720.69,6.99,20,0,90290.27,30.0
84329.83,11442.14,5507.03,0.144,0.1213,35713.96,5,79190.7,0.0,0.4698,8170.05,0.0,21,62198.83,3.38,7,0,157472.1,30.0
333519.09,6485.23,7709.22,0.1953,0.1314,8969.39,2,76040.34,0.0,0.4704,8924.28,36719.68,16,285956.04,3.95,29,0,314023.36,30.0
72120.43,3527.22,7179.8,0.2201,0.1489,37266.01,4,17937.83,20000.0,0.5754,12468.82,109577.29,4,62976.69,5.48,19,1,14491.2,3.6
152037.36,4099.76,3487.25,0.3054,0.1084,36215.44,6,42113.87,0.0,0.4956,3213.81,0.0,6,95254.27,8.96,13,0,130945.9,30.0
11245.37,2134.61,1869.24,0.2658,0.1768,6321.73,4,24081.74,0.0,0.4679,6296.4,0.0,12,6121.88,2.59,14,1,12709.91,1.0
38329.27,3150.01,3200.45,0.4877,0.207,16831.34,2,7559.44,14000.0,0.2305,6023.06,1513.32,2,31646.2,1.95,4,0,16109.51,30.0
54957.94,1677.65,2795.19,0.5348,0.2937,24533.95,4,15449.82,28500.0,0.4798,7015.73,33526.38,3,50046.67,3.28,5,0,17636.8,30.0
121859.13,11194.78,7840.06,0.1853,0.1177,8847.91,4,41375.2,6000.0,0.4359,8998.67,0.0,12,93002.62,3.64,4,0,139984.39,30.0
146217.94,6317.2,3758.6,0.2589,0.1528,21806.42,6,20755.9,40000.0,0.5384,3736.99,0.0,9,116548.92,6.65,21,0,124446.39,30.0
148840.03,3844.56,6279.11,0.2427,0.1499,58794.45,3,52362.86,40000.0,0.4174,10025.17,73036.53,15,105579.86,8.12,13,0,43213.25,30.0
79496.6,7701.15,4576.77,0.1978,0.08,15276.75,4,49588.32,0.0,0.3542,9588.01,0.0,12,70196.37,6.42,5,0,104120.03,30.0
182326.4,6078.37,6587.79,0.1511,0.1398,30064.01,4,64690.79,0.0,0.4138,2168.27,15282.63,4,130490.0,5.75,24,0,171228.69,30.0
62731.93,1356.97,1774.66,0.4868,0.2726,18052.65,2,11237.11,0.0,0.2624,3646.21,12530.54,2,58030.55,2.94,26,0,48532.5,30.0
215159.39,6385.87,4595.53,0.1251,0.1215,21759.84,2,30150.58,0.0,0.324,9302.89,0.0,16,159281.16,3.96,11,0,213034.5,30.0
91161.44,7146.06,5317.96,0.2422,0.2771,22421.87,4,48566.5,40000.0,0.3977,4490.51,0.0,11,74062.56,7.72,6,0,72574.16,30.0
171383.27,2999.58,7791.88,0.3156,0.2109,21150.83,4,20535.2,40000.0,0.4621,10723.44,143769.15,4,140907.62,6.38,11,0,115930.42,30.0
12521.94,2880.4,2237.59,0.4929,0.1657,27042.44,3,3786.6,14000.0,0.4693,2128.25,0.0,17,11329.3,2.47,3,1,-18451.48,1.0
76060.11,4401.82,4212.36,0.3579,0.2126,36054.71,6,25359.43,0.0,0.4042,10440.84,0.0,2,49473.04,9.59,28,0,48283.64,30.0
318755.5,10781.36,5164.6,0.0901,0.0872,23840.61,4,89747.17,6000.0,0.3561,11602.54,0.0,20,241639.88,5.99,6,0,397546.37,30.0
47317.85,2934.56,2591.25,0.4735,0.1652,16313.97,4,11942.95,14000.0,0.2538,4965.19,0.0,12,31822.56,1.87,9,0,25345.7,30.0
56006.61,2055.7,2746.7,0.4149,0.3017,20949.92,1,16624.46,5000.0,0.3958,7669.69,20729.87,22,40098.63,3.22,25,1,14087.69,25.1
53651.0,4930.53,5324.19,0.3849,0.1276,51013.78,4,42577.45,40000.0,0.5387,13936.22,11809.83,9,28646.76,8.83,18,1,-12452.97,4.8
43263.67,2545.79,3006.73,0.2058,0.3957,26804.5,3,7687.13,14000.0,0.4163,4331.52,13828.06,6,26530.15,1.52,13,1,6979.65,5.3
11488.07,2920.49,1663.42,0.2305,0.1523,19565.97,2,2287.38,14000.0,0.3283,8570.15,0.0,9,10067.5,2.42,16,1,-7729.91,1.0
210385.26,7122.76,6384.92,0.1368,0.0757,37532.8,4,32273.24,6000.0,0.4726,3130.48,0.0,16,121180.64,6.29,20,0,171436.66,30.0
44759.79,3394.61,4486.61,0.3629,0.2785,32200.93,4,19129.25,8000.0,0.5918,7999.48,32759.92,12,33660.45,6.57,27,1,-5217.57,5.5
63214.11,2886.93,2064.4,0.273,0.2335,12473.33,4,23373.69,0.0,0.3509,7658.12,0.0,2,55925.22,1.58,19,0,60212.06,30.0
321551.98,8083.23,2524.75,0.1857,0.0665,39464.91,3,49188.75,0.0,0.2816,5076.79,0.0,21,257900.59,3.13,11,0,385154.61,30.0
181682.5,5145.53,5541.84,0.0945,0.0517,20239.02,4,50077.08,0.0,0.4446,6034.11,11889.28,9,106730.03,3.86,19,0,168359.55,30.0
53773.97,3090.9,1468.97,0.5186,0.2451,18233.32,1,21145.75,0.0,0.2748,2266.74,0.0,10,29058.8,2.09,8,0,54004.7,30.0
53534.08,2511.24,1765.12,0.3347,0.3409,20582.26,1,16535.41,0.0,0.3,8409.48,0.0,22,35567.75,2.34,17,0,44126.58,30.0
166264.02,9331.13,3411.57,0.1471,0.0794,35944.23,5,70182.95,0.0,0.2912,8192.59,0.0,19,145103.0,4.28,15,0,235659.43,30.0
106702.36,7227.26,6470.77,0.3641,0.1173,57483.31,3,20425.99,20000.0,0.6014,6176.18,0.0,5,92894.17,6.59,4,0,43772.27,30.0
331519.83,4608.97,4631.44,0.0936,0.1288,31173.55,3,39639.85,6000.0,0.4368,9543.03,673.96,13,172707.23,6.47,18,0,300524.89,30.0
52395.38,1964.69,3489.97,0.3163,0.3624,19193.86,4,13031.0,0.0,0.4853,1569.06,45758.21,5,30526.16,4.33,2,0,28958.83,30.0
8709.35,1512.04,1625.25,0.4073,0.2206,19966.05,1,21948.03,28500.0,0.5141,2717.12,3396.07,15,7504.12,4.49,22,1,-22884.0,1.2
61464.05,2420.46,1672.82,0.2585,0.1665,10977.0,3,3483.16,28500.0,0.2501,6990.93,0.0,8,35398.26,3.21,23,0,39852.02,30.0
51435.86,2093.72,2433.86,0.4255,0.3323,15974.63,4,16974.85,5000.0,0.2012,7925.44,10204.31,16,45308.92,2.22,28,0,27324.55,30.0
99908.04,4261.86,7851.89,0.3204,0.1968,57287.24,7,21553.49,20000.0,0.5128,14229.92,107700.94,9,53005.36,4.45,12,1,2061.21,6.7
63911.73,2969.08,3708.17,0.2349,0.1697,58445.88,4,21391.58,40000.0,0.6421,6240.84,22172.7,17,58531.17,6.45,20,1,-28978.19,9.4
6970.69,3199.65,3076.56,0.3185,0.1548,16120.1,4,5143.48,0.0,0.4238,8901.78,0.0,9,5334.74,4.24,27,1,-11304.52,1.0
60671.21,4128.82,5555.76,0.3587,0.1165,42140.97,7,53186.03,20000.0,0.3905,12388.9,42808.27,4,48109.24,7.51,15,1,21339.47,3.0
286909.87,11240.78,7454.39,0.1114,0.1222,14188.1,4,51749.91,0.0,0.4128,10858.3,0.0,15,267588.55,7.17,26,0,315965.8,30.0
118605.34,3980.48,6689.76,0.4337,0.1327,46693.38,5,30413.32,0.0,0.6943,8129.15,81278.44,10,93809.85,5.74,7,0,48960.28,30.0
35979.29,2623.39,3279.2,0.3134,0.2776,7486.61,3,13664.27,5000.0,0.417,5914.45,19674.33,5,26337.57,3.98,16,0,26281.33,30.0
63485.28,5302.31,5987.92,0.2108,0.2902,55167.81,5,20289.11,8000.0,0.4357,4250.67,20568.09,8,45189.73,4.3,2,1,-1776.26,5.9
5626.69,1796.44,3206.61,0.3191,0.3909,7801.15,4,10546.73,5000.0,0.3365,4980.97,42305.23,15,4311.69,2.35,22,1,-27035.91,1.3
44056.08,1242.22,2335.92,0.3434,0.2137,8678.89,2,20872.33,5000.0,0.5375,4525.56,32810.88,2,39763.34,4.47,18,0,37773.23,30.0
32952.41,4539.43,6384.41,0.325,0.2215,63698.78,6,34537.74,20000.0,0.424,7044.95,55349.24,12,22171.57,5.45,23,1,-59707.14,1.0
21471.23,2322.77,2285.67,0.3282,0.3172,11672.9,2,3779.43,0.0,0.4227,3855.2,0.0,21,16034.92,2.38,9,1,2856.58,13.5
104285.55,6569.86,8149.67,0.2309,0.126,26985.31,3,38215.05,8000.0,0.4988,3317.07,47394.14,5,82897.99,7.32,8,0,74572.76,30.0
349580.87,11903.32,4433.69,0.109,0.0599,8175.18,4,28636.23,0.0,0.3315,4768.54,0.0,16,303373.68,4.62,9,0,435298.19,30.0
13801.28,2462.58,1962.01,0.3351,0.2699,23204.41,4,13411.5,0.0,0.2804,7465.68,0.0,20,9865.6,3.84,17,1,-4331.01,1.0
30882.04,2580.96,1585.67,0.4487,0.3816,14209.36,2,23997.34,5000.0,0.4672,2937.58,0.0,14,26521.24,3.19,26,0,30615.84,30.0
32234.55,1228.0,1885.89,0.4714,0.1765,19631.48,1,19980.37,5000.0,0.237,4510.79,19736.82,24,22692.54,3.01,28,1,-3472.53,11.9
113077.37,4796.72,5538.08,0.3402,0.1433,22249.47,4,27472.13,8000.0,0.4666,6349.91,22240.87,4,76871.7,7.2,7,0,90591.39,30.0
210037.73,5317.95,3042.96,0.1335,0.0617,31293.31,3,66082.26,6000.0,0.3903,5850.16,0.0,23,153401.02,6.79,8,0,229914.08,30.0
30966.16,1951.64,2342.02,0.2376,0.2496,21092.4,3,2219.8,0.0,0.5046,8527.91,11711.2,9,25029.92,3.73,4,1,3565.17,5.7
100014.81,5240.23,4927.93,0.3339,0.2782,19131.54,6,8302.84,20000.0,0.5438,10050.2,0.0,16,93083.95,6.94,18,0,61747.81,30.0
306430.77,9186.32,4002.32,0.189,0.0678,22660.09,5,70317.17,0.0,0.2609,9966.18,0.0,7,192118.83,7.23,27,0,335141.06,30.0
35602.33,2912.16,1857.21,0.3474,0.2141,10702.84,4,9971.87,5000.0,0.2047,8238.93,0.0,12,28330.19,4.26,14,0,32492.29,30.0
38819.87,1740.45,3235.99,0.4098,0.2109,15071.85,3,22925.45,0.0,0.5149,5856.3,44866.34,9,25691.16,3.31,26,0,16637.8,30.0
39471.76,1456.19,3422.18,0.2616,0.3364,22807.13,3,18714.94,5000.0,0.3074,3195.53,58979.75,22,22918.97,2.49,12,1,-28276.61,8.9
56656.59,5885.65,3342.48,0.1977,0.2782,39246.67,5,18431.89,40000.0,0.5115,9094.35,0.0,6,48691.0,5.02,24,1,12481.02,7.8
69576.05,7249.34,6260.29,0.4449,0.1086,49084.65,6,48658.36,0.0,0.354,8725.15,0.0,2,43933.87,8.2,29,0,38622.72,30.0
305873.24,7116.64,4590.38,0.1193,0.0592,26557.06,5,80737.91,6000.0,0.2579,6521.33,0.0,4,223832.17,7.97,16,0,313243.59,30.0
46050.22,3041.29,1443.13,0.288,0.2164,7069.76,2,2192.54,28500.0,0.2347,3191.21,0.0,2,39446.36,1.86,27,0,27971.6,30.0
48534.02,2431.13,3267.02,0.2989,0.3409,20116.56,2,5886.3,0.0,0.4984,5617.55,25076.7,9,35976.53,2.8,30,0,19073.92,30.0
148070.75,7195.07,7632.36,0.2667,0.1432,19491.87,4,40893.93,0.0,0.6701,7631.28,13118.85,9,84978.18,7.78,19,0,128570.21,30.0
314431.63,6152.82,6788.36,0.1241,0.1129,12795.44,4,79293.3,0.0,0.4626,4561.85,19066.34,18,197958.11,3.06,26,0,300520.83,30.0
120870.88,4946.4,5205.22,0.2495,0.1019,60170.87,3,36657.53,40000.0,0.4093,3707.74,7764.7,16,69832.23,9.45,27,0,34866.97,30.0
87877.28,10569.05,4657.8,0.1829,0.1315,27681.11,3,89788.03,6000.0,0.3098,2505.68,0.0,8,44438.84,3.12,23,0,123819.73,30.0
37475.52,2509.73,2998.15,0.4917,0.1777,24125.66,1,21733.84,14000.0,0.4667,3587.77,14652.88,24,32319.88,3.29,14,1,-8840.78,14.4
109895.49,6003.79,4752.21,0.1597,0.1058,46761.63,6,8852.57,0.0,0.68,14334.48,0.0,3,66877.91,9.03,24,0,67086.07,30.0
46839.3,2241.17,1690.77,0.4588,0.1715,5536.62,3,6967.07,28500.0,0.262,2619.2,0.0,15,35214.31,2.91,9,0,31680.52,30.0
250538.67,11153.32,7060.34,0.1037,0.074,9449.45,4,43622.19,0.0,0.2663,4201.99,0.0,11,126269.73,7.56,9,0,278988.13,30.0
318452.81,11175.96,3206.62,0.137,0.1494,18105.64,4,20881.02,0.0,0.2873,7742.33,0.0,20,235036.35,6.79,14,0,423812.47,30.0
341805.21,11751.15,6841.99,0.1385,0.0663,28473.83,5,85531.58,6000.0,0.2611,4314.45,0.0,18,266940.44,5.62,9,0,390567.93,30.0
103849.91,7075.74,6786.75,0.2759,0.2214,29361.12,3,22770.82,8000.0,0.4046,7103.33,0.0,14,77201.75,8.41,19,0,64110.17,30.0
22808.78,2135.77,3078.24,0.5491,0.1964,24265.47,1,9423.33,0.0,0.4642,6129.15,28274.27,18,12109.41,3.62,30,1,-22200.71,4.0
18641.73,1511.68,2980.34,0.2516,0.3203,11751.24,1,24222.23,5000.0,0.2449,7517.0,44059.91,19,11788.07,2.03,2,1,-19659.95,1.4
98152.42,9540.76,7393.7,0.1015,0.1362,28877.52,4,46805.53,6000.0,0.2628,8668.8,0.0,10,72155.75,5.78,2,0,87715.55,30.0
35985.46,2191.93,1705.56,0.5482,0.3558,16870.51,3,16990.82,5000.0,0.3353,6636.8,0.0,14,30721.61,3.81,2,0,23793.32,30.0
50717.04,2497.81,2807.34,0.5126,0.2083,17359.66,1,17148.99,0.0,0.329,2123.01,9285.7,21,33716.47,4.22,23,0,22174.43,30.0
37447.27,3051.74,1459.59,0.4381,0.3062,10210.95,4,8159.54,0.0,0.5235,6340.09,0.0,20,29402.21,3.06,17,0,50970.54,30.0
33183.09,2266.61,3539.23,0.458,0.3265,25388.83,4,8973.74,0.0,0.3863,5348.82,38178.54,19,23514.5,3.94,12,1,-21295.99,6.9
139206.74,6288.77,7965.9,0.3804,0.1032,63365.53,4,29932.0,20000.0,0.4415,14869.25,50313.89,14,96693.15,8.74,21,0,36809.96,30.0
91791.37,6993.01,6491.97,0.2501,0.1984,60950.68,5,48266.92,8000.0,0.5054,8413.85,0.0,3,85974.72,6.49,13,0,43815.12,30.0
135863.55,9157.3,4494.48,0.1362,0.1361,25585.6,3,78549.71,6000.0,0.4339,4384.43,0.0,9,117862.88,5.02,23,0,164436.34,30.0
68056.52,4507.66,8352.27,0.2952,0.2439,34224.48,4,11378.79,8000.0,0.517,7458.69,115338.28,17,43721.14,5.06,19,1,-46559.64,7.2
243008.2,6670.26,4394.5,0.1019,0.0753,12179.6,2,30897.33,0.0,0.4293,5758.84,0.0,6,154056.01,5.3,28,0,248937.46,30.0
59854.9,3437.79,5109.2,0.2668,0.2522,38462.66,7,49666.68,40000.0,0.511,3974.82,50142.4,1,56600.26,4.93,27,1,18819.5,1.0
131840.61,6795.72,5805.92,0.2975,0.2217,19602.67,5,24375.24,0.0,0.6099,5415.61,0.0,11,95952.68,8.21,9,0,117390.82,30.0
317121.73,5576.18,6104.86,0.1472,0.0693,25802.38,3,27330.44,0.0,0.3084,7637.74,15860.53,19,263965.97,6.51,12,0,271455.92,30.0
47897.47,2077.54,2794.27,0.3094,0.359,14983.62,3,20217.55,0.0,0.2142,6685.95,21501.83,7,44455.73,2.49,3,0,32986.17,30.0
179716.12,6893.7,3206.48,0.3714,0.2796,20170.41,5,21392.55,8000.0,0.4647,14729.9,0.0,15,163312.5,7.62,19,0,199224.53,30.0
13132.07,1444.19,2190.48,0.3713,0.2654,8563.58,1,15621.32,5000.0,0.29,6164.85,22388.8,21,11908.22,2.0,19,1,-13723.21,1.4
59905.23,2780.27,3120.94,0.4519,0.2168,11438.99,1,12116.01,0.0,0.4966,2571.64,10220.25,11,30216.34,2.88,7,0,43235.65,30.0
290823.02,8849.13,6322.62,0.1209,0.1441,24261.17,3,63234.56,0.0,0.2567,3009.29,0.0,13,258215.47,4.7,9,0,301261.78,30.0
54832.87,1338.62,2471.32,0.2831,0.1589,21339.18,4,24426.09,5000.0,0.416,2071.35,33981.02,24,47733.24,2.97,25,1,7272.24,19.7
33320.33,2842.6,2899.73,0.2749,0.2747,10621.65,1,21053.07,0.0,0.5416,7972.67,1713.94,4,19395.34,2.86,23,0,28604.11,30.0
53135.42,2837.66,2751.73,0.3026,0.2654,22526.37,3,11338.66,0.0,0.4458,2019.81,0.0,10,45739.1,3.83,9,0,30140.23,30.0
7851.2,2328.55,1473.95,0.5097,0.3195,13928.05,3,22112.44,5000.0,0.2899,5018.19,0.0,18,6459.94,3.54,16,1,7114.08,1.0
42670.94,1875.14,2243.43,0.4283,0.1947,14628.65,1,3591.03,5000.0,0.4982,7044.65,11048.69,8,33566.07,3.91,12,0,21158.39,30.0
126641.55,7567.34,6941.72,0.1524,0.1494,20742.58,3,85194.7,6000.0,0.2673,4443.11,0.0,23,66318.22,6.2,13,0,117249.54,30.0
79679.21,4010.55,5972.52,0.3887,0.1808,53087.61,3,29694.23,40000.0,0.6151,8353.59,58859.07,7,73793.18,7.2,13,1,-456.75,5.2
63178.58,3176.56,3215.21,0.4035,0.2855,5328.47,4,24512.14,0.0,0.3151,2415.21,1159.63,16,49825.08,2.6,6,0,57374.15,30.0
147025.42,11412.34,7269.32,0.1288,0.0505,26715.44,3,55885.3,6000.0,0.4612,4867.73,0.0,11,81983.98,6.82,3,0,159958.99,30.0
5031.67,2938.84,3082.91,0.2765,0.1506,19478.21,4,21874.59,14000.0,0.3722,4594.3,4321.96,20,3660.63,2.6,18,1,-27057.93,1.0
146812.28,5503.57,5483.03,0.186,0.124,51428.37,4,35689.55,40000.0,0.5741,13569.04,0.0,14,124631.85,9.92,2,0,74533.52,30.0
109280.43,3905.94,6897.11,0.385,0.1725,48528.54,6,22658.73,8000.0,0.4541,9541.66,89734.96,6,61887.64,8.37,7,0,43154.15,30.0
158705.09,5396.08,3143.38,0.1132,0.1048,23053.49,2,34390.2,0.0,0.477,5029.95,0.0,9,103581.31,7.93,8,0,159612.97,30.0
319239.77,10631.72,3365.38,0.1963,0.1429,17576.92,3,60877.51,6000.0,0.3589,8816.37,0.0,20,283661.75,5.38,22,0,425762.72,30.0
63837.64,2902.64,2635.03,0.2858,0.1716,19365.45,4,24746.2,0.0,0.4351,3011.32,0.0,23,53739.99,4.42,29,0,47337.18,30.0
301920.75,5434.85,5291.11,0.1884,0.1444,9764.52,3,86345.85,0.0,0.3451,9257.04,0.0,23,153447.7,6.66,26,0,305358.6,30.0
203548.9,5062.71,3541.65,0.0983,0.1186,25895.74,2,30393.19,0.0,0.3249,3276.91,0.0,21,115560.52,3.68,29,0,200307.06,30.0
339483.81,10813.41,6326.42,0.1665,0.097,8041.07,5,36866.53,6000.0,0.3825,8344.53,0.0,23,210756.1,4.65,25,0,396267.73,30.0
73638.11,3228.55,4302.19,0.342,0.1446,48301.38,5,25117.13,8000.0,0.5767,4200.97,32209.41,15,66626.77,4.87,4,1,5149.87,11.6
35777.34,4663.12,8021.78,0.3569,0.2586,20696.25,6,31499.73,40000.0,0.676,12294.62,100759.79,14,28470.18,9.54,29,1,-52190.4,3.1
158332.23,6406.46,6445.5,0.1638,0.2388,32946.65,3,47463.53,0.0,0.5454,11321.87,1171.08,6,126510.57,4.62,10,0,136972.72,30.0
219960.85,11914.31,6609.6,0.0945,0.1296,10457.69,2,35781.82,0.0,0.2903,7323.29,0.0,26,118838.1,7.06,30,0,299008.93,30.0
142570.41,5107.51,7772.16,0.1271,0.1123,32999.97,2,35232.12,6000.0,0.3882,4131.82,79939.56,22,102250.76,4.87,2,0,39453.45,30.0
89676.74,5459.01,7426.09,0.1298,0.0583,8786.61,2,87054.48,6000.0,0.2848,10824.48,59012.29,22,68283.95,3.16,23,0,44933.29,30.0
36988.15,1758.54,2094.93,0.4106,0.2847,8133.94,3,6040.32,5000.0,0.3383,2306.76,10091.73,2,22314.16,3.11,30,0,26861.85,30.0
48675.81,3751.28,7089.01,0.1605,0.1224,19645.87,5,11537.39,40000.0,0.4252,3242.29,100131.89,17,29001.15,9.17,6,1,-55490.44,5.2
37284.64,6743.04,7238.79,0.1772,0.1707,59712.54,6,46470.52,0.0,0.6599,5837.3,14872.52,7,20919.43,6.45,30,1,-15893.6,1.4
47556.64,2139.57,2732.15,0.4414,0.3817,16372.84,1,18871.28,28500.0,0.4881,5213.34,17777.6,12,25906.67,4.21,10,1,12151.84,16.9
6709.58,2309.2,2425.7,0.3072,0.2672,9935.67,1,17412.82,14000.0,0.4392,2317.51,3494.97,19,3716.35,4.46,13,1,-14886.95,1.3
126043.93,3550.78,4171.52,0.4323,0.2683,39617.05,3,19262.82,8000.0,0.6266,6955.08,18622.05,8,76916.46,9.67,12,0,79290.51,30.0
34976.68,1516.72,3498.7,0.2566,0.3404,17219.49,1,12221.0,0.0,0.3195,5802.91,59459.24,12,17962.74,3.3,11,1,-4589.76,5.5
136240.03,6222.4,2984.16,0.098,0.0508,15779.72,2,63024.4,6000.0,0.3975,11038.91,0.0,10,120399.14,7.62,21,0,163059.45,30.0
17541.06,3025.04,3015.54,0.2317,0.3667,24153.34,4,14379.9,0.0,0.3221,3737.08,0.0,14,8803.38,2.36,7,1,-8995.5,1.3
318225.11,8387.24,7118.23,0.1644,0.1,20861.5,2,32510.66,0.0,0.341,4662.25,0.0,16,246941.93,5.46,15,0,303782.12,30.0
318981.43,9792.67,6820.39,0.13,0.0798,23899.12,3,77215.87,6000.0,0.3422,2814.22,0.0,13,296903.94,3.69,11,0,336146.26,30.0
10423.46,2467.0,2787.6,0.2676,0.3681,16079.07,1,18873.35,28500.0,0.4458,3754.58,9617.98,20,8756.81,2.55,10,1,-29025.49,1.5
32799.12,6230.61,8163.56,0.1972,0.1136,18147.37,3,49891.19,20000.0,0.4428,13197.53,57988.28,7,18938.14,8.53,11,1,2780.6,2.4
25304.98,2457.96,3480.46,0.3381,0.2734,22612.5,1,17508.51,28500.0,0.4444,4067.41,30675.22,8,20650.67,3.37,25,1,-16240.34,3.1
66438.53,3447.53,5696.47,0.3047,0.2655,61951.51,7,46354.78,0.0,0.3988,11174.76,67468.22,11,46094.8,7.9,30,1,-9162.07,4.6
277124.79,11302.34,7599.71,0.1701,0.0743,26928.52,2,33136.32,0.0,0.4991,5250.91,0.0,11,169026.75,5.7,13,0,279761.13,30.0
57318.44,1471.76,3331.86,0.4102,0.3053,27642.41,2,15119.55,0.0,0.49,5320.81,55802.84,4,44136.67,2.18,14,0,27645.88,30.0
170051.79,5234.52,7903.73,0.3062,0.2116,45885.05,3,47019.91,0.0,0.4784,7802.03,80076.15,3,118114.59,8.8,24,0,131719.24,30.0
118821.04,6658.94,5290.07,0.353,0.267,44745.3,4,45150.97,40000.0,0.6453,6050.94,0.0,2,82882.93,9.19,14,0,72351.26,30.0
346549.94,8217.73,3575.96,0.1353,0.1354,12765.69,2,60773.55,0.0,0.459,5359.7,0.0,23,212406.86,6.97,16,0,427204.27,30.0
81769.52,4446.49,4163.62,0.3008,0.2159,52011.89,7,27772.22,40000.0,0.5534,13279.32,0.0,13,55055.73,4.86,27,1,13216.3,15.0
175545.82,6969.06,8381.6,0.2596,0.1969,20838.09,6,27966.55,0.0,0.4804,14571.67,42376.31,10,147713.49,9.2,18,0,137780.35,30.0
46701.7,1370.92,2431.39,0.5137,0.2992,5541.45,4,16624.52,5000.0,0.2696,7559.69,31814.07,22,41303.93,4.11,17,0,16828.69,30.0
10672.04,2113.77,2218.8,0.2191,0.1915,9502.92,3,20511.08,0.0,0.3537,7718.04,3150.91,3,7551.63,1.62,17,1,8343.09,1.0
30989.51,1517.71,2078.23,0.2393,0.2567,24573.62,1,10122.45,28500.0,0.4252,6461.95,16815.59,11,17074.24,3.87,4,1,-13628.59,4.5
107160.1,4493.96,5052.67,0.2129,0.2771,64917.34,5,12901.16,0.0,0.495,12028.36,16761.45,3,59268.03,8.56,9,0,43475.34,30.0
49790.66,2039.03,2004.28,0.4329,0.3583,6623.02,4,5896.26,28500.0,0.4005,8029.71,0.0,8,40970.92,3.22,3,0,28623.31,30.0
9856.75,2048.85,1520.84,0.444,0.3898,19431.87,1,7097.03,28500.0,0.4306,3565.43,0.0,23,8901.37,3.0,26,1,-18159.55,1.4
53240.04,1323.58,1634.13,0.3139,0.2579,26816.17,2,10353.17,5000.0,0.3239,2739.22,9316.49,16,30391.92,2.96,18,0,19457.38,30.0
71932.64,4711.94,8257.78,0.3911,0.1248,17127.37,7,43575.44,40000.0,0.5409,14171.82,106375.46,1,58554.83,4.28,6,0,47648.27,30.0
107906.85,4754.99,3436.95,0.4097,0.2731,55858.4,5,17539.58,0.0,0.5579,6214.61,0.0,13,56007.33,5.13,11,0,63889.93,30.0
321098.76,9210.38,7817.17,0.1676,0.1028,18915.86,3,37764.99,0.0,0.2836,6287.86,0.0,22,246195.39,3.87,14,0,306821.52,30.0
130767.21,3624.09,4698.37,0.2238,0.2152,23880.67,7,27390.51,0.0,0.3765,9219.08,32228.31,15,88093.49,8.47,27,0,90351.57,30.0
348373.49,10017.64,3679.92,0.1635,0.1116,19525.14,4,77180.3,6000.0,0.3025,4409.62,0.0,13,288791.34,3.9,5,0,414304.49,30.0
152430.75,4165.27,4596.51,0.4414,0.29,23458.09,6,29046.04,20000.0,0.6582,5572.43,12937.11,6,141714.31,9.44,30,0,124326.06,30.0
163042.87,5306.56,6067.12,0.2221,0.2206,48881.02,5,37088.43,0.0,0.4834,10761.38,22816.89,4,127521.64,8.59,8,0,121323.19,30.0
117900.83,5135.4,2717.63,0.0838,0.1342,13148.65,2,52132.27,0.0,0.4319,4022.98,0.0,21,107365.49,3.38,17,0,154318.07,30.0
35177.15,1267.33,3438.61,0.2782,0.3244,16295.05,3,3924.51,5000.0,0.4722,7705.37,65138.64,6,20097.41,1.8,26,1,3958.25,3.7
32664.43,1670.49,3490.49,0.3265,0.2931,12680.88,2,23580.98,0.0,0.5319,4452.91,54599.85,20,21222.19,4.07,25,1,-13178.2,7.2
127221.67,6382.17,8178.21,0.3907,0.2869,51490.52,6,9301.73,8000.0,0.6372,3557.21,53881.3,5,87396.08,10.0,29,0,60429.86,30.0
16664.25,1297.84,3039.84,0.2258,0.3862,23933.08,4,10029.29,14000.0,0.3039,7456.83,52260.14,10,15404.82,2.02,15,1,-29986.84,1.2
9243.01,1217.28,1873.45,0.225,0.2398,19923.28,2,2208.19,5000.0,0.354,5099.43,19685.14,19,5113.77,2.95,23,1,-29598.36,1.3
202690.05,8098.07,6048.57,0.0853,0.0579,39167.92,4,20052.88,0.0,0.3317,6168.23,0.0,12,124022.85,4.86,25,0,176571.29,30.0
107767.73,3292.18,3590.47,0.1596,0.1514,32106.78,4,11039.92,0.0,0.6725,7678.11,8948.85,3,97455.11,9.32,4,0,77015.95,30.0
74104.84,3314.71,6739.46,0.2341,0.2688,53587.12,3,40617.29,40000.0,0.5618,13306.54,102742.68,16,56899.56,4.12,3,1,-49351.64,7.6
36067.98,4806.59,4633.79,0.4092,0.1716,33163.28,4,23328.09,20000.0,0.4173,9356.05,0.0,1,19043.54,8.32,12,1,1144.57,1.7
39449.16,3173.74,1777.32,0.3049,0.3122,12544.74,1,21196.38,5000.0,0.4453,6796.09,0.0,6,21576.83,2.08,17,0,37903.92,30.0
161028.88,5618.52,4541.61,0.3046,0.1455,47560.4,5,23142.35,20000.0,0.4125,14460.25,0.0,16,140224.81,4.37,20,0,111458.91,30.0
62770.41,1749.56,3108.99,0.2568,0.3811,19142.01,1,10946.91,14000.0,0.3497,6514.9,40782.9,17,45799.53,2.79,22,1,11629.54,19.3
93000.2,6980.79,7893.27,0.366,0.2708,62769.94,6,35386.5,8000.0,0.6729,9927.95,27374.43,7,77343.81,4.69,23,1,24560.03,6.2
159049.33,4346.07,4195.63,0.1638,0.2969,29581.97,5,29526.63,0.0,0.4757,5646.22,0.0,2,98690.19,4.45,4,0,139862.63,30.0
19243.75,1468.45,2402.87,0.4107,0.3933,14507.39,3,13138.06,14000.0,0.2888,1697.51,28032.68,19,10472.05,2.06,25,1,-20490.87,2.2
49778.28,1284.69,1562.28,0.3975,0.2801,22288.01,2,12510.38,0.0,0.3659,5369.32,8327.79,7,30250.27,3.79,15,0,28544.19,30.0
176113.76,9629.52,4997.71,0.1225,0.1114,17788.06,5,34518.77,0.0,0.384,4324.32,0.0,21,129829.3,5.6,14,0,229373.58,30.0
225586.28,8891.21,4150.39,0.1551,0.1258,33693.93,5,45596.58,6000.0,0.2758,6801.25,0.0,16,142119.91,3.78,22,0,255013.85,30.0
140111.92,4784.56,8186.1,0.1592,0.152,27352.06,3,8819.0,20000.0,0.3967,9495.49,102045.99,5,116495.42,7.79,22,0,84603.27,30.0
336105.29,4908.98,2840.65,0.1916,0.129,16821.22,2,22562.93,0.0,0.4436,9426.22,0.0,11,305303.45,3.21,14,0,340031.15,30.0
137572.54,10420.95,7763.49,0.112,0.1351,13243.98,2,41198.51,6000.0,0.3966,5949.95,0.0,9,94642.78,6.74,27,0,142892.46,30.0
275726.49,10167.0,3239.68,0.1494,0.0889,30738.73,4,32733.47,0.0,0.4335,3570.86,0.0,17,148023.32,4.42,15,0,341121.48,30.0
57164.56,3021.1,2323.63,0.4173,0.2801,7401.32,2,10046.69,0.0,0.2979,4085.96,0.0,17,52011.41,3.33,5,0,55570.03,30.0
315271.77,7264.84,7853.65,0.1651,0.087,15502.21,3,31104.77,0.0,0.3605,8871.31,17664.46,10,179301.6,6.59,5,0,292037.33,30.0
137049.71,10825.47,4129.45,0.1921,0.0719,34312.22,2,81798.3,0.0,0.2674,11365.31,0.0,26,73051.58,6.37,27,0,252791.93,30.0
176384.34,3597.89,4944.5,0.3261,0.1343,46493.55,3,47421.47,40000.0,0.5987,7843.92,40398.36,1,121289.37,5.43,21,0,126255.82,30.0
88257.51,4261.06,7189.56,0.1537,0.1587,16044.42,6,42837.38,0.0,0.3996,4545.23,87855.13,17,48615.64,6.03,27,0,25014.83,30.0
5896.04,1454.61,3023.55,0.3632,0.2613,14036.69,4,21366.76,0.0,0.2069,6832.08,47068.23,22,5128.66,3.04,25,1,-41232.72,1.1
38461.29,2219.05,1526.64,0.3072,0.253,9150.81,2,7269.34,5000.0,0.2563,1565.71,0.0,20,26209.57,1.94,18,0,34843.11,30.0
14855.68,2397.62,3420.79,0.3798,0.3932,19834.69,1,4706.9,28500.0,0.2668,7863.77,30695.14,8,9711.84,4.45,19,1,-28976.85,1.0
238679.26,7551.3,2792.29,0.0952,0.0642,19076.09,3,84624.58,0.0,0.3192,4570.32,0.0,20,126686.06,5.72,9,0,318256.34,30.0
13386.65,1646.23,1943.81,0.3442,0.3058,21879.31,2,10009.53,5000.0,0.3236,4873.97,8927.61,24,11739.01,2.36,17,1,-21747.07,1.0
249017.82,11911.89,4151.38,0.104,0.0798,22414.77,3,75350.03,0.0,0.4531,3515.29,0.0,19,198862.89,3.26,30,0,358725.52,30.0
32180.85,2078.54,2252.23,0.3184,0.192,7489.94,4,6434.54,0.0,0.3282,8769.22,5210.88,9,23993.13,2.7,6,0,21857.12,30.0
135835.94,11465.27,4472.66,0.125,0.1053,37942.74,2,92083.21,0.0,0.3368,6499.82,0.0,23,119136.92,7.56,26,0,243072.84,30.0
9391.83,2162.51,2610.5,0.4162,0.2088,16417.45,1,2600.93,28500.0,0.5406,7027.64,13439.87,6,8760.54,3.95,20,1,-25776.61,1.5
257524.7,5715.52,2752.81,0.1239,0.1287,28656.6,5,86537.28,0.0,0.4046,7271.27,0.0,5,189828.63,7.96,16,0,273576.63,30.0
108402.01,3262.71,5069.5,0.1643,0.234,61319.8,6,50198.27,20000.0,0.468,11860.35,54203.88,4,66042.39,5.29,15,0,46894.53,30.0
57944.83,3422.64,6552.65,0.3374,0.1313,51995.31,6,21474.26,8000.0,0.4733,3795.37,93900.34,7,44634.28,4.57,14,1,-16721.64,3.0
191947.72,8991.3,3891.71,0.1216,0.0549,31928.17,4,72790.24,0.0,0.3708,5448.46,0.0,14,120065.88,4.42,3,0,235888.07,30.0
115745.79,8646.41,4788.15,0.1485,0.1148,8837.2,3,72726.39,0.0,0.3199,11192.42,0.0,21,107760.48,7.09,19,0,180605.65,30.0
78681.24,5948.43,7682.93,0.4113,0.1041,53298.73,3,19261.85,0.0,0.6364,13238.43,52035.02,7,67776.85,6.28,3,1,13216.46,5.7
232124.3,6152.44,4414.02,0.0997,0.0507,10415.33,2,93933.52,0.0,0.2701,9596.26,0.0,20,144757.11,3.15,4,0,269432.86,30.0
95372.42,5295.53,8438.5,0.2488,0.1433,55298.6,7,11586.79,40000.0,0.507,9291.85,94289.21,9,88600.77,8.64,26,1,-12211.99,8.1
40162.31,1833.2,3383.66,0.2464,0.308,24533.92,4,17256.98,14000.0,0.4558,6738.68,46513.94,19,24710.57,1.82,5,1,-20526.97,8.5
130798.83,7357.58,7967.55,0.32,0.2587,39905.49,3,21943.52,20000.0,0.4773,10028.55,18298.96,10,116630.91,4.39,28,0,68894.13,30.0
27888.55,2975.74,1433.67,0.5318,0.3747,16160.35,3,6876.06,14000.0,0.3462,6397.69,0.0,10,15126.86,1.9,28,0,16618.45,30.0
30479.89,5087.8,4233.1,0.1794,0.2067,64806.55,6,41063.87,8000.0,0.6105,14216.99,0.0,2,17764.58,6.47,1,1,-22958.18,1.0
61974.2,4696.46,5697.28,0.2,0.1139,38582.75,4,49868.86,8000.0,0.461,9538.71,30024.38,2,43498.13,4.54,8,0,35980.95,30.0
54262.23,1663.89,2499.82,0.5236,0.1903,10438.04,4,5152.71,14000.0,0.2016,3489.18,25077.88,20,41897.67,3.81,14,0,15573.38,30.0
64191.34,1632.83,1803.52,0.4059,0.2199,13338.76,1,9757.48,14000.0,0.3192,8407.68,5120.89,3,39836.23,2.24,30,0,46142.75,30.0
53200.19,2278.23,2388.89,0.5244,0.3825,13918.37,1,5513.38,0.0,0.4646,5385.05,3319.95,20,43580.58,2.15,5,0,29360.29,30.0
107467.12,11322.76,3182.04,0.0907,0.0846,29666.18,5,31187.4,0.0,0.4987,8338.03,0.0,27,72164.0,7.79,12,0,249319.24,30.0
62454.63,6705.95,5230.76,0.2949,0.2465,53404.08,3,25073.07,40000.0,0.4082,6148.12,0.0,15,32024.49,8.5,8,1,1429.4,17.6
48326.1,5823.98,8321.61,0.416,0.2381,32310.34,4,30960.35,20000.0,0.5293,6832.0,74928.78,4,25575.54,6.27,12,1,3079.78,2.5
175353.84,11383.3,5100.88,0.1819,0.0797,33701.87,2,41645.18,0.0,0.3629,8336.66,0.0,10,93846.23,4.31,8,0,198633.16,30.0
164017.22,7052.14,5185.76,0.2603,0.2671,36235.66,3,13944.88,40000.0,0.4993,13286.42,0.0,1,100419.23,9.16,24,0,113579.03,30.0
28317.33,2311.75,3241.46,0.4871,0.3638,14012.57,2,5345.36,0.0,0.4017,5696.62,27891.35,23,18795.67,4.14,17,1,-15441.66,8.8
42889.91,1546.28,2382.59,0.5077,0.3474,5297.71,1,19848.31,0.0,0.3996,7565.32,25089.23,3,39982.87,3.19,4,0,42067.45,30.0
323998.63,9445.99,4530.56,0.164,0.096,25499.13,3,69929.47,0.0,0.2772,9959.78,0.0,22,245143.45,5.73,27,0,392417.56,30.0
61661.82,2874.09,2841.01,0.5496,0.2108,10666.21,3,12193.94,0.0,0.5217,3784.3,0.0,5,45286.37,2.54,11,0,52826.21,30.0
107967.71,4787.99,6913.16,0.3814,0.1921,58521.97,6,21104.61,0.0,0.499,11464.36,63755.23,9,74131.95,4.77,27,0,30185.36,30.0
96957.23,6545.26,4130.17,0.1676,0.1997,48572.63,6,42406.57,20000.0,0.4516,9767.09,0.0,17,57157.63,6.97,13,0,74308.63,30.0
141002.52,10555.48,5856.94,0.0898,0.1389,30618.16,2,65205.3,6000.0,0.4692,7719.91,0.0,24,78727.82,5.36,20,0,195797.74,30.0
45094.81,2493.65,2541.58,0.2842,0.2176,21870.56,3,13592.43,14000.0,0.3695,4458.72,1437.79,2,39409.25,3.05,4,0,20791.18,30.0
162497.0,3218.5,6801.68,0.1766,0.2498,16490.87,6,14693.34,20000.0,0.57,3191.9,107495.42,9,89695.76,7.44,12,0,103995.15,30.0
20370.08,1201.72,2006.74,0.4164,0.3004,17218.63,2,10901.83,0.0,0.5393,2397.23,24150.63,7,14571.27,2.41,2,1,344.88,1.8
289881.9,9173.19,5236.44,0.185,0.124,17423.09,3,87376.48,0.0,0.2903,8825.5,0.0,13,257956.15,5.05,2,0,335130.34,30.0
46484.0,2151.99,3041.37,0.2577,0.2098,21095.92,3,9976.27,14000.0,0.2849,5613.49,26681.41,12,35937.51,3.71,3,1,6416.75,12.2
20392.23,1974.98,1831.15,0.4114,0.2895,13436.25,4,7088.95,0.0,0.3423,3707.85,0.0,7,16146.08,1.72,11,1,7826.69,3.2
47727.93,1362.96,2862.66,0.361,0.2923,26247.65,1,7463.79,0.0,0.2644,4751.73,44990.94,15,25796.13,3.3,24,1,-2162.66,9.9
212870.04,10444.56,6651.98,0.1505,0.1,15648.88,3,93897.09,0.0,0.4828,7692.7,0.0,15,131353.69,3.57,28,0,260055.85,30.0
92728.94,7181.49,3254.92,0.2602,0.2705,36312.16,4,43054.46,20000.0,0.6687,6735.9,0.0,13,67757.28,9.21,21,0,96176.85,30.0
123354.41,6347.5,4160.48,0.3592,0.2775,22311.8,5,19240.31,8000.0,0.5356,8832.36,0.0,2,101800.92,7.0,11,0,106229.31,30.0
268545.19,7164.83,5800.38,0.1866,0.077,31751.83,3,69294.33,0.0,0.2796,3307.64,0.0,6,210884.91,5.59,1,0,263616.15,30.0
25665.46,2816.38,3105.24,0.2884,0.1638,26828.75,1,2294.74,0.0,0.4687,4574.0,8665.85,10,20876.58,3.85,23,1,-8558.32,3.2
134654.8,4454.55,3752.26,0.3691,0.2589,61236.62,3,26284.57,40000.0,0.4367,4641.07,0.0,2,80278.82,8.04,10,0,63078.2,30.0
116222.81,6410.49,5997.68,0.2535,0.2823,49748.27,4,18375.93,0.0,0.3773,12705.38,0.0,9,76400.27,9.91,2,0,65599.69,30.0
121169.57,7416.75,4088.51,0.4002,0.1068,36516.5,7,8129.56,0.0,0.3757,10776.62,0.0,1,69897.18,5.17,5,0,89581.94,30.0
168235.7,6772.95,5306.73,0.1133,0.0773,31723.86,3,31576.19,0.0,0.4916,4611.48,0.0,16,121335.45,7.95,6,0,151419.66,30.0
120051.26,4380.41,4933.87,0.412,0.2088,24264.95,7,36474.26,40000.0,0.4453,9518.65,16603.78,14,71251.72,4.99,28,0,69947.7,30.0
54218.21,4645.66,3558.1,0.3957,0.2076,63706.88,5,36509.28,20000.0,0.6899,14307.92,0.0,7,34642.47,9.37,12,1,-3751.84,3.6
219066.91,6971.85,7660.53,0.1238,0.1415,22897.33,5,68081.88,0.0,0.4639,7287.11,20660.42,9,109850.69,6.66,2,0,204839.47,30.0
53225.86,2010.56,2468.71,0.2097,0.2503,20014.24,4,12591.37,5000.0,0.2586,3571.07,13744.56,19,37683.85,2.58,20,0,20110.21,30.0
80550.33,9103.56,7263.72,0.0849,0.0996,37669.45,4,62554.83,6000.0,0.3973,3909.06,0.0,17,67341.85,4.47,14,0,65164.58,30.0
81487.38,5756.34,4530.69,0.2376,0.1621,24324.08,7,37391.13,0.0,0.6776,13004.07,0.0,3,49579.11,5.97,26,0,71479.5,30.0
66056.44,3643.82,6503.78,0.2308,0.2429,37180.37,7,11136.72,40000.0,0.5301,11339.45,85798.89,4,59369.42,8.11,28,1,-967.19,3.0
6059.25,1394.19,2178.2,0.5338,0.1887,21348.17,4,6219.95,5000.0,0.2952,8956.0,23520.32,12,4377.1,4.07,30,1,-28383.74,1.4
113647.78,6974.37,5751.64,0.1684,0.0766,14560.29,3,72225.03,0.0,0.487,9061.11,0.0,15,93222.17,3.1,21,0,125861.25,30.0
116138.88,4463.01,8081.56,0.3038,0.2256,50275.94,6,41321.21,20000.0,0.4954,12369.78,108556.38,4,85841.5,7.56,27,0,54109.29,30.0
33619.49,3129.12,3060.65,0.3051,0.386,13427.87,4,4223.88,5000.0,0.4726,4233.35,0.0,14,27439.8,3.98,6,1,12208.89,20.2
327860.73,4503.73,5952.7,0.0808,0.1287,23346.23,4,41697.79,0.0,0.2874,10946.21,43469.06,6,194435.28,7.69,27,0,306843.33,30.0
19368.08,2232.0,2969.91,0.4777,0.1674,24720.15,4,11020.92,0.0,0.2953,7276.68,22137.28,20,16339.54,3.25,29,1,-24759.15,2.3
270557.69,6949.76,4039.58,0.137,0.0855,8279.01,3,80472.59,0.0,0.4753,3234.95,0.0,14,168860.75,5.33,29,0,315706.39,30.0
100747.41,3587.34,5751.29,0.2629,0.278,57170.17,7,24109.13,0.0,0.6201,11414.97,64918.43,12,92448.23,7.67,21,1,18847.88,10.6
56212.8,6727.5,7546.74,0.1621,0.2419,48262.23,7,36120.85,8000.0,0.4037,10324.32,24577.07,2,29718.87,6.12,15,1,14255.85,1.4
51697.52,2035.04,3154.97,0.4402,0.2223,7791.84,2,13740.57,0.0,0.2678,8360.57,33597.83,20,48466.7,2.04,12,0,18966.81,30.0
143981.81,4026.37,5294.08,0.3077,0.1241,51215.72,5,35921.79,8000.0,0.6481,14898.45,38031.37,15,96151.19,7.93,1,0,71849.21,30.0
137222.6,9603.36,5067.1,0.1594,0.088,30296.85,3,65874.3,0.0,0.3236,6859.9,0.0,6,86811.79,7.34,16,0,148990.62,30.0
33484.44,2586.09,1416.3,0.2389,0.3905,5403.99,2,9613.28,14000.0,0.5248,4634.37,0.0,2,29088.63,4.07,1,0,25598.41,30.0
121627.28,5759.62,3782.07,0.2355,0.1602,19641.71,3,25823.65,8000.0,0.4823,6287.01,0.0,5,103961.1,9.55,16,0,112279.22,30.0
48338.72,3048.49,1477.33,0.2051,0.1959,26526.96,3,18112.64,14000.0,0.4397,8735.86,0.0,16,31161.57,2.09,12,0,37675.02,30.0
19193.36,2535.58,3087.9,0.4036,0.166,13796.47,2,3748.65,0.0,0.2133,3128.75,16569.63,5,12590.94,1.51,26,1,1234.36,1.3
158634.71,5904.93,3750.9,0.4043,0.2361,42524.32,3,51604.01,0.0,0.5086,11305.09,0.0,14,145271.17,6.67,13,0,149041.77,30.0
7779.37,1798.96,1459.86,0.4894,0.2011,12340.19,3,11050.43,0.0,0.5189,8143.77,0.0,10,4851.4,4.35,1,1,-734.69,1.6
138033.81,9224.78,6221.73,0.1811,0.1399,11608.63,2,60652.41,0.0,0.367,11825.76,0.0,21,110139.91,4.68,18,0,174833.29,30.0
35315.51,6807.83,8184.36,0.1579,0.2579,54627.39,3,31273.76,0.0,0.485,10027.58,41296.1,11,24215.38,6.95,1,1,-36998.82,1.3
276935.43,11511.97,2718.95,0.1835,0.1292,23948.29,4,50581.34,6000.0,0.4538,7972.63,0.0,25,212736.89,6.01,30,0,432790.0,30.0
5321.96,2003.06,3065.81,0.4879,0.2875,15352.22,2,8779.9,14000.0,0.5038,2444.36,31882.62,22,4165.98,2.39,25,1,-46347.83,1.0
15910.71,1695.85,1464.23,0.4506,0.2267,24146.21,2,15037.79,5000.0,0.4443,6401.09,0.0,19,11569.57,3.45,18,1,-7315.03,1.4
209213.04,5953.78,6704.32,0.0951,0.0918,32503.94,3,93623.69,0.0,0.4071,8918.56,22515.97,20,167124.12,7.93,14,0,175582.38,30.0
226627.44,8966.12,5461.67,0.0851,0.1181,33439.58,3,57864.11,0.0,0.3395,11356.74,0.0,9,145377.27,5.02,21,0,231851.54,30.0
115943.48,5368.8,6250.09,0.3615,0.2259,55621.65,4,16291.41,8000.0,0.4459,9644.52,26438.79,6,92641.01,5.65,18,0,50979.48,30.0
68509.54,7114.69,5520.41,0.2877,0.2935,20564.29,6,29399.51,40000.0,0.6539,12675.23,0.0,7,39559.08,7.82,25,0,40721.86,30.0
105248.93,9548.24,5971.71,0.1735,0.1247,13666.9,3,20788.01,6000.0,0.2581,5884.01,0.0,5,68404.1,5.21,14,0,105207.51,30.0
108406.43,7310.44,5096.41,0.3666,0.2672,38415.48,4,8171.41,40000.0,0.4388,12049.58,0.0,4,56700.59,9.39,21,0,55397.66,30.0
46104.64,3423.47,5341.77,0.3061,0.2648,24898.34,4,8571.18,8000.0,0.555,13831.17,57549.03,16,42038.24,6.81,17,1,-21028.97,6.4
60838.75,1488.4,2391.64,0.4384,0.2737,10592.57,4,7200.5,28500.0,0.5089,7765.06,27097.2,2,41952.66,3.71,7,0,37068.61,30.0
6359.07,2265.61,3246.24,0.4096,0.2589,11682.21,3,8708.4,28500.0,0.5087,2977.47,29418.71,2,4049.33,2.86,20,1,-19638.07,1.0
39025.81,2314.94,2194.95,0.4109,0.304,15184.01,2,12781.75,14000.0,0.3844,4892.71,0.0,2,26525.66,3.26,11,0,20648.37,30.0
123366.78,3863.11,7169.67,0.3063,0.2723,23059.23,4,14330.32,8000.0,0.6465,8934.2,99196.92,17,68012.79,4.64,20,0,32836.43,30.0
329869.39,9115.21,4638.73,0.1529,0.1128,33566.07,2,41208.39,0.0,0.4055,9334.08,0.0,5,190448.04,4.78,6,0,325518.97,30.0
61129.94,2991.4,3496.83,0.407,0.2753,20208.25,3,2781.66,0.0,0.4971,2097.49,15162.9,12,42893.95,4.17,11,0,28859.59,30.0
135099.7,2929.52,7277.3,0.2981,0.2113,40520.08,6,26193.99,40000.0,0.4543,8050.01,130433.67,3,118132.56,4.08,1,0,70793.63,30.0
64366.39,4817.39,5221.87,0.2498,0.1424,38542.2,4,54054.06,0.0,0.6157,4036.22,12134.59,9,60795.31,7.69,30,0,35348.63,30.0
93080.48,11604.96,2733.83,0.1018,0.1085,18651.66,3,79860.24,6000.0,0.2702,3617.28,0.0,6,51227.25,7.83,8,0,142607.45,30.0
257144.55,11702.06,7255.73,0.1865,0.1132,21509.32,4,31113.17,0.0,0.4583,9571.31,0.0,14,242788.43,4.38,29,0,277761.21,30.0
55594.4,7197.67,3440.76,0.291,0.254,50563.27,7,15389.66,8000.0,0.4609,9346.02,0.0,4,38074.29,6.39,2,1,16668.77,2.6
115058.82,6114.65,6189.53,0.0867,0.1174,25482.64,2,83090.72,0.0,0.3286,5578.54,2246.45,7,87657.02,7.42,25,0,113800.54,30.0
37559.18,3732.6,4270.3,0.2013,0.2317,35202.56,5,36258.61,40000.0,0.675,12155.7,16130.98,16,23199.21,8.17,13,1,-23834.02,4.6
46614.82,4654.5,7901.29,0.42,0.246,15738.32,5,18925.05,20000.0,0.541,14169.87,97403.8,15,38831.55,7.15,20,1,-33859.28,4.7
16539.47,2541.11,1641.57,0.3893,0.3602,20047.74,2,23522.06,14000.0,0.5316,4711.74,0.0,17,11625.26,3.18,21,1,5612.66,5.8
31967.44,1839.93,1661.63,0.4123,0.2969,11788.21,1,14391.36,0.0,0.3032,1735.49,0.0,6,20776.02,2.25,11,0,24630.22,30.0
69119.8,2806.97,4727.18,0.177,0.1439,48054.74,4,50208.14,40000.0,0.4666,4536.69,57606.37,10,61470.33,7.65,21,1,-3855.34,6.8
56374.49,1556.28,3316.44,0.5364,0.2052,6514.16,3,3619.1,5000.0,0.4941,4678.73,52804.96,22,51704.5,2.24,6,1,2922.61,20.0
56751.06,1842.17,3283.92,0.2603,0.2671,8563.19,4,11134.61,0.0,0.5074,1863.04,43252.52,15,45885.65,3.19,3,0,25227.46,30.0
86469.89,5903.89,8466.86,0.1637,0.2905,42577.36,5,21816.22,8000.0,0.3753,8529.18,76889.07,6,72486.43,8.63,18,0,26471.5,30.0
114666.9,11260.2,5151.68,0.1083,0.1463,12308.53,2,71748.86,0.0,0.3096,9334.44,0.0,24,96543.75,4.71,22,0,223605.07,30.0
189830.29,8098.02,6206.44,0.1023,0.1402,27966.27,5,70997.94,6000.0,0.4503,10724.17,0.0,23,132477.6,6.51,5,0,193833.75,30.0
55431.56,7254.0,4371.58,0.2104,0.1202,56844.85,4,17210.17,40000.0,0.5087,6283.37,0.0,16,36972.41,4.11,27,1,8245.83,30.0
10738.03,1511.23,3262.18,0.26,0.1779,26209.98,4,2954.63,0.0,0.508,4828.47,52528.36,21,6946.53,3.25,4,1,-57611.08,1.2
63470.21,5114.6,5411.33,0.4439,0.2835,64118.05,7,9787.27,20000.0,0.5538,5118.12,8901.9,12,38702.93,4.37,9,1,-22680.71,6.7
214470.84,10184.89,4300.23,0.1439,0.0507,20958.75,4,79093.07,0.0,0.3522,7550.9,0.0,7,125053.55,3.13,7,0,251939.18,30.0
82829.22,6991.96,7973.92,0.2173,0.2505,64744.63,3,15274.79,0.0,0.386,3358.2,29458.77,5,48481.63,9.96,7,1,12672.0,4.5
34911.86,5603.14,7986.25,0.2468,0.1627,51189.44,4,36800.2,0.0,0.4371,9066.54,71493.04,6,24788.42,8.34,6,1,-22510.89,1.0
60676.1,2942.85,2263.76,0.2635,0.1673,14724.52,1,4594.18,14000.0,0.2431,6015.17,0.0,5,40490.77,2.31,2,0,40813.23,30.0
98351.56,4986.07,3283.43,0.2448,0.101,37839.79,3,10191.89,8000.0,0.6733,6527.27,0.0,14,76504.55,4.91,11,0,69932.29,30.0
129928.47,5035.93,2876.98,0.1161,0.0963,19051.04,2,25976.98,0.0,0.4073,9287.08,0.0,21,102156.64,7.8,21,0,145896.45,30.0
13812.27,2972.16,1516.49,0.4511,0.185,9714.82,1,2501.32,0.0,0.4231,6477.42,0.0,9,12171.24,4.14,11,1,12845.36,1.8
199381.02,9723.78,6183.92,0.1422,0.1085,33546.09,4,22663.18,6000.0,0.4497,7716.13,0.0,21,137891.01,7.07,19,0,205534.54,30.0
81183.47,9915.05,4228.11,0.0828,0.1326,8308.56,3,66844.29,0.0,0.2907,4140.75,0.0,20,44593.81,7.44,9,0,174047.0,30.0
57088.71,3045.37,3529.51,0.4922,0.3718,6268.33,1,16704.41,0.0,0.4856,8685.42,14524.21,4,46700.1,2.9,29,0,52916.51,30.0
58391.61,2380.07,2122.75,0.4977,0.2123,6459.96,1,12585.19,28500.0,0.3432,3571.91,0.0,21,51404.31,3.63,17,0,38225.63,30.0
38850.81,2494.16,1722.1,0.4722,0.3998,15456.4,3,21082.96,0.0,0.2543,7259.13,0.0,17,27701.41,4.32,21,0,36872.41,30.0
165432.74,3969.41,8180.65,0.3426,0.1901,51783.3,6,54363.55,0.0,0.3686,12182.11,126337.35,4,113914.59,8.38,11,0,115034.73,30.0
163704.76,7209.1,8020.75,0.3474,0.2365,46708.9,4,12384.89,40000.0,0.3508,7364.77,24349.63,11,122922.08,5.48,12,0,77198.45,30.0
56809.78,5870.73,4947.27,0.3982,0.2979,24034.3,5,42184.76,0.0,0.6227,11915.88,0.0,8,42059.77,5.3,5,0,47494.4,30.0
85184.11,6210.36,7422.58,0.2171,0.1603,33133.41,4,23315.94,20000.0,0.4905,5828.14,36366.56,13,45174.89,7.07,8,1,19263.4,16.2
313193.13,11349.45,6731.98,0.1653,0.0744,25755.57,5,91028.77,0.0,0.3966,8964.25,0.0,9,171706.76,3.27,17,0,345426.28,30.0
41317.19,2682.39,3090.14,0.5447,0.2586,27760.83,3,24602.11,5000.0,0.2114,7910.17,12232.37,23,33699.16,4.39,13,1,-1455.1,16.5
131895.82,5932.86,4355.31,0.3023,0.1416,31183.37,7,43895.6,40000.0,0.6647,6878.97,0.0,15,76603.7,8.67,7,0,104503.02,30.0
47044.01,5281.12,7549.79,0.3767,0.1101,36764.99,4,24483.66,0.0,0.5223,13226.7,68059.95,2,40268.59,5.04,3,1,12993.61,1.7
25874.47,1275.66,3474.71,0.2685,0.1898,14948.39,1,11149.63,0.0,0.3933,1855.62,65971.55,12,17414.94,2.17,14,1,-14058.87,3.7
133721.11,5500.23,3488.73,0.3183,0.2296,31655.47,5,42485.23,20000.0,0.5746,11740.13,0.0,15,86757.71,8.68,4,0,122725.7,30.0
194417.83,11916.0,3479.42,0.1221,0.0517,30689.53,2,32484.53,0.0,0.2626,5543.17,0.0,12,162556.3,7.46,19,0,249189.37,30.0
8829.85,1310.14,1930.87,0.2131,0.3626,11233.11,1,4658.67,5000.0,0.3715,7581.75,18622.03,2,6311.2,2.83,26,1,-5459.55,1.0
347558.66,8914.84,6633.53,0.1247,0.1361,34540.08,2,41760.12,0.0,0.3551,11351.23,0.0,21,257927.07,5.41,3,0,340409.17,30.0
68748.45,6789.65,7270.3,0.1961,0.2745,61791.41,5,13770.0,40000.0,0.686,9452.81,14419.44,8,65064.57,9.82,26,1,-22107.85,5.6
50302.01,6535.0,3658.22,0.2945,0.1853,57189.49,3,35354.98,20000.0,0.6322,8130.81,0.0,12,41220.54,4.44,25,1,15710.78,13.3
140932.13,6924.72,5982.57,0.1328,0.1059,32406.18,3,59271.3,6000.0,0.2861,8724.08,0.0,25,94409.44,6.52,10,0,118122.63,30.0
293639.45,11743.15,3720.78,0.1447,0.0518,22163.65,5,90263.64,0.0,0.4913,3751.27,0.0,17,168543.4,6.83,4,0,404279.25,30.0
92418.94,4326.87,6299.24,0.367,0.1814,15989.51,7,37927.94,8000.0,0.4308,10020.05,59170.97,15,72857.89,9.04,23,0,44992.15,30.0
86165.56,2981.15,7112.35,0.3649,0.206,54023.33,3,38669.23,8000.0,0.4957,9459.8,123935.94,15,79049.06,7.66,14,1,-27577.47,8.3
153342.97,7449.9,6901.65,0.3572,0.2227,30187.4,5,35588.02,40000.0,0.364,10020.68,0.0,1,96025.53,5.07,9,0,116449.3,30.0
191860.76,5023.8,3949.46,0.1868,0.1058,9206.64,5,86690.64,0.0,0.4785,10344.38,0.0,22,165491.74,4.66,21,0,218461.75,30.0
142179.34,5238.43,6199.76,0.3242,0.2297,52493.57,3,50790.8,20000.0,0.3713,10397.98,28839.84,4,127138.21,7.85,2,0,91777.29,30.0
37590.39,4980.89,8170.22,0.2322,0.11,50793.57,4,37214.69,20000.0,0.554,7261.2,95679.99,7,35596.78,7.75,2,1,-37210.8,1.0
188598.46,11665.26,5185.66,0.1834,0.0535,24399.76,4,32994.65,0.0,0.3585,9002.62,0.0,9,173844.81,4.67,6,0,214303.19,30.0
71956.4,6385.2,7238.2,0.2301,0.1769,33628.81,3,10077.37,8000.0,0.3993,3956.01,25590.0,6,40221.99,4.45,4,1,24818.09,6.6
35746.83,2392.13,2320.01,0.3378,0.3251,21532.28,4,14367.33,5000.0,0.5324,8083.67,0.0,2,27332.44,3.58,14,0,16998.05,30.0
49189.66,2859.63,1549.98,0.313,0.348,14989.06,4,6817.61,14000.0,0.3726,6711.68,0.0,23,42554.33,2.66,30,0,47264.61,30.0
157326.39,5290.65,6612.62,0.1364,0.1425,23959.84,3,70868.74,0.0,0.3384,10415.09,39659.21,20,145354.64,7.95,15,0,114175.09,30.0
70345.81,3561.73,6152.6,0.1945,0.1344,48187.47,7,42644.76,0.0,0.4749,5240.96,77726.11,16,64608.51,7.13,1,1,-13358.01,7.9
104842.05,8524.54,3437.15,0.1327,0.1427,14782.22,5,47619.57,0.0,0.4486,9820.82,0.0,21,69530.35,6.61,3,0,180689.35,30.0
61079.48,2474.48,3469.17,0.404,0.166,21053.72,4,8853.44,14000.0,0.2105,8254.21,29840.59,16,31562.82,1.71,15,1,12369.61,20.5
146079.87,6103.27,5047.43,0.3743,0.2851,23230.34,5,24525.26,8000.0,0.5635,11442.07,0.0,2,137902.09,9.73,15,0,128182.71,30.0
138412.07,6185.86,6037.1,0.1647,0.0507,36707.42,2,31593.32,0.0,0.3626,6891.09,0.0,26,123630.21,5.46,10,0,85415.18,30.0
41226.68,5990.11,7957.27,0.3013,0.1987,59198.42,5,18383.04,0.0,0.697,10635.57,59014.89,12,29074.37,6.58,30,1,-48727.88,2.3
317659.38,7957.28,6354.07,0.1013,0.1004,34114.81,5,42178.43,0.0,0.3597,8566.14,0.0,17,160578.16,6.16,12,0,300449.27,30.0
38115.07,2123.23,1962.05,0.2308,0.1844,14710.73,1,20218.1,14000.0,0.3702,7844.59,0.0,2,30834.94,2.61,17,0,23269.18,30.0
163621.36,4673.07,4491.55,0.3132,0.1125,60060.07,3,20487.14,40000.0,0.4669,13598.7,0.0,5,142866.84,7.29,13,0,88000.23,30.0
50062.34,2954.11,3448.7,0.4201,0.2767,17618.76,1,18606.7,28500.0,0.4172,1597.13,14837.79,15,39422.82,1.9,6,1,9488.21,21.7
60154.37,2205.23,2893.81,0.5333,0.379,7617.48,4,4378.12,14000.0,0.4257,2743.06,20657.45,13,32569.78,3.95,28,0,32910.94,30.0
37262.32,3126.18,1461.18,0.5194,0.3747,5298.58,2,23794.48,14000.0,0.5,4331.63,0.0,2,26378.56,2.05,7,0,36596.34,30.0
43277.98,6923.42,6056.8,0.4264,0.1891,35389.75,4,11161.09,0.0,0.5891,8650.06,0.0,14,26385.29,5.56,20,1,5331.88,9.5
57687.7,5309.73,5130.29,0.2358,0.2172,43694.42,5,22248.27,8000.0,0.4018,13807.9,0.0,15,39000.52,7.54,26,1,5367.93,11.5
44181.8,2971.79,2246.9,0.2427,0.1532,13226.6,1,17275.4,28500.0,0.3421,3244.25,0.0,5,36003.09,3.76,22,0,24057.03,30.0
50095.67,1562.54,2628.92,0.227,0.1618,27097.17,3,19696.82,5000.0,0.3625,2287.38,31991.59,16,42464.28,4.1,26,1,6547.81,12.4
346877.1,7830.36,4538.57,0.1642,0.0558,29657.07,2,67666.01,6000.0,0.2599,5349.91,0.0,14,244770.1,4.96,27,0,365320.32,30.0
14875.08,2136.69,3500.26,0.4303,0.359,20258.51,4,23196.53,14000.0,0.5434,5554.67,40907.2,15,12519.79,1.85,7,1,-30160.56,1.0
286156.03,7248.23,5240.83,0.1562,0.0528,14767.32,2,60885.75,0.0,0.3119,4502.14,0.0,4,159014.24,4.18,25,0,299002.73,30.0
267311.22,5827.9,7008.41,0.1745,0.1338,33258.65,5,25247.91,0.0,0.3191,6485.8,35415.31,7,178784.61,7.84,3,0,227037.67,30.0
98266.32,6065.71,3269.95,0.1528,0.212,50437.46,7,22642.79,40000.0,0.6938,6268.29,0.0,14,62860.66,6.48,20,0,58733.33,30.0
48836.25,1598.88,1928.61,0.2363,0.3907,22370.97,4,22600.95,5000.0,0.2867,8967.47,9891.76,19,30147.94,3.88,17,0,21196.6,30.0
59641.29,2121.05,1829.34,0.3076,0.3666,6492.98,4,5248.8,0.0,0.3341,5714.71,0.0,12,46076.31,3.5,11,0,54272.77,30.0
56257.71,2713.96,3258.34,0.2777,0.1872,7376.7,2,19157.96,28500.0,0.3951,8046.25,16331.68,9,43109.69,1.91,21,0,33169.81,30.0
324171.97,4848.09,5544.83,0.0848,0.1401,35311.12,3,88124.31,0.0,0.3573,11005.25,20902.4,6,194474.47,6.83,18,0,313831.08,30.0
49880.78,2469.55,3318.57,0.2969,0.2238,17540.97,3,17391.24,14000.0,0.4561,3509.01,25470.58,4,33971.21,4.41,13,0,26956.99,30.0
160452.09,6169.36,4161.38,0.1522,0.2964,25737.32,3,36849.82,8000.0,0.5702,8724.89,0.0,16,130237.21,8.06,5,0,157965.59,30.0
115016.34,5916.22,6397.85,0.2001,0.2749,51746.14,4,50097.14,20000.0,0.4342,11933.87,14449.0,12,59044.11,5.86,21,0,53091.58,30.0
258141.03,5332.83,7233.04,0.1377,0.0778,26184.24,2,84595.99,6000.0,0.4563,9384.46,57006.55,5,172520.28,3.63,24,0,248087.77,30.0
175849.86,6371.41,4903.88,0.3444,0.2079,35931.16,4,34280.21,0.0,0.3908,13653.03,0.0,12,115855.96,6.95,25,0,156083.68,30.0
18662.96,2104.1,2781.79,0.4479,0.3471,23654.28,3,22116.86,14000.0,0.3945,6421.38,20330.61,22,11046.22,4.25,19,1,-26917.62,1.4
12570.38,2933.15,2351.37,0.3959,0.383,15073.71,3,21618.35,0.0,0.2894,7229.53,0.0,14,11103.34,3.22,13,1,6505.37,1.0
310340.04,10315.22,4181.4,0.1408,0.1241,30670.23,4,28375.38,0.0,0.2881,7949.98,0.0,26,253074.73,5.44,18,0,396581.98,30.0
67988.88,2865.22,6877.23,0.4227,0.2595,60725.23,7,8577.48,8000.0,0.5679,14730.85,120360.3,4,45950.96,8.31,5,1,-11697.14,2.0
24460.11,3102.91,1739.39,0.3909,0.1967,25769.21,2,21087.15,14000.0,0.4742,5717.98,0.0,7,23235.36,3.37,4,1,5506.4,4.3
136934.95,6585.03,3689.09,0.3578,0.2631,61470.19,7,44676.52,40000.0,0.3643,6564.64,0.0,15,96408.14,6.62,3,0,96885.04,30.0
66262.68,2987.35,4706.0,0.2979,0.2687,18164.83,3,52007.73,20000.0,0.5281,5149.81,51559.51,7,53867.36,9.18,4,0,42877.67,30.0
194684.31,6292.8,6915.53,0.1454,0.0698,15451.97,2,67309.14,0.0,0.4874,11480.98,18681.88,9,175471.48,5.88,24,0,189185.59,30.0
11525.11,1310.7,2695.34,0.4807,0.2632,22640.57,2,3552.48,14000.0,0.3835,3530.48,41539.21,24,8764.79,4.32,5,1,-56195.34,1.0
87143.97,5042.4,4217.73,0.2551,0.2447,63809.4,6,19447.57,8000.0,0.6894,8625.44,0.0,11,70643.95,9.61,4,1,24957.38,12.8
12546.92,2885.74,1997.82,0.5193,0.3686,16899.43,3,21611.64,0.0,0.2542,8236.14,0.0,17,10503.33,2.79,9,1,10376.55,1.2
133605.28,3161.36,4256.8,0.1641,0.2931,39456.44,3,32233.97,8000.0,0.551,5102.88,32863.07,2,119112.86,8.25,21,0,99732.64,30.0
43594.54,5044.26,7584.34,0.3701,0.2811,59251.6,5,48142.87,20000.0,0.4297,14726.07,76202.57,11,33491.29,8.09,29,1,-45298.08,3.4
202747.63,8602.9,2702.21,0.1016,0.1404,34756.29,4,81072.94,6000.0,0.2804,11040.49,0.0,4,176671.09,3.54,29,0,213903.48,30.0
139267.98,3277.28,7524.31,0.1726,0.1883,64901.61,7,22629.11,40000.0,0.5208,3441.08,127410.84,1,76247.44,7.19,29,0,58494.97,30.0
45408.38,3100.13,3313.11,0.2453,0.1541,19669.63,1,10201.44,14000.0,0.2093,5661.36,6389.5,18,23532.25,4.39,10,1,8013.09,23.1
7633.32,1454.04,2324.53,0.3168,0.1945,12853.17,2,21631.68,5000.0,0.2388,8541.47,26114.74,5,5639.34,4.02,10,1,-4763.94,2.1
82184.1,6455.42,7116.69,0.3589,0.1749,49717.4,6,45434.62,0.0,0.6215,14492.44,19838.1,6,67467.57,5.88,12,0,39210.47,30.0
34107.03,1312.98,2384.61,0.4507,0.2553,22834.19,1,20026.29,28500.0,0.2006,4269.64,32148.85,14,17548.79,2.02,4,1,-13187.87,7.6
111970.81,3868.69,8095.08,0.2405,0.1436,31585.81,6,50572.42,0.0,0.5339,5286.16,126791.71,11,73295.04,5.88,22,0,45859.57,30.0
25556.99,1446.12,1618.87,0.4011,0.3535,11606.7,3,2801.48,5000.0,0.2348,4013.9,5182.68,8,18230.41,4.08,19,1,9552.14,5.9
144843.95,9073.27,4452.38,0.1999,0.1451,29412.97,3,77821.3,0.0,0.2734,11735.96,0.0,4,119783.4,7.25,29,0,157988.53,30.0
179166.6,5708.08,5397.43,0.4362,0.2256,54437.46,7,51412.46,40000.0,0.472,3252.55,0.0,17,98678.23,4.81,1,0,110898.96,30.0
62059.77,5346.65,5395.28,0.3876,0.3,21599.45,4,9736.77,8000.0,0.5099,11220.21,1459.12,16,35968.57,5.32,18,1,21702.49,26.7
75848.99,4938.82,4715.38,0.3911,0.2116,36084.51,3,22696.91,20000.0,0.4065,3101.5,0.0,13,52403.07,7.74,18,0,28996.16,30.0
11305.02,2078.0,2360.62,0.5435,0.1819,8183.76,3,16914.76,5000.0,0.3693,3009.34,8478.67,24,8039.13,2.09,28,1,-9462.11,1.3
53361.13,2190.48,3386.88,0.278,0.178,22827.79,2,21968.98,0.0,0.3333,2877.45,35892.14,5,45146.01,2.99,6,0,30261.59,30.0
44049.12,2451.24,1599.08,0.2983,0.3651,25534.83,2,5137.46,0.0,0.2546,4346.73,0.0,18,33359.56,3.99,17,0,27581.72,30.0
157248.25,6955.04,6526.85,0.3099,0.1782,47736.15,7,53701.48,20000.0,0.5116,7145.5,0.0,17,84157.02,9.81,21,0,104866.34,30.0
313786.48,7878.54,5483.3,0.1688,0.0876,27634.39,3,46076.38,6000.0,0.3004,3146.83,0.0,27,215686.3,3.16,18,0,323911.92,30.0
345606.38,5394.55,6802.34,0.0951,0.0655,27929.23,3,66110.93,0.0,0.2598,6647.08,42233.81,4,270055.38,6.29,24,0,334048.19,30.0
33865.15,2639.76,2607.94,0.4612,0.2183,7209.61,1,12435.37,14000.0,0.2171,1919.78,0.0,10,20963.18,2.32,11,0,19011.29,30.0
152731.03,5235.49,3442.95,0.4319,0.1589,19405.83,5,52542.08,40000.0,0.6701,12756.82,0.0,11,113034.9,9.04,8,0,142332.53,30.0
63998.9,3239.64,4617.57,0.1643,0.114,50259.13,6,23030.41,8000.0,0.4048,4900.88,41337.81,4,42277.38,4.03,11,1,10506.84,2.7
241426.12,8477.46,3662.44,0.1386,0.0947,29510.88,4,88158.89,0.0,0.3146,6462.74,0.0,20,200273.51,3.4,18,0,309468.08,30.0
301154.73,8439.11,3913.19,0.1583,0.0761,18244.63,2,72035.17,6000.0,0.3372,6669.89,0.0,24,225728.4,3.63,24,0,377129.54,30.0
76166.83,4772.97,7083.43,0.2744,0.2014,58440.7,4,14337.54,8000.0,0.517,9662.76,69313.86,16,64987.95,5.65,3,1,-32594.3,9.1
64875.22,2430.93,2281.89,0.5098,0.1604,20381.59,2,22059.96,0.0,0.4511,2577.95,0.0,8,52962.03,3.19,11,0,51282.92,30.0
26701.28,2909.83,3280.58,0.5219,0.3558,12638.23,1,13526.49,0.0,0.2446,1998.7,11122.46,21,21885.26,3.16,24,1,-920.23,11.9
63525.86,1836.46,2919.11,0.5215,0.3658,22249.16,3,18055.29,0.0,0.3379,3831.84,32479.62,9,41406.55,4.05,6,0,35166.96,30.0
9262.84,2929.38,2742.94,0.544,0.3626,25506.98,3,4711.38,0.0,0.5044,5983.87,0.0,17,5321.98,4.07,2,1,-21477.15,1.0
27617.69,1386.06,2538.3,0.2015,0.2176,23473.82,4,21033.85,14000.0,0.5032,3097.94,34567.12,4,20543.03,4.02,18,1,63.4,1.5
151696.85,5380.17,3473.88,0.154,0.065,13695.93,2,49986.98,0.0,0.33,10391.99,0.0,5,111116.48,5.37,1,0,161927.36,30.0
29283.17,1754.45,1753.17,0.3704,0.2494,9004.52,2,6214.77,0.0,0.4327,5703.23,0.0,20,16971.47,3.38,2,0,15712.17,30.0
22175.24,1912.12,2971.4,0.3419,0.3399,20094.13,2,14299.37,0.0,0.4241,4208.24,31778.29,18,18249.52,3.29,13,1,-18141.68,3.3
35291.12,1660.02,2134.17,0.3715,0.2238,13849.43,3,4056.31,0.0,0.3084,4515.12,14224.51,3,30344.86,4.0,1,0,20695.91,30.0
31202.37,1477.71,1661.88,0.4646,0.2483,18632.09,1,11845.22,28500.0,0.2,1863.48,5525.3,2,19888.41,2.44,11,1,2411.16,2.0
7911.51,2340.24,3261.82,0.2154,0.2768,20514.8,1,3873.8,14000.0,0.4979,1533.36,27647.57,12,4495.76,1.84,9,1,-34009.49,1.0
56586.42,6049.2,6095.83,0.2574,0.2329,45236.14,3,26682.56,40000.0,0.4172,8483.18,1398.85,12,44576.4,6.08,25,1,-13292.7,7.3
109787.74,8346.82,5384.8,0.198,0.1491,15469.46,2,82238.43,6000.0,0.4498,6730.16,0.0,15,61745.1,7.92,16,0,143943.77,30.0
37241.1,1449.32,2210.97,0.2306,0.3897,6705.91,2,5323.15,28500.0,0.4629,6155.61,22849.64,24,30187.75,3.96,5,1,-6770.63,21.7
304479.87,11983.82,5267.07,0.1635,0.0661,19495.15,5,20105.03,6000.0,0.4849,5987.48,0.0,19,213784.71,7.23,8,0,372565.79,30.0
39008.51,1332.91,3409.71,0.3581,0.2131,7380.69,1,18239.25,14000.0,0.3621,5111.29,62303.92,2,29422.9,4.42,30,0,27309.49,30.0
30306.49,2509.47,2121.7,0.4957,0.2062,22723.56,1,7612.49,0.0,0.3276,8373.24,0.0,14,27398.82,3.89,2,1,9154.29,12.3
93802.62,3721.75,4261.12,0.3282,0.1832,58819.45,6,41147.09,20000.0,0.5583,6963.07,16181.05,1,69656.67,9.08,8,0,40988.21,30.0
251102.28,11371.1,3147.34,0.1651,0.1427,17306.94,4,76138.87,0.0,0.3657,11675.2,0.0,13,199833.79,6.93,8,0,341895.06,30.0
22319.31,1239.57,2626.84,0.3013,0.3956,7893.22,3,10203.14,14000.0,0.4622,4181.15,41618.02,18,20990.95,1.98,17,1,-18304.78,4.5
335464.41,10577.81,6126.23,0.1252,0.0934,27726.74,2,66848.04,0.0,0.3638,11487.63,0.0,18,182119.87,6.48,20,0,376112.72,30.0
48906.4,1863.29,3006.27,0.2569,0.3965,25908.93,1,17029.06,0.0,0.4812,3668.64,34289.41,11,45987.09,2.96,4,1,13628.78,9.8
45164.07,1757.32,2081.95,0.3182,0.2013,16358.21,4,21267.18,0.0,0.5296,8293.74,9738.66,7,29230.0,1.87,11,0,32196.7,30.0
107920.55,11113.06,7860.72,0.1961,0.0648,19237.52,4,38397.34,0.0,0.3874,7849.19,0.0,18,82046.39,4.58,16,0,123289.08,30.0
140016.92,7176.82,8112.51,0.3234,0.174,39898.45,7,46621.1,20000.0,0.4625,13640.25,28070.7,8,114450.1,7.65,20,0,90242.77,30.0
10368.32,1997.21,1570.2,0.4902,0.2658,10944.51,1,21529.95,5000.0,0.4055,5826.48,0.0,8,6838.96,4.05,16,1,5845.32,1.0
227727.1,9375.63,7527.85,0.1164,0.0514,9442.9,2,44694.84,0.0,0.2566,2466.87,0.0,5,179568.25,6.56,3,0,235832.52,30.0
64800.39,4404.94,4854.69,0.4076,0.1095,54448.24,5,43079.98,20000.0,0.4718,7737.8,13492.36,4,56062.42,9.47,4,1,12272.74,3.0
41355.36,1557.68,1464.45,0.2261,0.177,18054.89,3,24960.9,0.0,0.279,4962.94,0.0,24,26119.25,3.41,8,0,28358.56,30.0
139749.53,8974.73,7908.32,0.177,0.1492,28782.22,5,47793.35,0.0,0.3449,2776.31,0.0,13,101345.05,6.53,5,0,120583.16,30.0
64903.19,3384.87,7783.42,0.3376,0.1311,29960.85,4,13863.0,40000.0,0.5702,11823.07,131956.54,16,34193.73,5.59,14,1,-61005.12,7.0
184647.42,9156.93,7731.42,0.1606,0.1401,38097.62,3,51704.13,6000.0,0.4211,2679.97,0.0,27,167509.9,3.64,30,0,153407.95,30.0
28176.8,3001.61,1473.55,0.4208,0.2376,18186.2,1,8145.86,14000.0,0.2377,5756.43,0.0,23,21679.43,1.95,13,0,27804.29,30.0
24909.79,2156.72,1461.52,0.26,0.2297,13546.51,1,18317.3,28500.0,0.5439,7346.07,0.0,2,15798.9,3.11,5,1,4645.8,1.2
9669.96,2804.56,2212.37,0.4473,0.22,25980.71,3,8180.95,14000.0,0.4107,1760.05,0.0,20,5156.56,2.21,29,1,-19901.75,1.0
45622.09,3145.88,2928.4,0.5097,0.1868,15525.55,2,4419.34,0.0,0.2635,8075.76,0.0,22,27171.43,1.74,29,0,22737.75,30.0
32564.1,2188.8,3317.32,0.5122,0.2967,22125.28,4,22022.38,0.0,0.2985,7638.28,33855.74,15,23705.45,2.76,10,1,-4032.57,7.0
327984.62,8472.86,2673.22,0.0823,0.1439,10409.46,4,78846.53,6000.0,0.3343,5775.33,0.0,19,263177.68,7.22,1,0,423302.23,30.0
182782.9,7309.97,6027.54,0.1904,0.1008,33188.95,2,21599.43,0.0,0.4307,6568.83,0.0,5,162597.13,5.18,2,0,157454.32,30.0
208843.24,7872.55,4414.4,0.1566,0.1108,24430.23,5,91483.4,6000.0,0.3358,5431.67,0.0,14,147542.74,6.9,21,0,244811.58,30.0
250140.27,8835.11,3853.47,0.1118,0.0936,22889.13,4,25519.84,0.0,0.4728,7794.84,0.0,26,195339.05,7.64,25,0,320368.2,30.0
131333.81,3248.01,7347.74,0.333,0.243,36671.69,5,33924.99,20000.0,0.4415,5657.13,122991.8,6,83543.16,6.46,16,0,69722.38,30.0
178969.33,10368.37,4079.85,0.1828,0.092,22074.43,4,24119.12,0.0,0.3388,8974.8,0.0,26,160882.67,6.86,20,0,275827.73,30.0
344505.31,8684.2,2696.52,0.1056,0.0934,32305.02,3,41617.24,0.0,0.4699,2215.59,0.0,14,214822.29,6.62,14,0,387884.67,30.0
7228.17,2022.63,2956.14,0.3772,0.2827,20375.08,2,12359.42,0.0,0.3575,5886.35,28005.45,4,5448.22,4.25,4,1,-13642.45,1.1
139909.15,2946.09,6548.4,0.3389,0.1135,56933.46,4,47532.93,0.0,0.4936,13785.47,108069.4,7,104089.52,5.1,4,0,73487.55,30.0
155712.2,7424.93,3654.17,0.3556,0.2917,35097.55,3,19948.18,0.0,0.4808,7004.94,0.0,1,92309.36,5.16,5,0,131670.47,30.0
66231.52,5457.16,3682.38,0.2661,0.1449,53669.17,6,52621.61,8000.0,0.3935,14105.8,0.0,4,37087.77,4.13,23,0,33109.7,30.0
115631.31,3073.78,3334.09,0.3098,0.2303,54089.65,5,24554.16,0.0,0.638,8739.28,7809.28,10,97814.07,4.39,8,0,62603.53,30.0
17342.18,1690.63,1922.88,0.3466,0.2476,16139.06,3,7919.63,5000.0,0.394,2199.08,6967.7,16,14025.05,2.64,5,1,-7807.78,1.8
301982.77,8156.86,3638.06,0.1411,0.1048,9377.13,2,93077.73,0.0,0.4992,10240.31,0.0,9,241872.23,5.27,13,0,355324.55,30.0
33237.18,1674.51,1508.24,0.2875,0.3306,11995.55,3,23955.91,14000.0,0.3929,1675.76,0.0,13,18862.14,1.5,11,0,22225.03,30.0
116786.51,6970.87,6897.83,0.4218,0.2105,49185.7,6,20028.78,20000.0,0.4112,5955.49,0.0,3,87578.94,7.82,24,0,62035.7,30.0
95113.92,5105.92,8435.74,0.317,0.2447,52118.02,7,49339.91,0.0,0.4959,6910.19,99894.57,8,69117.28,5.55,7,0,28038.11,30.0
33731.14,2589.45,2709.04,0.3799,0.2571,23091.36,3,19937.09,28500.0,0.4634,7816.76,3587.75,9,24521.37,2.89,23,1,-713.89,7.4
5785.69,2591.29,1798.23,0.254,0.3981,16187.26,2,11416.61,0.0,0.2934,3028.26,0.0,12,4547.26,1.53,26,1,-2492.94,1.0
202737.61,9877.96,7563.13,0.1224,0.1398,36390.57,2,63912.93,0.0,0.3001,4221.3,0.0,9,181841.24,5.85,28,0,194874.6,30.0
133442.56,3862.06,8090.58,0.337,0.1212,34901.0,5,22016.93,0.0,0.3554,3191.07,126855.58,5,103131.04,7.57,24,0,82279.25,30.0
33277.8,6501.13,6760.8,0.2577,0.1834,50520.59,5,30468.52,20000.0,0.4643,9291.44,7790.3,16,30573.4,6.68,24,1,-39474.77,3.1
98693.92,7465.91,4184.7,0.3965,0.1248,34789.27,7,44547.52,40000.0,0.4129,6545.33,0.0,10,65235.6,6.54,2,0,79325.5,30.0
126937.06,3717.41,4540.93,0.296,0.2457,18653.8,7,31801.25,40000.0,0.6485,4037.82,24705.5,5,98642.44,4.77,27,0,92415.99,30.0
17502.76,2680.51,1930.34,0.4904,0.2509,20341.92,4,24664.35,14000.0,0.3451,8013.74,0.0,20,13319.95,2.07,15,1,4320.19,9.9
40450.64,1820.56,1940.36,0.2079,0.2331,12066.31,2,6490.52,28500.0,0.3386,4858.4,3594.04,21,37919.78,4.41,1,1,6542.99,30.0
28986.71,3178.63,2724.5,0.4151,0.3935,13292.25,2,14262.7,14000.0,0.3771,1519.21,0.0,19,26444.82,3.15,11,1,10902.06,30.0
57613.24,3083.4,3350.71,0.3006,0.247,16330.91,2,9075.04,5000.0,0.5412,3928.89,8019.46,22,37782.48,4.3,23,0,22776.59,30.0
136031.63,4954.71,3459.96,0.3767,0.2066,47011.2,7,45489.45,20000.0,0.6788,10622.88,0.0,10,80754.35,6.44,12,0,102269.41,30.0
191364.19,8769.37,4822.0,0.1417,0.1384,24588.06,2,74779.5,0.0,0.3695,2074.76,0.0,4,139003.4,5.82,21,0,205356.91,30.0
81808.67,6776.52,6897.1,0.37,0.2616,44982.82,6,30961.28,0.0,0.4403,11947.7,3617.55,2,72274.24,8.04,4,0,47214.55,30.0
41109.35,1283.98,3431.06,0.5022,0.1986,11965.61,2,10069.34,0.0,0.4078,6020.24,64412.48,17,33580.91,3.22,18,1,-7355.45,9.6
110746.89,6574.73,5772.84,0.2338,0.131,34735.93,6,41533.4,40000.0,0.5466,8098.28,0.0,15,93525.94,7.22,19,0,64860.16,30.0
48692.9,1714.89,3516.17,0.2067,0.2096,26043.13,3,19156.69,0.0,0.3746,2093.01,54038.29,18,44966.49,4.17,20,1,-8466.69,10.0
72468.39,4432.2,7975.45,0.3116,0.1669,60021.37,4,50379.1,0.0,0.6218,3847.98,106297.56,10,43570.88,9.61,15,1,-11750.79,3.8
142213.08,7085.85,4791.44,0.1574,0.2788,46339.24,6,22257.41,0.0,0.6926,8200.21,0.0,6,95334.53,6.6,23,0,109417.84,30.0
176022.54,5187.94,8024.7,0.1629,0.124,15053.46,5,27117.17,8000.0,0.6806,4544.77,85102.89,10,161832.69,4.74,7,0,129540.64,30.0
46884.82,1884.57,2978.74,0.2497,0.2644,8670.78,2,17752.33,28500.0,0.2643,4023.35,32825.09,18,31600.96,1.71,24,1,4375.75,20.2
52288.9,2511.57,2027.03,0.337,0.3528,17244.02,2,5648.28,0.0,0.3446,7168.3,0.0,12,44734.21,3.3,8,0,36912.21,30.0
53663.66,3018.42,1565.67,0.4029,0.3845,19329.54,2,10652.32,28500.0,0.4253,7652.4,0.0,7,31396.96,3.86,1,0,30756.28,30.0
59132.1,2347.79,2551.54,0.4472,0.3971,7837.52,1,11463.59,14000.0,0.2603,2498.3,6112.44,21,42700.62,1.66,12,0,34646.35,30.0
37965.9,2760.81,3464.41,0.2993,0.3358,14619.98,4,8264.86,14000.0,0.51,2436.39,21108.07,5,28972.94,1.61,8,1,12970.01,6.0
89747.34,3107.5,5315.58,0.4499,0.1522,42239.53,3,43755.85,40000.0,0.4428,5038.64,66242.4,15,52600.81,6.34,22,1,2207.94,12.9
174828.71,3262.09,3584.9,0.2044,0.1754,63434.44,5,53435.05,8000.0,0.4113,8566.15,9684.41,17,106425.48,8.86,22,0,112148.02,30.0
7429.28,1258.35,3019.06,0.3198,0.356,27184.95,1,12935.32,0.0,0.5058,3791.29,52821.09,9,6173.47,3.6,9,1,-32912.61,1.3
62401.17,6250.8,5428.74,0.3968,0.2897,40174.78,7,39514.18,0.0,0.5444,13808.01,0.0,16,53891.06,8.34,23,0,31309.86,30.0
274005.63,8915.15,4768.18,0.0863,0.0518,31003.68,2,64573.6,6000.0,0.2617,11588.36,0.0,24,174276.66,3.66,1,0,322572.13,30.0
327377.74,9333.94,7251.72,0.0872,0.06,26268.48,4,20747.04,0.0,0.3898,10465.07,0.0,15,267001.45,6.02,18,0,313018.75,30.0
144422.04,3477.34,7553.81,0.2431,0.2771,20688.73,3,29075.46,40000.0,0.3961,3043.24,122294.03,4,121202.96,5.03,14,0,96652.14,30.0
63179.15,4674.95,7006.49,0.3541,0.2125,32779.68,4,28791.41,40000.0,0.6927,4581.87,69946.25,17,56740.6,8.36,29,1,-33330.59,8.9
285928.0,9173.69,3324.46,0.192,0.1277,19458.11,4,29394.85,0.0,0.322,6685.02,0.0,15,184733.24,6.9,2,0,338782.43,30.0
263821.1,5647.24,5233.91,0.1837,0.1109,31657.14,3,86961.54,6000.0,0.3864,11552.24,0.0,12,241610.39,5.22,2,0,255352.57,30.0
127223.84,5887.89,4883.51,0.3092,0.226,50061.83,6,16860.07,0.0,0.457,12544.37,0.0,5,102116.62,9.45,17,0,83205.98,30.0
158715.25,10045.21,5430.4,0.1231,0.0691,26673.24,5,58127.34,0.0,0.4298,3587.43,0.0,15,106229.31,3.26,26,0,194250.04,30.0
10994.65,3121.26,2114.34,0.4356,0.3326,6185.9,3,10059.36,0.0,0.2692,6703.52,0.0,14,6921.92,1.86,17,1,14764.85,1.3
46196.63,1715.4,1771.49,0.4977,0.2756,22822.19,3,22395.44,0.0,0.3039,4535.22,1682.66,7,25469.97,2.34,25,0,29645.78,30.0
213949.38,10969.32,5549.66,0.0974,0.0505,26678.26,4,85082.02,0.0,0.405,7921.11,0.0,9,155754.83,7.7,8,0,250893.36,30.0
165670.03,4944.37,6477.67,0.3038,0.2967,29034.79,7,13490.33,20000.0,0.5032,6804.38,45999.03,6,98313.48,6.07,3,0,116973.95,30.0
31458.65,3287.0,7378.93,0.2669,0.1091,63718.45,3,17351.55,8000.0,0.6389,6631.75,122757.88,15,22570.98,4.38,8,1,-100343.91,1.5
140369.9,5948.23,5471.6,0.1614,0.1688,45867.63,7,46598.82,0.0,0.4635,4072.3,0.0,14,124827.16,6.42,5,0,102258.04,30.0
24335.65,1872.9,3200.8,0.4791,0.1542,17909.82,1,4607.84,28500.0,0.5322,3641.74,39837.05,20,18857.88,3.27,7,1,-39483.83,4.1
58939.19,6337.81,5863.58,0.1612,0.179,17720.34,5,22999.67,8000.0,0.4906,12617.2,0.0,3,42338.73,9.14,29,0,44127.13,30.0
232515.98,11222.69,3307.78,0.134,0.1097,27614.57,3,21948.3,0.0,0.4684,5080.1,0.0,7,168194.25,7.76,8,0,253575.87,30.0
195389.03,8605.72,3600.0,0.1483,0.0848,14576.48,3,88114.49,0.0,0.2747,11464.63,0.0,16,135212.73,5.68,6,0,269014.6,30.0
64150.13,2917.57,3369.76,0.2223,0.1941,18320.42,2,14582.06,0.0,0.2593,6539.73,13565.48,16,47529.2,2.81,29,0,34771.63,30.0
21990.78,2175.23,2891.26,0.2952,0.3515,27011.4,3,6385.77,14000.0,0.4837,3554.1,21480.69,11,18743.9,4.47,23,1,-22420.57,1.6
325023.94,6638.82,2959.54,0.1915,0.08,19334.5,2,93780.44,6000.0,0.28,5481.14,0.0,16,223931.33,7.53,5,0,377218.06,30.0
86866.19,11562.34,6162.56,0.1637,0.0658,32617.12,5,61344.01,0.0,0.3323,2522.19,0.0,21,46227.82,5.24,25,0,142837.73,30.0
57029.47,1724.3,2196.86,0.2764,0.3247,27140.31,4,19809.91,0.0,0.3351,4922.44,14176.94,21,33438.35,4.16,19,0,20938.3,30.0
31427.27,1415.81,1668.97,0.2875,0.1712,17293.57,4,15814.19,28500.0,0.2961,5761.44,7594.75,16,16164.18,2.25,15,1,-2761.47,12.9
146346.67,4738.07,7669.25,0.1951,0.264,39307.85,6,40912.48,0.0,0.5166,11952.04,87935.26,4,106611.92,6.75,1,0,107630.77,30.0
156303.98,3188.49,6679.84,0.293,0.2195,38616.8,4,42380.16,40000.0,0.528,8408.32,104740.73,1,117225.49,6.24,13,0,110659.72,30.0
142196.48,3959.3,6259.43,0.4122,0.2758,53924.72,6,28529.56,40000.0,0.4846,6898.73,69003.93,14,118615.57,5.96,24,0,36843.85,30.0
121571.4,6622.36,8497.67,0.287,0.2873,52852.36,7,40703.31,0.0,0.5216,12384.0,56259.25,8,115184.75,5.53,27,0,59337.37,30.0
13459.73,3058.3,2595.95,0.3383,0.3179,8727.97,1,6330.11,0.0,0.3961,3665.38,0.0,10,11946.9,2.0,5,1,5123.12,1.0
93902.91,6753.3,8008.15,0.2359,0.2568,35754.6,3,28941.54,20000.0,0.4584,6547.63,37645.6,9,63346.47,8.87,22,0,36321.16,30.0
35567.84,3425.95,5630.89,0.1637,0.1614,61279.26,6,14901.25,20000.0,0.503,4219.41,66148.45,7,18087.02,6.52,11,1,-49843.61,1.0
24293.98,1249.58,2623.53,0.3635,0.3362,22563.32,2,7783.68,28500.0,0.517,5607.82,41218.35,17,13061.87,3.16,4,1,-37041.88,4.1
102848.48,5499.68,4417.18,0.1048,0.1197,16621.03,4,58180.48,0.0,0.4867,2899.05,0.0,12,85331.75,7.38,7,0,110044.63,30.0
181142.2,4592.57,3671.67,0.0842,0.0893,20418.84,4,70094.84,0.0,0.3395,2986.3,0.0,25,105033.81,4.8,30,0,189423.89,30.0
341120.22,9941.27,6161.77,0.1884,0.0769,26341.25,5,36281.63,0.0,0.3193,8411.6,0.0,8,189788.81,7.13,8,0,343361.23,30.0
46029.85,2320.46,2892.18,0.5372,0.3924,17063.7,2,15240.85,28500.0,0.5202,5211.23,17151.54,14,23171.59,4.48,27,1,6448.43,17.6
23843.43,2452.06,2122.81,0.3408,0.2183,25371.08,2,2230.77,14000.0,0.3207,6595.58,0.0,18,21689.05,1.74,11,1,-10435.54,8.2
113997.36,4384.13,4012.68,0.2601,0.2856,23573.3,7,43776.9,0.0,0.6339,6968.09,0.0,3,70799.89,7.49,20,0,106480.98,30.0
133922.93,5188.17,6487.12,0.3868,0.2091,36782.41,5,32987.3,0.0,0.692,5826.82,38968.49,4,124980.98,9.74,27,0,101352.05,30.0
125161.92,11798.65,5506.52,0.1897,0.1164,16635.0,2,41448.47,6000.0,0.4124,5455.86,0.0,25,109665.38,4.53,30,0,219943.6,30.0
178393.83,3461.43,5026.2,0.264,0.1116,45985.7,3,41353.25,20000.0,0.3651,3353.34,46943.3,15,90446.84,9.73,22,0,104932.71,30.0
20561.68,3194.26,2384.24,0.2937,0.2518,18055.6,1,13307.36,0.0,0.2978,4140.7,0.0,23,17985.42,4.39,20,1,11303.22,30.0
21875.8,1739.77,1905.09,0.5334,0.2159,24003.81,2,19518.88,14000.0,0.3697,7013.8,4959.64,15,15772.87,3.35,3,1,-9287.8,4.1
291938.8,8480.48,3431.09,0.1809,0.0594,39857.18,3,26372.14,0.0,0.4719,9662.56,0.0,22,258740.53,6.23,14,0,336457.76,30.0
247045.84,5372.01,7248.02,0.1066,0.0764,14846.23,4,80525.15,0.0,0.439,9169.06,56280.39,18,179734.74,4.33,8,0,211631.16,30.0
133764.09,5584.49,6610.98,0.3052,0.2067,37623.47,5,11324.3,40000.0,0.6483,6631.9,30794.54,10,108005.62,6.63,16,0,59137.4,30.0
293162.85,6197.42,6106.2,0.1712,0.062,27421.94,3,68202.41,0.0,0.2853,5639.01,0.0,18,161431.66,4.24,30,0,272765.2,30.0
316839.21,8738.6,3717.57,0.0838,0.144,23948.69,4,35799.01,0.0,0.3688,10590.17,0.0,5,237210.49,4.43,5,0,323594.99,30.0
346697.96,4579.03,5002.47,0.1705,0.1226,37909.5,5,40466.51,0.0,0.367,10421.55,12703.19,23,314716.69,5.23,1,0,294487.68,30.0
21054.58,2970.31,2435.9,0.4068,0.3709,12141.09,1,24387.62,5000.0,0.3414,5113.58,0.0,11,17510.68,3.57,5,0,15684.28,30.0
6433.57,1228.15,1544.59,0.4196,0.273,16438.91,4,4261.36,0.0,0.5489,3649.03,9493.21,11,4174.77,2.7,27,1,-14359.25,1.1
132069.43,4146.32,4523.41,0.3327,0.2469,38644.9,6,34392.5,8000.0,0.489,7803.49,11312.71,15,117246.09,5.78,18,0,85055.38,30.0
238070.43,7301.44,6746.68,0.1655,0.1214,29185.54,4,35473.69,0.0,0.3786,7304.81,0.0,14,210682.97,7.21,23,0,210205.82,30.0
168947.87,6528.91,7765.97,0.1902,0.1298,23490.67,4,20140.09,8000.0,0.4328,10951.45,37111.81,9,146284.33,8.39,28,0,126820.18,30.0
152688.61,4651.8,4384.91,0.4175,0.2666,35864.62,5,17242.01,8000.0,0.5675,4118.87,0.0,15,128181.67,8.93,25,0,109168.39,30.0
45656.9,7392.4,7186.34,0.199,0.1249,36091.38,4,22314.15,0.0,0.3806,11781.46,0.0,10,31645.56,4.96,4,1,5400.51,5.1
43844.83,3238.83,4581.24,0.1847,0.1506,20736.87,5,48333.41,0.0,0.3586,7208.87,40272.15,5,40780.36,4.87,10,0,32968.51,30.0
333560.91,6792.75,2738.95,0.0925,0.1071,30410.43,2,45537.72,0.0,0.3826,4984.53,0.0,18,305451.58,5.65,30,0,369913.18,30.0
108617.28,5177.53,5874.57,0.3824,0.1135,42063.8,3,52172.63,20000.0,0.5084,9287.84,20911.34,14,74995.66,9.7,20,0,53154.36,30.0
239476.61,8456.22,7171.94,0.1176,0.136,17640.37,3,56327.06,6000.0,0.3599,2024.14,0.0,17,215085.59,7.05,3,0,233917.15,30.0
166782.08,8960.17,7026.05,0.1438,0.0962,38488.41,4,65748.56,6000.0,0.393,5568.67,0.0,11,100124.56,6.02,14,0,152361.53,30.0
278145.03,8798.57,7390.05,0.0913,0.0894,10450.34,2,45247.8,0.0,0.4526,5859.43,0.0,24,163523.48,5.02,4,0,277657.06,30.0
63590.56,2997.51,2060.49,0.3692,0.2722,10135.38,2,15016.92,28500.0,0.5042,5977.95,0.0,18,49106.94,4.05,1,0,51609.85,30.0
336597.75,9596.1,7121.35,0.1974,0.0543,29354.93,2,93753.96,0.0,0.3692,4914.08,0.0,7,289907.92,6.48,8,0,348278.94,30.0
232226.18,9861.69,7479.47,0.1993,0.054,15396.79,2,43494.95,0.0,0.3143,11345.76,0.0,14,198492.17,7.03,27,0,239494.46,30.0
318062.88,10966.92,5619.89,0.1736,0.0836,33150.26,4,83399.22,0.0,0.3325,10920.53,0.0,10,205218.34,5.67,7,0,350612.73,30.0
312671.23,4778.1,5828.35,0.156,0.1237,22762.19,3,78656.71,6000.0,0.4235,10774.24,31507.48,4,238686.28,6.86,26,0,310483.96,30.0
63309.76,5731.73,5899.4,0.2276,0.2786,47407.76,4,15058.46,40000.0,0.4017,8609.52,5029.93,8,55089.72,9.21,30,1,-8710.17,6.7
37519.11,3661.18,4619.03,0.416,0.1962,62412.33,6,53142.14,8000.0,0.6697,3569.4,28735.34,17,21715.86,9.91,23,1,-36741.9,3.2
111030.03,6253.92,8312.67,0.3158,0.2111,25213.96,3,46218.13,0.0,0.5175,9799.36,61762.51,11,70463.36,9.63,20,0,67972.32,30.0
260057.53,10500.57,7154.31,0.1976,0.0652,20759.35,5,33256.85,6000.0,0.4424,9341.54,0.0,21,196996.79,3.1,26,0,275912.19,30.0
133512.34,4169.75,7554.61,0.2667,0.2593,17480.87,4,24635.39,40000.0,0.3568,7717.01,101545.78,12,94039.8,4.53,10,0,54815.28,30.0
49252.18,3648.23,7612.31,0.2879,0.171,40776.18,4,48071.4,8000.0,0.5019,5097.82,118922.21,2,26140.88,4.9,18,1,14605.47,1.5
24273.62,2422.08,3135.78,0.4111,0.348,7551.27,4,20606.78,0.0,0.28,3983.36,21410.92,22,19768.63,4.29,10,1,-1280.86,8.9
178403.95,10252.23,5165.15,0.1285,0.1465,19636.25,5,47220.2,0.0,0.2867,10647.19,0.0,14,103894.6,6.18,19,0,220034.49,30.0
223156.46,4810.32,7506.13,0.1909,0.068,8390.02,2,21701.28,6000.0,0.4932,6457.99,80874.54,13,127927.54,5.49,22,0,173526.42,30.0
154733.74,4969.27,7378.34,0.3414,0.2441,47279.14,6,16598.43,20000.0,0.6716,8001.88,72272.22,4,107524.34,9.29,21,0,90342.23,30.0
62832.53,1956.2,2959.18,0.4094,0.1607,5793.0,4,9210.99,28500.0,0.3345,4425.16,30089.4,9,44095.43,3.99,29,0,33451.25,30.0
18308.35,3128.89,3164.57,0.4427,0.3871,17541.69,1,17194.03,0.0,0.2712,7932.06,1070.18,17,10827.02,2.17,13,1,-3995.62,3.5
33135.04,2081.74,1464.42,0.4709,0.3616,15705.33,1,5898.64,0.0,0.3858,2797.13,0.0,9,23013.85,2.94,24,0,21934.4,30.0
274690.88,7157.37,3770.96,0.1655,0.0557,36789.7,5,45100.7,0.0,0.3478,9588.05,0.0,15,255532.32,5.42,25,0,285036.63,30.0
86144.06,4294.29,4464.79,0.386,0.1869,27992.57,6,15378.39,40000.0,0.4656,13862.66,5114.78,10,66670.01,4.33,16,0,34453.42,30.0
171254.17,5965.76,7148.3,0.3325,0.2595,45240.4,6,23529.18,20000.0,0.68,10261.24,35476.15,3,105296.59,5.63,16,0,119076.47,30.0
248459.36,10542.86,2634.76,0.1207,0.0959,23855.91,5,45940.7,0.0,0.3969,3899.72,0.0,9,176718.84,5.68,2,0,295323.35,30.0
54731.01,2306.89,2632.56,0.5194,0.1919,25046.34,4,2196.59,0.0,0.3856,4366.54,9770.34,13,43091.96,4.08,26,0,19974.13,30.0
23722.44,2474.06,3223.11,0.2466,0.3797,18933.84,3,14723.79,0.0,0.212,2213.3,22471.51,21,20342.11,2.22,26,1,-15353.73,5.5
103978.26,3761.72,5247.39,0.1992,0.1947,38421.25,5,15849.03,8000.0,0.5761,6079.15,44570.08,8,63060.77,9.11,2,0,49856.09,30.0
41918.94,1358.16,1750.76,0.5418,0.3044,5915.04,2,10942.67,0.0,0.2489,5625.73,11778.02,19,24358.61,3.34,2,0,27625.92,30.0
20367.84,3017.45,2547.23,0.4814,0.2767,8448.13,3,21873.13,0.0,0.4133,6075.77,0.0,5,15009.98,1.92,29,0,20124.93,30.0
63076.81,1268.26,2463.06,0.2735,0.1646,24097.02,1,24715.04,5000.0,0.4281,8888.86,35843.89,3,45046.16,3.1,6,0,41073.25,30.0
35479.53,5502.79,4582.34,0.1857,0.221,62461.84,4,48674.89,0.0,0.4488,9738.88,0.0,9,29562.02,4.12,3,1,-8866.9,1.9
30199.9,3120.83,1789.76,0.4288,0.3475,11486.72,4,7150.52,28500.0,0.5268,8038.48,0.0,19,21370.54,3.5,26,0,20659.43,30.0
264651.72,11740.44,6210.08,0.1295,0.1418,8379.67,4,72243.07,0.0,0.3074,11649.56,0.0,19,239277.19,5.32,28,0,346102.27,30.0
55126.63,1538.45,2459.8,0.3746,0.268,13447.54,1,16028.05,14000.0,0.3008,3400.24,27640.58,14,31709.84,2.21,7,0,24323.0,30.0
28487.24,1770.23,2581.54,0.4813,0.3694,8922.68,4,13006.57,0.0,0.453,5125.88,24339.52,11,16267.5,1.77,7,1,12612.79,8.5
50845.17,2048.92,2948.2,0.2472,0.3933,26444.42,2,12608.82,5000.0,0.5084,4544.79,26978.27,24,30392.48,3.74,14,1,-4344.44,17.8
43901.46,3461.1,8350.01,0.3712,0.275,35585.54,7,22087.6,20000.0,0.6899,7537.73,146667.16,17,33531.35,4.96,29,1,-87928.78,2.9
171406.47,5998.43,4184.92,0.1546,0.1815,27725.35,7,12457.45,0.0,0.6977,13523.13,0.0,8,99386.05,5.13,1,0,153484.25,30.0
47585.36,1202.35,3029.8,0.2673,0.2303,7033.61,3,2886.22,5000.0,0.2601,7328.61,54823.5,8,38352.78,2.29,18,0,21521.57,30.0
301450.13,4958.26,7226.81,0.1714,0.0986,36515.47,4,61189.66,6000.0,0.3691,10347.97,68056.59,10,282712.06,6.36,21,0,253857.78,30.0
216905.2,9036.77,6401.77,0.1675,0.1248,15529.29,3,86399.73,6000.0,0.4826,5091.65,0.0,22,149841.39,6.96,17,0,251252.71,30.0
263601.58,9937.36,2658.84,0.1958,0.0764,19500.59,3,66515.48,0.0,0.3535,6184.23,0.0,11,190135.08,5.9,8,0,328607.78,30.0
39278.46,1628.68,3213.88,0.4901,0.2997,8505.1,1,20179.18,0.0,0.3258,1834.16,47555.84,4,27522.92,1.69,13,0,31231.79,30.0
340792.3,9698.59,3979.79,0.1145,0.1322,38916.73,2,59372.52,0.0,0.3569,5702.24,0.0,16,226766.09,7.84,15,0,386093.86,30.0
30836.59,5313.7,6329.13,0.4124,0.1421,38143.69,6,54540.49,40000.0,0.6388,11616.8,30462.73,1,19921.54,7.56,20,1,-8376.35,1.3
6206.68,1738.54,2246.56,0.3016,0.3071,11537.22,3,11891.37,0.0,0.433,7349.28,15240.48,8,4447.6,2.11,19,1,-7077.87,2.0
177074.15,6609.19,4747.91,0.31,0.1459,23826.72,5,8343.6,8000.0,0.5316,11544.99,0.0,5,111813.26,6.5,3,0,155405.57,30.0
46799.45,1942.17,3393.41,0.5192,0.2468,5066.44,3,24570.31,28500.0,0.2775,4710.03,43537.47,2,24448.49,2.36,13,0,33621.22,30.0
83602.37,4806.6,5706.13,0.3008,0.2313,59153.23,5,26445.57,0.0,0.5939,14708.45,26985.86,10,59772.19,8.53,24,1,16894.19,9.3
177080.39,9208.38,7383.31,0.1285,0.0978,14405.15,2,56834.22,0.0,0.4807,7502.42,0.0,26,107538.35,7.11,7,0,185107.1,30.0
9420.16,2636.06,2507.03,0.5289,0.2938,11850.48,2,21451.23,0.0,0.379,8361.35,0.0,2,7076.85,3.49,22,1,5364.1,1.1
51078.1,1248.03,2728.61,0.3508,0.3776,6884.42,4,4691.85,28500.0,0.3888,7705.0,44417.45,16,30731.51,3.31,13,1,4121.21,19.1
40602.42,5832.47,5773.13,0.3409,0.2246,51574.21,7,40473.7,0.0,0.4004,14033.52,0.0,11,36868.03,4.69,29,1,-6940.07,3.9
101298.17,7206.18,7026.41,0.2878,0.1665,39704.35,6,42925.73,0.0,0.3826,12851.79,0.0,8,62544.59,4.06,27,0,68919.4,30.0
99901.95,3175.53,7235.16,0.3562,0.2642,48415.63,7,45338.4,20000.0,0.3889,9074.79,121788.88,16,56396.6,6.63,9,1,-14634.98,10.4
28061.02,1634.89,2560.76,0.3115,0.2379,6972.07,1,21516.7,0.0,0.355,8044.44,27776.08,17,16044.43,3.45,15,1,8359.88,9.5
46447.86,3123.47,1561.66,0.5125,0.3144,12936.71,1,22854.42,0.0,0.5011,2662.19,0.0,4,27837.55,4.13,12,0,46352.63,30.0
8028.61,2456.19,2639.26,0.5366,0.3731,14614.71,4,21959.18,28500.0,0.3771,6070.03,5492.28,13,4261.66,3.87,1,1,-20744.07,1.0
57605.2,1567.26,2533.04,0.4785,0.3623,22948.18,4,2248.47,0.0,0.4865,8224.7,28973.4,20,53313.03,3.6,4,1,10638.28,19.3
14349.07,2427.86,1503.59,0.408,0.3437,18560.99,3,13794.21,0.0,0.4104,7699.34,0.0,7,8747.5,3.01,16,1,4084.96,1.1
32744.71,3150.87,1478.88,0.4204,0.2511,18248.43,2,9955.29,5000.0,0.4699,3924.3,0.0,3,22597.45,2.57,5,0,19129.84,30.0
314285.56,6549.03,3940.86,0.1193,0.1096,24776.39,2,92772.48,6000.0,0.3196,10931.37,0.0,9,253094.19,7.43,7,0,334953.67,30.0
148746.5,6899.44,6559.92,0.3665,0.1528,36293.02,4,32104.4,8000.0,0.6094,10259.76,0.0,6,136820.23,5.4,29,0,114596.99,30.0
37769.28,1250.31,1834.27,0.2984,0.2682,25716.09,4,19400.25,28500.0,0.4871,4999.91,17518.68,13,26122.69,1.61,15,1,-4732.83,9.4
57472.49,1551.46,1423.01,0.3504,0.1724,20364.72,3,8517.19,5000.0,0.5346,3628.59,0.0,14,39004.33,3.74,22,0,35201.67,30.0
134691.68,5635.0,6089.15,0.2805,0.2504,23291.4,6,25635.18,20000.0,0.5762,13496.53,13624.32,4,71814.53,6.32,17,0,105563.37,30.0
45746.71,2529.01,1549.88,0.3103,0.2208,25727.55,1,6738.94,0.0,0.3588,4190.23,0.0,6,24090.39,4.02,16,0,25992.28,30.0
43350.87,2006.53,1850.08,0.414,0.3578,8425.45,2,4555.11,5000.0,0.3636,2600.53,0.0,15,40265.63,4.47,29,0,30432.46,30.0
66838.22,4517.45,3495.09,0.183,0.2765,34136.73,3,33122.34,0.0,0.3871,3670.08,0.0,4,33685.11,6.34,27,0,46993.74,30.0
26430.32,3154.97,1865.93,0.3859,0.3365,15892.91,2,13604.46,28500.0,0.3366,4559.05,0.0,11,16796.91,2.41,1,1,9076.7,30.0
55723.7,2647.92,1976.16,0.2048,0.1692,19727.47,3,20656.04,14000.0,0.509,7551.95,0.0,14,45795.42,2.42,30,0,39151.46,30.0
34152.93,3096.91,8372.71,0.2737,0.1366,18626.22,3,27076.73,40000.0,0.6021,13586.3,158274.02,11,18880.5,4.52,20,1,-58698.72,1.0
9920.92,1850.06,2952.67,0.4041,0.3908,8841.73,1,7766.45,0.0,0.3526,3996.02,33078.53,7,8421.13,1.79,1,1,-6081.3,1.8
63847.22,1954.64,2096.75,0.5435,0.368,5380.38,4,7782.94,0.0,0.3156,3812.32,4263.4,23,53831.12,2.29,20,0,49712.24,30.0
210215.13,10150.34,6882.48,0.1936,0.1213,18972.19,3,30860.98,6000.0,0.4732,2950.38,0.0,8,199317.5,3.79,12,0,210816.67,30.0
33682.89,2843.23,1660.27,0.3111,0.1898,17911.28,2,21979.64,28500.0,0.2219,8705.65,0.0,21,31662.77,3.85,11,0,23588.62,30.0
225509.08,9648.96,5874.65,0.101,0.0936,8446.99,3,78805.13,0.0,0.4203,8102.69,0.0,16,213780.84,5.48,22,0,278178.66,30.0
44805.8,1401.36,2084.03,0.5087,0.2776,12045.34,3,21797.86,0.0,0.4888,1557.45,20480.33,17,31841.16,3.07,23,0,25618.09,30.0
79895.23,5673.35,6629.54,0.393,0.2801,55061.06,7,25429.48,40000.0,0.6615,10520.69,28685.5,2,67015.32,7.04,30,1,10769.58,1.6
102974.21,5871.51,6795.99,0.2072,0.1067,46557.78,7,27584.3,20000.0,0.6279,14779.14,27734.41,5,69032.34,8.07,15,0,47049.32,30.0
35558.8,2894.42,2106.63,0.2331,0.3934,15887.43,3,21354.26,28500.0,0.2451,5465.23,0.0,16,31631.69,3.97,24,0,17879.73,30.0
71210.62,4232.84,3666.82,0.2231,0.1556,61769.62,3,32526.93,40000.0,0.3705,4323.78,0.0,5,55125.83,6.03,21,1,1656.19,4.0
27889.52,2598.1,2445.27,0.3468,0.3179,15641.98,3,24593.67,0.0,0.3,8317.34,0.0,11,21051.22,4.06,16,0,18332.77,30.0
38549.51,2785.08,2070.85,0.2397,0.296,12966.31,1,2244.68,5000.0,0.4225,3015.48,0.0,10,27194.4,2.12,16,0,25458.08,30.0
30563.27,2173.75,1419.81,0.2397,0.3687,15963.54,2,21042.86,28500.0,0.3373,3986.0,0.0,19,25453.32,3.27,28,0,15392.67,30.0
20204.47,2232.59,3142.87,0.394,0.1668,5234.72,3,22728.0,0.0,0.3228,3979.78,27308.4,4,17927.51,2.08,3,0,18298.73,30.0
230613.98,9521.99,6092.47,0.1067,0.0988,16113.98,2,47915.76,0.0,0.3041,7094.65,0.0,16,195315.09,5.4,19,0,258731.04,30.0
152095.98,6727.92,4332.07,0.2764,0.2442,45525.39,4,36071.7,0.0,0.5248,13260.82,0.0,2,132786.62,4.51,28,0,122697.43,30.0
84122.46,5579.11,4194.02,0.1237,0.1487,17020.18,5,69111.25,0.0,0.2869,5031.04,0.0,21,79293.49,5.34,26,0,99102.78,30.0
55678.19,2990.02,2369.98,0.4978,0.2198,10740.15,1,23014.92,5000.0,0.5115,6269.75,0.0,14,47752.89,3.78,8,0,51860.29,30.0
112279.58,4748.9,4078.81,0.4227,0.183,45867.46,3,28596.3,40000.0,0.4338,5907.55,0.0,9,104472.65,5.77,27,0,55914.78,30.0
48132.46,2770.66,3017.25,0.3187,0.326,23874.02,4,9635.32,5000.0,0.3655,2641.48,7397.92,3,26959.05,1.63,18,0,22777.6,30.0
327483.46,5355.01,7469.73,0.1126,0.0723,19379.52,4,69398.29,0.0,0.2642,2804.68,63441.47,15,189221.12,6.34,12,0,287878.13,30.0
108410.37,5050.54,2701.94,0.0848,0.1047,26003.71,5,84564.34,6000.0,0.2735,4224.27,0.0,24,102366.21,4.71,29,0,145937.73,30.0
268601.54,11675.4,3895.05,0.116,0.0897,23365.63,3,40393.52,0.0,0.3661,10974.05,0.0,13,248009.49,6.16,14,0,332174.68,30.0
21351.95,2927.13,3082.64,0.4351,0.1866,7980.78,4,21225.54,5000.0,0.4694,4205.75,4665.36,3,16416.83,2.26,14,0,17079.18,30.0
47838.39,2352.35,2743.08,0.4964,0.2813,18036.06,4,19374.13,0.0,0.2764,1593.3,11721.87,11,40490.93,1.95,20,0,27906.23,30.0
166134.17,8258.27,6314.03,0.1694,0.127,39119.08,5,72606.19,6000.0,0.3476,7363.42,0.0,9,89831.71,5.09,16,0,156479.1,30.0
251324.19,9380.34,6825.28,0.1412,0.0532,16595.36,3,70125.09,0.0,0.4725,6024.71,0.0,24,230928.52,4.64,11,0,278878.42,30.0
97578.26,3477.59,8495.27,0.4185,0.1846,41721.46,6,26880.88,8000.0,0.41,3356.24,150530.41,4,72747.54,6.84,16,0,40345.02,30.0
145446.85,6480.57,5062.35,0.1754,0.2973,45648.17,6,24336.29,20000.0,0.5749,11506.99,0.0,2,73229.05,8.37,13,0,100174.12,30.0
71022.31,6513.19,6776.51,0.1578,0.1289,63414.29,5,44492.84,40000.0,0.5398,10417.17,7899.53,11,58506.12,8.43,4,1,-11280.84,7.1
53273.65,2772.31,2996.81,0.2417,0.3969,12992.91,3,13376.81,28500.0,0.5299,4275.69,6734.83,13,40433.37,4.48,21,0,21645.4,30.0
311948.94,10294.09,4777.59,0.1743,0.0888,12571.46,4,82277.13,0.0,0.416,7674.28,0.0,19,220016.54,3.68,12,0,397054.28,30.0
103352.29,7390.14,5949.34,0.399,0.2328,52923.44,3,19341.46,40000.0,0.3875,11347.88,0.0,7,94037.0,4.69,11,0,37874.64,30.0
107019.6,4290.34,3308.34,0.2096,0.1323,26948.17,3,35379.26,20000.0,0.554,12234.65,0.0,17,85147.48,8.65,23,0,86331.17,30.0
36304.48,2385.27,3252.13,0.4823,0.1975,23699.51,4,18582.19,28500.0,0.5207,1520.66,26005.7,18,28333.84,2.02,22,1,-18621.94,9.4
8353.97,1416.83,3075.86,0.4754,0.3971,26424.35,2,4927.49,0.0,0.2237,8168.88,49770.84,6,4518.25,3.21,10,1,-27590.82,1.5
20705.47,2578.45,3167.57,0.4968,0.286,18166.03,3,19016.27,0.0,0.3871,6631.57,17673.64,17,15835.32,2.1,17,1,-8318.27,2.9
153601.91,5222.42,5986.87,0.1239,0.0773,34442.34,4,34371.18,0.0,0.4984,9541.09,22933.54,21,111171.29,5.08,17,0,94768.59,30.0
40702.73,6189.5,6917.91,0.4455,0.1684,23850.74,3,41771.76,0.0,0.4005,4102.43,21852.27,3,35061.17,4.66,26,0,27675.29,30.0
59232.79,1303.66,3133.34,0.3076,0.1953,25968.26,2,10132.13,0.0,0.4466,8219.09,54890.49,8,37157.45,3.38,8,0,20781.92,30.0
60051.76,1933.29,1420.12,0.4073,0.2384,8892.26,3,18787.42,14000.0,0.5416,4400.38,0.0,19,51604.23,1.71,5,0,53929.12,30.0
82479.55,11993.07,4153.54,0.1054,0.0915,15880.57,2,66766.96,6000.0,0.2522,10859.06,0.0,5,67857.23,5.36,27,0,117652.76,30.0
93807.36,5375.27,5564.75,0.0856,0.0687,24368.65,5,34360.48,0.0,0.2975,6812.47,5684.41,16,61889.63,7.73,11,0,62683.71,30.0
43079.43,3085.83,3082.24,0.2721,0.3733,21834.16,4,13302.12,0.0,0.4574,2459.59,0.0,20,27826.6,3.81,25,0,15000.45,30.0
82764.42,3162.16,5570.35,0.2679,0.2327,55589.1,3,21339.71,20000.0,0.5036,3048.47,72245.75,17,50692.54,9.08,5,1,-25959.88,10.4
159265.3,2924.15,6007.59,0.3742,0.2769,52929.49,7,8977.38,20000.0,0.3964,7097.42,92503.02,16,150056.36,6.39,12,0,41798.95,30.0
293418.22,7634.77,7918.67,0.179,0.0836,23862.96,2,38483.87,6000.0,0.4371,6325.23,8516.8,4,272141.56,7.15,15,0,274869.76,30.0
19793.21,1841.71,2350.96,0.5379,0.1669,6478.64,3,24204.65,28500.0,0.2591,3022.85,15277.61,24,16777.2,1.52,26,1,-12589.3,6.5
105776.11,11264.46,5381.4,0.1122,0.1109,11190.92,5,91743.7,0.0,0.3202,6790.08,0.0,16,96835.47,5.09,16,0,189475.5,30.0
82387.89,7218.59,7520.52,0.1016,0.1078,32652.85,2,20000.63,6000.0,0.3302,9365.65,9058.02,12,48973.32,5.2,18,0,33996.38,30.0
21483.28,1819.78,3109.41,0.2885,0.3933,17085.96,1,8449.24,5000.0,0.4788,8997.88,38688.97,5,20238.68,2.86,26,1,-2399.68,1.5
56636.18,2175.5,1932.97,0.4484,0.3604,23533.31,2,16103.49,28500.0,0.3645,6854.92,0.0,17,44669.51,2.37,6,0,21904.48,30.0
46293.68,3026.0,2667.95,0.5162,0.2349,9219.42,4,6383.62,0.0,0.2149,4838.46,0.0,16,40538.57,3.3,14,0,35774.32,30.0
44061.47,2055.06,2798.47,0.3501,0.3769,20727.57,3,24973.66,0.0,0.2089,2936.75,22302.32,7,37700.37,2.43,5,0,24956.0,30.0
115471.2,4681.03,3247.03,0.1189,0.1424,22858.89,5,21761.08,6000.0,0.2506,10037.98,0.0,21,59381.85,7.77,14,0,108906.49,30.0
174664.71,6417.9,5306.46,0.2808,0.1289,54804.33,7,8554.73,0.0,0.4564,8344.84,0.0,3,144875.48,4.98,18,0,123116.64,30.0
91550.32,7116.84,4943.42,0.375,0.2853,15753.69,6,25549.74,8000.0,0.3949,14364.97,0.0,14,63565.5,9.26,18,0,92803.43,30.0
7856.28,2805.7,2328.16,0.2502,0.1714,7179.0,4,5888.67,28500.0,0.4242,5871.13,0.0,2,5483.91,2.84,30,1,-11148.49,1.0
25230.32,2903.85,3264.33,0.3293,0.3525,24115.19,2,5298.17,5000.0,0.2272,1557.01,10814.63,21,13566.22,3.23,11,1,-18959.15,6.9
119222.84,5537.9,4180.82,0.2208,0.216,44677.71,5,14740.02,8000.0,0.4905,9495.47,0.0,9,98403.53,7.68,25,0,79115.26,30.0
112651.77,5202.52,7963.69,0.3821,0.165,30134.04,5,43060.11,8000.0,0.4264,3798.35,82835.21,2,87602.59,4.8,15,0,88140.5,30.0
35846.17,6477.22,4675.1,0.367,0.1806,52588.05,3,25604.71,40000.0,0.6985,5546.46,0.0,10,29331.96,8.26,27,1,-21682.89,4.3
178407.37,6567.39,4850.38,0.3849,0.1874,53278.53,3,38829.27,40000.0,0.6545,3370.16,0.0,6,104301.77,5.72,22,0,122066.87,30.0
58354.1,1897.38,2119.66,0.2282,0.393,13856.8,1,8060.97,14000.0,0.4725,7244.45,6668.18,16,52659.46,3.01,24,0,31813.66,30.0
169846.41,3926.39,6233.9,0.1707,0.1961,53366.25,5,51792.06,8000.0,0.6905,4057.58,69225.09,5,160375.45,6.69,6,0,117853.06,30.0
296916.08,10353.83,5333.74,0.1321,0.0755,20157.72,4,45022.22,0.0,0.3665,2205.02,0.0,9,254783.03,6.23,21,0,321463.28,30.0
100109.83,4776.53,3669.45,0.3466,0.2155,15498.96,7,43312.34,8000.0,0.3555,5432.35,0.0,17,75775.9,5.55,5,0,101041.76,30.0
49289.12,1319.57,2317.94,0.491,0.395,9860.97,2,24212.59,14000.0,0.4438,2979.49,29951.17,3,35955.8,2.46,23,0,38805.28,30.0
204947.79,7429.59,6262.67,0.0816,0.1134,28824.36,3,50106.85,6000.0,0.3514,6528.75,0.0,23,189493.24,5.59,17,0,186171.85,30.0
165555.2,6330.99,5033.22,0.3312,0.1441,50096.67,5,10746.6,20000.0,0.5905,3537.69,0.0,12,146312.24,9.81,14,0,110419.73,30.0
13180.35,1777.55,2163.57,0.3253,0.2914,26031.71,3,5438.95,0.0,0.2729,2922.46,11580.57,5,12188.67,3.23,11,1,-13945.99,1.1
138195.44,6573.93,4412.9,0.1507,0.202,24906.7,5,47397.29,8000.0,0.6179,4501.47,0.0,17,107080.08,8.33,29,0,143003.56,30.0
331975.47,10566.58,5415.61,0.0971,0.0725,30329.05,4,55815.08,0.0,0.3544,9290.21,0.0,6,232111.91,5.76,6,0,342949.19,30.0
38017.41,5422.36,6117.91,0.4065,0.252,44007.16,6,39705.72,40000.0,0.3609,9670.98,20866.7,9,30223.95,5.02,19,1,-25512.42,1.5
284069.89,9008.04,6341.97,0.1298,0.0876,35382.32,4,42495.65,0.0,0.29,10035.91,0.0,14,221931.42,3.03,6,0,277747.51,30.0
254870.07,9720.87,5392.94,0.1471,0.0566,16675.48,2,74419.35,0.0,0.3127,9219.29,0.0,17,218615.31,3.7,29,0,308138.54,30.0
20041.94,2907.35,2381.58,0.3874,0.3912,25569.47,4,4887.61,28500.0,0.4928,7423.65,0.0,11,11080.41,3.63,25,1,-18319.88,2.4
141231.42,5657.88,8466.27,0.2802,0.1624,35047.39,3,32974.78,8000.0,0.4204,9045.36,84251.66,5,100230.19,6.57,24,0,95922.63,30.0
8927.52,2073.28,1809.57,0.5103,0.3404,22221.64,3,12101.86,28500.0,0.4164,1855.59,0.0,14,7508.89,1.56,22,1,-25499.35,1.0
171895.63,6653.94,3343.31,0.3849,0.1341,59107.63,6,21560.44,0.0,0.5499,12678.21,0.0,8,87020.47,9.02,9,0,137179.87,30.0
70387.54,6638.48,6504.31,0.25,0.1636,30338.36,3,29368.35,20000.0,0.5893,5048.04,0.0,4,66550.15,5.85,15,0,36929.7,30.0
216613.1,10241.63,6207.02,0.089,0.1018,28302.53,5,78628.84,0.0,0.296,7840.58,0.0,5,195715.78,6.99,21,0,230205.37,30.0
64575.85,1771.66,2664.75,0.5053,0.2223,18317.2,3,16083.13,14000.0,0.4123,6900.11,26792.89,15,51347.18,3.45,7,0,27386.52,30.0
21688.53,1516.28,1559.88,0.2806,0.2195,5276.7,3,16869.76,14000.0,0.3633,8769.47,1308.14,5,14068.24,2.89,16,1,14955.22,6.2
151330.38,3519.45,4221.49,0.3722,0.1697,33595.77,3,18845.87,0.0,0.5026,12499.97,21061.26,17,141479.85,6.43,3,0,101311.31,30.0
144572.94,3946.35,3733.57,0.393,0.2969,61801.65,3,18294.23,8000.0,0.5806,12902.69,0.0,10,81762.64,7.01,19,0,80548.88,30.0
26458.09,1321.11,1795.03,0.2245,0.3693,7310.02,1,18407.52,0.0,0.4729,7946.36,14217.48,22,21728.71,2.0,23,1,10445.06,13.8
261170.86,4848.78,5282.92,0.1672,0.0543,38974.02,4,94164.7,0.0,0.4405,4816.03,13024.4,13,187617.91,5.46,27,0,241662.9,30.0
97154.94,4656.68,3345.2,0.3365,0.2533,16130.48,7,28165.17,0.0,0.6266,10495.63,0.0,8,89526.33,9.09,4,0,95833.83,30.0
7991.95,1553.38,2417.11,0.488,0.1885,25107.1,2,13283.6,0.0,0.3919,7324.44,25911.86,16,4153.98,3.47,18,1,-30550.9,2.0
303354.18,5693.18,6726.17,0.148,0.1262,38353.01,5,94007.64,0.0,0.4797,5350.96,30989.83,26,267211.13,3.16,9,0,246240.2,30.0
38907.68,2245.79,3228.93,0.3395,0.1858,7396.25,1,6063.57,0.0,0.4474,6049.74,29494.1,14,30400.77,3.56,1,1,13819.53,15.2
13675.41,1452.03,3215.15,0.4628,0.2607,9855.1,1,22801.84,0.0,0.2336,4874.41,52893.5,2,7389.15,2.59,10,1,9120.8,1.8
158076.63,6107.25,4018.5,0.1717,0.134,27902.56,4,26161.82,0.0,0.4249,6412.28,0.0,27,96923.79,4.62,13,0,163823.21,30.0
115261.14,5474.49,5831.31,0.1766,0.128,13485.07,2,45616.95,0.0,0.3859,8386.92,10704.39,4,75632.33,5.82,2,0,114182.03,30.0
165241.23,6687.98,7554.47,0.1157,0.147,8645.9,5,74779.88,0.0,0.4582,8842.5,25994.8,8,90359.02,3.5,30,0,168758.81,30.0
36747.17,2136.08,2155.73,0.3652,0.3362,5371.89,4,7278.74,28500.0,0.3608,5296.17,589.39,9,29834.67,2.56,27,0,16629.72,30.0
38158.63,6132.67,7387.03,0.4447,0.1832,51844.01,4,53977.85,0.0,0.526,13498.41,37630.65,12,26800.72,6.03,25,1,-22216.78,2.5
114893.31,3845.72,4918.01,0.3743,0.1686,21606.22,7,43755.01,8000.0,0.5271,4372.27,32168.64,12,73737.39,6.68,22,0,84625.64,30.0
59821.41,3185.57,2759.04,0.3809,0.26,14398.12,4,14173.28,5000.0,0.2064,7500.87,0.0,23,47796.78,1.57,10,0,43584.91,30.0
28496.31,1833.87,3345.34,0.379,0.3884,6710.17,4,16719.3,0.0,0.3125,1779.33,45344.32,4,15847.98,2.64,9,0,21168.01,30.0
37398.21,2596.14,3404.1,0.4317,0.3865,7965.61,1,17292.48,14000.0,0.2856,4063.66,24238.77,17,32062.61,1.55,29,1,7074.18,16.9
43576.87,4807.53,4849.62,0.1971,0.1117,28576.05,4,20281.12,8000.0,0.3595,13304.74,1262.81,8,39584.41,7.12,21,1,11590.78,5.0
97017.27,5080.04,7547.25,0.4309,0.2489,32307.26,6,41146.82,8000.0,0.661,10712.71,74016.27,15,55221.06,6.53,15,1,24823.99,16.7
111021.21,11607.69,6372.2,0.0828,0.1077,8433.26,4,20716.52,0.0,0.3282,4746.76,0.0,13,97885.82,7.63,11,0,148839.87,30.0
293238.3,8009.46,5709.12,0.0854,0.1465,39024.8,3,39938.97,0.0,0.3407,8615.19,0.0,6,249365.41,5.19,21,0,275101.65,30.0
64872.69,7259.56,5339.44,0.195,0.1043,50987.74,4,19317.2,20000.0,0.6826,12334.98,0.0,6,34257.4,7.39,27,1,14608.45,6.0
85167.79,6521.13,7637.09,0.1955,0.2173,26147.45,4,16351.63,40000.0,0.4784,9082.36,33478.75,8,71194.49,8.64,30,0,25928.34,30.0
51171.0,3144.39,2181.89,0.2052,0.3842,27935.25,1,18051.14,0.0,0.4636,7757.67,0.0,13,28918.01,1.97,27,0,34280.78,30.0
57945.3,2531.37,2392.94,0.4871,0.2092,10884.21,2,6830.79,0.0,0.2837,5754.15,0.0,20,48472.13,2.32,2,0,42610.97,30.0
275117.31,5619.52,4812.38,0.1186,0.1302,11341.72,4,82737.42,6000.0,0.4298,6720.1,0.0,19,193048.29,3.67,1,0,288927.3,30.0
26584.45,1650.02,2134.6,0.4876,0.3394,16715.91,3,24539.71,0.0,0.3717,7368.76,14537.61,21,14394.91,4.36,22,1,2291.16,9.9
286496.61,5578.26,5072.99,0.0833,0.093,22004.35,2,22592.48,0.0,0.4251,4321.56,0.0,25,203469.21,6.14,8,0,258270.02,30.0
169021.26,6418.03,4090.12,0.3877,0.1462,59593.2,4,48032.19,20000.0,0.5006,9390.1,0.0,4,109857.22,8.96,10,0,122825.84,30.0
310405.38,4996.07,4408.61,0.1006,0.0636,36467.66,4,50355.5,6000.0,0.3537,8256.61,0.0,26,199478.16,5.35,4,0,280887.27,30.0
110643.17,5762.93,3632.17,0.3496,0.1388,17465.51,3,41131.37,8000.0,0.4872,9150.41,0.0,15,69295.74,7.78,20,0,121086.1,30.0
43812.39,1585.84,2504.62,0.5097,0.3328,23932.3,4,3350.2,28500.0,0.4539,7865.37,27563.31,23,25787.15,4.37,28,1,-21995.06,14.7
308309.44,11869.0,6942.7,0.1941,0.0868,18244.83,4,90336.19,0.0,0.3745,4397.94,0.0,24,225076.29,5.54,25,0,388239.03,30.0
58099.91,2200.42,2618.08,0.362,0.2611,15495.22,3,2318.11,14000.0,0.2653,5282.97,12529.78,14,48473.23,2.75,16,0,24225.73,30.0
46892.62,1778.22,2951.27,0.2304,0.2334,24068.59,3,14106.42,5000.0,0.2418,6222.33,35191.33,7,40540.16,3.96,14,0,15157.71,30.0
53565.39,2182.77,3473.09,0.514,0.3733,9687.54,4,23480.68,0.0,0.3141,2496.77,38709.55,15,38026.86,4.29,27,0,27534.69,30.0
82678.51,3965.43,5300.81,0.4377,0.1846,16116.61,6,47306.68,20000.0,0.4409,9830.91,40061.39,10,62832.61,8.06,25,0,54418.57,30.0
49408.47,2837.14,2474.82,0.2023,0.2811,24394.77,3,17304.47,0.0,0.2537,5719.28,0.0,21,26512.13,1.79,23,0,27636.06,30.0
129018.46,7441.97,4853.34,0.1595,0.1047,38734.76,5,27197.68,0.0,0.2965,2300.16,0.0,7,79279.33,7.12,2,0,108063.66,30.0
63081.14,2367.92,1975.91,0.2966,0.3528,17401.47,2,23559.78,14000.0,0.5103,6592.73,0.0,16,51270.71,4.05,25,0,46821.84,30.0
93300.41,4461.63,6486.68,0.2436,0.2927,52141.65,4,33295.37,8000.0,0.5588,10103.31,60751.32,10,50826.19,9.17,1,1,21180.91,9.3
103102.8,11785.82,7830.41,0.199,0.148,10982.38,5,48742.9,0.0,0.2873,8574.17,0.0,22,85873.41,3.88,8,0,147307.85,30.0
20146.9,2970.86,1454.1,0.2605,0.1832,25239.42,3,8419.01,28500.0,0.5323,1537.7,0.0,8,14289.57,3.9,1,1,-8091.43,3.6
13504.81,2789.16,1405.31,0.2718,0.3088,23662.34,4,2851.49,14000.0,0.2359,3418.64,0.0,3,7586.56,3.25,1,1,-13770.24,1.0
93387.36,7820.3,7768.02,0.1403,0.0632,26323.03,4,62523.26,0.0,0.3228,8267.91,0.0,4,86949.78,3.25,18,0,85597.47,30.0
129297.55,6845.94,7766.25,0.1585,0.1567,60198.25,7,31079.5,0.0,0.4362,3079.74,27609.41,5,87667.35,8.96,1,0,70694.57,30.0
63820.18,2669.66,2572.53,0.3158,0.3105,24384.13,2,20783.07,28500.0,0.4356,6593.87,0.0,20,45456.07,3.01,6,0,24796.4,30.0
235355.37,10917.53,7743.24,0.0952,0.1055,29091.42,3,36732.24,0.0,0.471,10720.74,0.0,10,140808.41,4.02,22,0,230309.27,30.0
138327.45,7217.36,3457.39,0.1912,0.0911,32990.34,2,93062.91,6000.0,0.3155,4461.19,0.0,12,126083.89,3.71,11,0,167179.03,30.0
106585.05,5243.53,3537.04,0.2031,0.2772,26417.22,3,44338.84,20000.0,0.6637,5423.92,0.0,13,60874.07,8.85,15,0,95978.29,30.0
15322.49,2187.59,2337.32,0.3814,0.3319,11670.02,4,14564.93,28500.0,0.5123,2388.47,4491.91,6,13152.44,3.65,24,1,-8596.38,1.0
121474.4,5052.0,8309.72,0.2911,0.2465,39696.59,6,30546.69,20000.0,0.4055,7998.43,97731.54,16,81291.27,4.39,25,1,15609.98,17.0
43518.28,1246.5,3176.23,0.541,0.3194,24517.18,4,4576.68,0.0,0.5243,3710.99,57892.02,21,31363.3,4.17,12,1,-24650.98,8.7
172444.07,5097.31,3546.79,0.1103,0.0678,27937.98,3,77643.14,0.0,0.3106,11958.52,0.0,13,118615.2,4.55,11,0,182667.49,30.0
253204.05,9607.71,3748.09,0.119,0.1456,22241.31,3,53274.49,6000.0,0.4617,3649.22,0.0,9,236800.79,4.58,11,0,284928.71,30.0
328395.78,7886.59,4152.53,0.1205,0.1079,30387.88,5,28213.64,0.0,0.3187,11107.39,0.0,11,292514.41,7.81,3,0,331875.06,30.0
55248.07,2050.91,3276.58,0.2971,0.268,21911.21,4,13150.71,5000.0,0.2976,3114.18,36770.32,12,29022.59,4.42,24,0,16507.56,30.0
287723.75,10311.42,7093.71,0.1727,0.0984,12759.47,3,79102.98,0.0,0.4364,7976.16,0.0,20,184772.93,4.11,15,0,329649.36,30.0
56153.63,6819.09,3377.98,0.2951,0.1111,17821.35,7,24995.17,20000.0,0.5378,8563.79,0.0,16,43180.65,8.93,24,0,71609.6,30.0
91992.5,7251.83,4477.25,0.2222,0.281,56001.58,6,49613.25,0.0,0.5764,3645.41,0.0,10,59538.28,5.19,30,0,69089.6,30.0
39770.67,2202.79,2007.21,0.2644,0.3545,12552.49,3,12599.01,5000.0,0.4407,8949.7,0.0,5,22561.07,3.32,15,0,27847.96,30.0
293089.42,5848.56,4140.87,0.0805,0.1082,37484.27,5,68674.52,0.0,0.3816,3638.89,0.0,4,267970.7,3.21,11,0,285369.9,30.0
20748.25,2031.15,2808.21,0.4128,0.2115,6377.61,2,24205.56,0.0,0.2675,4780.59,23312.06,10,12505.02,2.83,26,1,12598.69,4.4
46720.9,2993.59,1875.87,0.2404,0.2917,11870.08,4,18421.31,14000.0,0.3811,8143.27,0.0,11,25232.29,2.69,2,0,40999.41,30.0
134084.37,8205.2,3236.15,0.1044,0.1068,28687.26,3,76932.41,0.0,0.32,11171.28,0.0,24,80828.42,5.77,6,0,216244.2,30.0
315225.96,8965.48,3468.09,0.1739,0.102,21624.47,3,47312.87,0.0,0.4029,9179.43,0.0,11,275499.51,3.53,25,0,352919.98,30.0
48011.47,1630.84,1917.03,0.4054,0.3959,11293.49,1,19683.32,28500.0,0.3436,3953.68,8585.64,13,30964.45,4.31,25,0,21671.5,30.0
24201.1,2232.05,2675.5,0.349,0.2531,17506.87,1,13700.59,14000.0,0.4581,1522.71,13303.55,18,16694.34,4.4,29,1,-10723.73,6.6
14570.03,2796.9,1462.27,0.4168,0.2355,12163.08,4,16725.18,0.0,0.4086,7416.36,0.0,22,11858.9,2.33,15,1,25723.81,30.0
8436.62,1838.67,1551.83,0.5239,0.1754,22170.85,2,15703.07,5000.0,0.4861,8295.95,0.0,4,6370.02,1.72,25,1,-10333.61,1.7
154401.19,3074.41,4445.07,0.3201,0.2761,46572.96,6,16092.24,0.0,0.6347,11154.38,41119.72,17,119555.09,6.96,25,0,80180.21,30.0
13581.59,3016.81,1556.38,0.2696,0.2295,11628.65,4,16069.77,0.0,0.2805,3681.29,0.0,6,9811.24,4.39,30,1,13220.84,1.7
81322.02,7525.33,6426.18,0.1315,0.0759,28337.41,4,70364.22,0.0,0.3534,10815.17,0.0,6,54975.37,7.83,1,0,78769.34,30.0
94314.61,3900.18,4521.93,0.3862,0.1959,38231.22,4,15933.51,40000.0,0.3883,3550.21,18652.44,7,88629.94,4.44,26,0,32380.24,30.0
132814.16,6256.58,7710.85,0.1159,0.0923,13022.17,3,62542.69,0.0,0.4254,5440.37,43628.29,4,113648.92,5.55,17,0,133736.53,30.0
274248.28,6666.67,4073.22,0.1406,0.0507,13460.82,5,80733.86,6000.0,0.4524,11420.45,0.0,9,150822.11,4.71,8,0,301462.49,30.0
148928.25,3114.46,7876.82,0.2624,0.2844,29468.67,3,8755.83,20000.0,0.6651,12490.8,142871.01,16,116735.37,6.13,16,0,26702.71,30.0
43764.25,1417.11,2757.62,0.2471,0.3858,20155.29,3,22501.89,5000.0,0.3457,2449.43,40215.54,15,32878.0,3.87,22,1,5583.77,10.6
85364.49,2885.24,6610.76,0.3198,0.2957,55932.84,4,36197.4,20000.0,0.5278,9419.37,111765.67,2,66053.2,9.22,14,0,25727.04,30.0
165227.59,4130.37,7981.5,0.3485,0.1155,20796.98,7,14192.41,8000.0,0.4831,8719.14,115533.89,13,117947.23,8.23,7,0,85339.6,30.0
163263.42,3117.33,6868.16,0.3188,0.135,64996.98,7,50067.89,0.0,0.3926,11327.41,112524.69,1,114472.13,7.85,13,0,113623.88,30.0
104249.86,4273.71,4207.51,0.1568,0.2175,44150.87,6,14267.63,20000.0,0.3998,13300.21,0.0,7,91789.02,5.12,11,0,49690.32,30.0
207542.78,11154.71,3953.71,0.133,0.0584,29469.16,4,76230.04,0.0,0.3557,10944.93,0.0,25,120537.2,6.0,4,0,333598.56,30.0
87337.07,4745.97,7761.04,0.368,0.1419,24257.12,4,24794.61,0.0,0.4099,12863.19,90452.04,10,70119.09,9.43,28,0,33605.2,30.0
269266.33,5994.36,7664.08,0.1073,0.0873,39435.96,4,66802.5,0.0,0.4567,4086.57,50091.8,27,170477.95,6.95,14,0,179174.76,30.0
63022.66,2370.34,1780.83,0.4195,0.1606,17290.94,1,21927.28,0.0,0.2656,6244.73,0.0,3,50196.84,3.26,22,0,55257.6,30.0
11866.02,2563.76,1666.39,0.3617,0.2077,17181.59,1,5947.64,0.0,0.3162,5029.68,0.0,20,7023.67,2.13,22,1,5046.59,1.0
53331.43,2517.23,2451.47,0.2793,0.2205,5159.86,2,2531.39,5000.0,0.5424,4072.03,0.0,4,46535.39,1.76,4,0,44982.24,30.0
26089.01,1211.62,2516.97,0.5182,0.252,16169.87,1,4643.54,28500.0,0.5058,8606.84,39160.73,24,19420.01,2.54,19,1,-39436.17,5.9
16118.75,2334.44,3458.88,0.4938,0.341,6174.61,2,15291.54,0.0,0.4675,5458.15,33733.35,14,13367.6,4.32,6,1,-6457.03,1.2
46903.96,1274.83,3185.86,0.4069,0.1784,8853.94,2,9005.99,0.0,0.4308,6047.3,57330.81,10,39324.94,3.9,5,0,19770.68,30.0
320210.95,9455.23,6401.26,0.1546,0.1279,27087.1,2,77950.17,0.0,0.3378,7467.06,0.0,12,170865.15,5.98,28,0,337955.88,30.0
134447.32,4131.28,4905.37,0.3286,0.2414,57520.56,7,9742.42,20000.0,0.655,12150.26,23222.64,14,75673.96,4.58,11,0,48801.24,30.0
6607.18,3179.7,2881.2,0.2492,0.2267,8439.38,3,11164.76,5000.0,0.5448,3204.12,0.0,23,4217.07,3.63,21,1,-7500.55,2.2
29640.26,1888.57,1459.11,0.3244,0.3829,18102.14,2,12827.46,0.0,0.2961,5891.93,0.0,5,27479.18,2.02,3,0,16832.55,30.0
48020.26,1202.51,1402.25,0.2465,0.27,15550.18,4,17550.27,0.0,0.2168,6916.14,5992.03,21,29667.0,3.36,13,0,30480.07,30.0
53838.77,1633.82,2182.9,0.2359,0.2741,7031.93,2,6307.47,14000.0,0.3336,1544.67,16472.56,13,32578.85,3.96,13,0,30732.9,30.0
44868.14,2434.51,2829.36,0.2548,0.3009,11822.15,4,10125.15,14000.0,0.3896,4894.16,11845.41,8,29384.85,2.52,13,0,22374.67,30.0
84612.78,6055.67,3972.26,0.2291,0.1413,40369.51,5,34124.28,0.0,0.6221,4074.81,0.0,10,65247.91,8.15,7,0,66459.6,30.0
48211.38,2888.03,3316.84,0.2103,0.3061,6548.04,2,13432.58,0.0,0.5463,5901.87,12864.33,8,26072.86,2.79,12,0,39040.76,30.0
99760.65,5001.92,6467.28,0.3136,0.1964,35716.2,3,49352.42,20000.0,0.5877,12179.77,43960.73,14,57597.82,4.4,1,0,39348.14,30.0
168919.68,3807.1,5033.04,0.2665,0.1767,32167.84,3,52582.71,0.0,0.5602,7725.24,36778.11,2,89073.43,6.62,21,0,153459.34,30.0
143430.75,9754.62,7533.32,0.1508,0.1361,34664.2,2,85990.17,0.0,0.3062,11104.31,0.0,26,123511.08,7.54,25,0,150067.07,30.0
58361.06,6052.84,3537.26,0.2102,0.2286,64707.36,4,53430.07,40000.0,0.6677,12260.31,0.0,3,34367.75,7.56,15,1,-1288.7,1.7
139844.78,5293.16,8341.27,0.2885,0.1027,19055.63,3,41631.29,40000.0,0.5145,14158.59,91443.19,16,96310.53,8.9,23,0,51831.73,30.0
28168.18,1866.5,3182.18,0.4187,0.3444,10152.38,4,8611.76,0.0,0.3303,6688.07,39470.46,15,25533.52,3.1,1,1,-3311.87,6.3
50504.02,2023.94,3194.07,0.4981,0.2379,16583.63,3,10689.79,0.0,0.3203,8352.25,35103.99,13,42956.62,2.02,29,0,18476.02,30.0
33771.26,4890.15,3993.47,0.4119,0.1025,28614.16,3,33797.93,0.0,0.6556,14290.07,0.0,3,27438.68,5.92,29,1,18854.82,1.0
61126.84,2690.31,2366.53,0.3186,0.1869,8201.59,4,12376.42,5000.0,0.2328,4676.96,0.0,3,53876.11,4.42,4,0,54492.99,30.0
243956.78,6982.36,4025.01,0.0898,0.1187,26141.74,3,82072.2,6000.0,0.4793,9567.72,0.0,21,168126.1,6.01,4,0,280549.8,30.0
54914.28,1241.49,2470.32,0.4018,0.1639,24010.6,3,19231.31,0.0,0.2615,7431.25,36864.81,14,27724.19,3.63,26,0,17602.5,30.0
87123.59,6011.46,5363.26,0.3385,0.2666,22207.65,7,37940.8,40000.0,0.6596,3202.59,0.0,14,63046.21,7.35,10,0,52329.55,30.0
51584.65,2744.95,1658.11,0.3593,0.2987,21713.54,2,20475.55,0.0,0.5008,8913.22,0.0,8,38770.68,4.48,9,0,41786.79,30.0
13669.22,2676.48,2958.67,0.39,0.2387,8874.03,3,18427.85,28500.0,0.4879,2699.25,8465.87,14,8806.92,1.8,13,1,-14217.45,1.1
245931.03,4843.54,3551.69,0.1321,0.1459,32019.87,3,77522.81,0.0,0.2737,9913.52,0.0,23,213004.98,4.32,7,0,252333.78,30.0
26841.84,2831.49,1485.01,0.3801,0.3801,7616.91,3,8581.44,0.0,0.5098,7532.28,0.0,20,21474.55,2.4,10,0,37742.53,30.0
9738.56,1943.33,2589.34,0.4266,0.2919,22820.03,3,21792.96,0.0,0.5143,2651.51,19380.5,13,6005.36,4.21,20,1,-17448.51,1.4
67901.37,3441.21,7932.99,0.3576,0.2057,39303.93,4,16905.79,0.0,0.6879,13195.09,134753.37,7,59888.34,6.71,15,1,-1182.52,4.1
7922.42,2437.08,2954.85,0.4121,0.2753,14280.89,4,10812.33,14000.0,0.5405,1684.98,15533.14,2,6491.89,2.47,7,1,-10437.11,1.2
60907.04,2782.15,1774.52,0.3357,0.1761,13609.07,2,22659.83,0.0,0.4099,8703.96,0.0,24,55394.46,2.52,14,0,67121.54,30.0
154535.29,4611.89,3211.44,0.1999,0.2854,36080.07,5,26838.46,8000.0,0.3616,10152.47,0.0,8,81644.5,7.0,11,0,128744.8,30.0
44416.95,1424.53,3402.56,0.3671,0.3908,15809.57,3,15164.98,5000.0,0.2674,1729.68,59340.97,8,26220.41,2.87,3,1,14207.65,7.9
132750.85,6980.51,3687.22,0.1664,0.1107,54098.18,3,36711.54,8000.0,0.4963,14356.73,0.0,16,84818.26,7.51,9,0,119812.78,30.0
49469.17,2818.22,2776.56,0.4745,0.2414,18219.47,1,10236.47,5000.0,0.2251,6036.64,0.0,23,45558.8,3.16,9,0,20639.37,30.0
17639.71,1679.45,2482.73,0.3878,0.1865,13276.67,2,23665.36,0.0,0.5407,7685.77,24098.57,22,12173.31,2.56,20,1,-11134.39,1.4
60433.03,2818.72,2085.8,0.5291,0.1763,22512.27,4,20646.44,14000.0,0.3129,6396.91,0.0,9,38074.22,2.22,9,0,40546.41,30.0
51563.61,2334.1,1610.23,0.3473,0.2785,11896.58,1,19324.88,28500.0,0.4442,7346.13,0.0,3,44978.96,3.67,28,0,33937.45,30.0
309059.26,7472.59,6575.73,0.1959,0.1122,28652.2,5,73359.64,6000.0,0.4529,7737.5,0.0,16,267471.92,5.81,25,0,296827.74,30.0
57515.91,1592.31,3404.3,0.4818,0.3703,13295.77,1,6476.76,14000.0,0.2814,8089.0,54359.73,15,35689.72,3.61,30,1,8363.39,15.4
132572.76,4310.81,4310.33,0.2261,0.1167,17634.4,6,40047.85,8000.0,0.5149,7874.8,0.0,7,122396.96,6.44,9,0,121016.53,30.0
118426.52,5459.72,3928.78,0.1136,0.1465,13648.59,5,46793.15,0.0,0.4451,2597.38,0.0,7,75667.57,3.23,22,0,126248.94,30.0
144635.09,10505.43,3000.59,0.1514,0.1363,8835.78,4,74026.25,0.0,0.2698,8348.88,0.0,5,119022.64,4.55,22,0,192365.7,30.0
173491.35,3259.79,6004.77,0.1533,0.265,31786.5,6,26799.54,0.0,0.4504,6993.21,82349.51,11,155987.12,6.37,24,0,115226.61,30.0
171459.58,6916.91,7063.75,0.4252,0.2635,60806.46,3,34074.14,20000.0,0.5258,9027.38,4405.18,15,120645.61,9.6,23,0,91420.38,30.0
42278.18,2255.48,2966.88,0.3228,0.186,6328.78,2,9428.96,14000.0,0.2827,6627.26,21342.0,8,27078.87,1.58,20,0,23125.37,30.0
55665.04,6289.43,5483.51,0.3316,0.1475,18062.42,7,34458.44,40000.0,0.6481,5080.02,0.0,10,33246.01,9.18,18,0,26979.02,30.0
38710.61,2550.6,2897.16,0.4534,0.3739,19697.05,4,24424.07,0.0,0.4887,6057.73,10396.86,21,34430.05,3.32,26,1,11213.7,18.5
336900.34,11745.47,3712.79,0.0924,0.1119,29136.0,4,54752.28,0.0,0.4319,5069.97,0.0,7,319160.97,5.7,20,0,369995.0,30.0
17313.95,2160.03,2098.42,0.337,0.2907,13008.8,1,22399.16,14000.0,0.2975,6498.6,0.0,4,11622.66,4.08,14,1,5207.6,1.1
124969.28,3961.18,4462.06,0.3128,0.2226,27007.19,7,28826.98,20000.0,0.5795,12223.67,15026.5,17,106950.11,9.43,29,0,77583.48,30.0
128109.86,6660.44,6070.72,0.2412,0.118,34417.6,5,36257.85,40000.0,0.451,7375.83,0.0,12,101673.27,5.6,8,0,78995.27,30.0
54192.83,7490.36,3769.77,0.3321,0.2062,21029.57,3,54120.02,0.0,0.5568,9405.18,0.0,14,31557.78,9.62,22,0,85985.44,30.0
92446.77,5268.5,7826.12,0.1712,0.2088,52543.23,7,12187.53,40000.0,0.5954,14648.27,76728.53,1,74174.11,6.94,10,1,20934.23,1.0
91855.31,4642.39,7634.73,0.2447,0.229,16765.14,6,9189.62,20000.0,0.6557,10461.26,89770.3,17,53256.41,5.35,11,1,1784.13,16.7
17962.5,2163.32,2897.0,0.306,0.3255,17412.32,1,2274.51,0.0,0.4172,4292.91,22010.26,6,14782.44,1.86,16,1,-5212.2,1.0
94092.75,5688.26,4811.84,0.1934,0.0793,14730.31,5,57609.67,6000.0,0.3922,7214.36,0.0,15,86278.07,4.57,22,0,95493.97,30.0
46416.15,2971.79,1584.85,0.2101,0.2333,6564.73,3,24856.46,0.0,0.4765,6880.25,0.0,13,30535.47,3.37,23,0,59834.65,30.0
12746.64,1927.93,1722.95,0.3758,0.1589,23425.63,4,9019.52,0.0,0.351,8685.04,0.0,21,8573.05,3.73,9,1,-11317.25,1.0
39475.26,3618.13,4310.07,0.2891,0.2642,55581.54,3,26964.71,20000.0,0.4741,7565.85,20758.17,13,30832.68,5.87,30,1,-33392.65,2.8
117857.19,4391.57,3928.31,0.2159,0.1115,29547.92,4,45819.59,0.0,0.6177,9393.69,0.0,12,87239.64,9.36,14,0,102033.16,30.0
186030.33,8365.41,4982.09,0.1349,0.0714,33353.78,3,62871.04,6000.0,0.3556,6969.01,0.0,6,138987.72,5.75,4,0,184965.88,30.0
54482.19,3177.63,1876.6,0.5113,0.2864,11789.49,4,10242.56,14000.0,0.3568,8198.72,0.0,10,50514.08,2.97,1,0,47172.66,30.0
90063.03,6431.02,6876.56,0.3492,0.2211,54705.2,6,14049.39,40000.0,0.3955,7686.91,13366.15,10,59234.67,5.36,20,1,3360.51,11.2
57594.51,1864.03,2864.29,0.5006,0.3933,26022.05,4,20698.54,28500.0,0.2736,2421.96,30007.66,3,46963.46,3.18,6,0,21381.63,30.0
18958.29,1508.9,2746.07,0.2197,0.3256,11838.03,2,17323.5,5000.0,0.5132,4076.04,37115.08,7,16377.15,2.5,5,1,190.48,1.0
64854.73,1227.77,1542.34,0.4041,0.3275,5700.8,2,14557.47,0.0,0.4551,6774.85,9437.15,11,55666.2,3.66,18,0,59311.09,30.0
169204.74,2911.69,4298.93,0.3606,0.217,24677.78,4,9785.84,0.0,0.5931,9905.76,41617.07,9,111853.98,6.0,2,0,130699.41,30.0
90219.16,10625.09,3576.09,0.1492,0.0887,23508.92,3,50158.24,6000.0,0.3373,10704.14,0.0,26,59751.91,3.38,12,0,211541.42,30.0
21294.32,2803.05,2821.06,0.4523,0.2485,6112.79,1,12232.92,5000.0,0.4938,4622.81,540.13,10,18428.06,2.14,17,1,12294.3,9.7
70949.79,4416.69,8214.46,0.2147,0.1304,18721.38,6,11701.23,8000.0,0.3765,13507.03,113933.21,4,37020.65,9.92,30,0,34333.08,30.0
30603.9,4138.22,3292.74,0.2383,0.2371,29594.05,3,48542.09,0.0,0.6159,12649.29,0.0,3,28448.89,7.35,5,1,20414.5,1.0
181415.68,10480.83,6278.17,0.1715,0.0526,35518.45,3,76696.39,0.0,0.3575,10570.94,0.0,19,149858.27,5.34,27,0,216356.03,30.0
25513.72,3036.17,2663.58,0.5187,0.2274,9200.02,4,6053.34,5000.0,0.4228,3650.57,0.0,21,21967.48,2.34,10,1,11262.48,30.0
35704.38,3544.43,6927.68,0.3506,0.1179,44107.01,5,13485.1,20000.0,0.6761,6057.17,101497.38,13,25930.89,5.67,15,1,-65569.94,1.4
328172.82,10803.03,7902.83,0.1486,0.0551,15804.31,4,32079.27,6000.0,0.4658,11520.35,0.0,9,309300.53,6.34,1,0,329007.05,30.0
178114.04,2963.68,5223.06,0.4405,0.1739,29726.11,7,21280.4,20000.0,0.4894,10575.61,67781.27,11,94906.76,7.49,6,0,114502.91,30.0
196021.39,7430.62,4864.36,0.1534,0.0763,36419.88,3,81713.31,0.0,0.3093,6834.39,0.0,26,147883.56,3.42,12,0,219625.3,30.0
44579.49,2368.66,1813.25,0.3435,0.319,20788.73,4,10929.65,14000.0,0.3042,5319.57,0.0,21,37425.66,4.09,30,0,23113.38,30.0
106105.56,7365.84,7882.1,0.319,0.2116,53485.66,4,16874.06,20000.0,0.4472,14042.38,15487.66,9,58252.75,5.05,25,0,31277.88,30.0
264991.52,9587.16,5277.65,0.1445,0.079,38444.49,3,89472.52,6000.0,0.2886,9802.75,0.0,23,155888.98,5.44,17,0,314130.29,30.0
31099.7,3218.97,4716.41,0.1546,0.2367,51729.71,6,46939.03,20000.0,0.6358,12045.22,44923.24,17,25180.07,4.45,9,1,-47888.49,1.2
48317.95,5293.04,6260.43,0.4361,0.1844,48763.53,7,15306.66,8000.0,0.6626,6839.64,29021.64,17,37671.84,5.72,6,1,-32352.02,6.0
315996.08,4849.67,7693.97,0.0924,0.0947,30131.44,5,21904.56,0.0,0.3243,3564.45,85328.98,20,247047.22,6.53,25,0,218281.1,30.0
44646.52,7368.38,7697.07,0.2182,0.2038,58210.87,4,20346.1,8000.0,0.5277,7010.53,9860.43,16,37576.09,8.74,19,1,-38622.94,5.3
5124.71,3154.9,1981.25,0.2988,0.3331,22213.63,3,18183.33,28500.0,0.4036,4976.73,0.0,19,4259.95,3.94,10,1,-13383.26,1.0
261425.45,11148.66,2989.09,0.0847,0.093,22601.21,2,22950.81,0.0,0.457,6085.33,0.0,17,182485.62,7.35,7,0,349182.44,30.0
300769.2,6934.01,7108.86,0.1214,0.1122,14408.35,3,29685.68,0.0,0.2981,4641.92,5245.49,13,171864.83,4.66,23,0,277901.66,30.0
60145.5,1598.83,1545.12,0.3415,0.1981,16679.15,1,12764.44,0.0,0.2216,7145.46,0.0,11,39905.28,3.34,15,0,45539.25,30.0
275879.8,11227.08,3272.85,0.1441,0.052,28451.46,3,41518.43,0.0,0.4564,5665.8,0.0,11,206937.13,7.03,19,0,327098.51,30.0
70176.33,7153.51,4532.71,0.084,0.1317,23954.93,2,42557.84,0.0,0.4222,7280.82,0.0,9,60870.86,7.76,3,0,74281.6,30.0
245654.44,10019.7,7932.87,0.1254,0.0529,38871.07,4,63837.55,6000.0,0.4207,2133.3,0.0,19,223173.29,3.54,7,0,230109.86,30.0
328063.2,7531.62,3040.68,0.1631,0.1408,14001.92,4,30255.48,0.0,0.4951,10135.42,0.0,12,227802.08,6.82,15,0,362163.12,30.0
87379.91,3503.57,4736.05,0.3398,0.2454,27455.79,3,54230.65,40000.0,0.5651,14589.02,36974.31,3,79685.38,8.42,10,0,55485.03,30.0
174332.36,11339.59,2799.49,0.1681,0.0899,26248.76,5,35380.79,0.0,0.3171,7174.49,0.0,24,98973.1,3.39,30,0,312769.82,30.0
35483.02,2929.9,1893.04,0.2372,0.2729,17485.34,4,8913.65,0.0,0.4563,6137.42,0.0,8,27544.74,3.0,21,0,25159.6,30.0
51159.59,7408.87,4136.35,0.2944,0.1343,15492.21,4,16288.31,8000.0,0.4719,13608.11,0.0,2,43188.12,9.99,24,0,42125.63,30.0
93486.91,4280.24,5983.49,0.2035,0.2445,32318.76,5,46778.31,0.0,0.6991,10211.21,51097.47,13,78840.85,9.5,17,0,46959.85,30.0
22731.07,1385.78,2392.69,0.3523,0.2398,24771.71,1,9700.64,14000.0,0.5434,3330.68,30207.14,7,14778.72,3.57,5,1,-14543.62,1.5
33026.71,1801.93,3535.03,0.4727,0.3915,26588.91,2,19055.77,28500.0,0.3306,3785.06,51992.8,7,20811.13,3.94,15,1,-14979.6,3.8
102974.12,3753.04,7839.92,0.3843,0.1281,49552.21,6,12911.64,0.0,0.4786,9505.59,122606.31,4,88895.63,6.83,17,0,38808.42,30.0
48530.26,4519.38,5477.6,0.3753,0.104,22681.88,3,18454.18,0.0,0.485,8374.6,28746.51,6,41985.3,7.13,15,1,21952.7,4.8
37646.28,1446.51,1491.86,0.3164,0.3495,27522.05,1,24489.54,0.0,0.2546,4184.18,1360.43,12,21929.48,2.26,15,0,15322.28,30.0
65965.76,6726.37,7620.26,0.2357,0.2507,58946.8,3,44952.76,20000.0,0.6501,10081.59,26816.83,13,37755.7,7.6,3,1,-14304.02,7.2
27408.76,1710.96,1622.99,0.3826,0.3663,27346.54,4,14139.57,14000.0,0.3175,3276.01,0.0,19,19777.33,3.63,20,1,-6188.29,9.1
197765.73,6437.27,7408.72,0.0892,0.1142,29782.37,5,32385.24,0.0,0.2654,11461.93,29143.33,24,170556.87,3.23,14,0,126833.07,30.0
175167.33,5495.15,4134.27,0.3641,0.2184,54854.84,4,35195.77,8000.0,0.5028,4763.78,0.0,3,115953.48,8.68,7,0,131096.38,30.0
74641.27,7322.96,3648.77,0.2236,0.1899,43868.43,7,36190.65,8000.0,0.4365,11479.11,0.0,14,57473.99,6.19,16,0,72266.18,30.0
47163.78,4049.55,8482.35,0.2801,0.1718,33407.64,5,9777.67,8000.0,0.6558,3396.9,132983.87,9,43785.88,5.83,28,1,-34077.61,3.5
211462.72,7257.15,3484.99,0.1755,0.1,15508.92,4,54004.36,6000.0,0.491,10019.1,0.0,17,188112.55,6.06,6,0,254101.24,30.0
5606.04,1822.82,3577.58,0.4543,0.3294,25588.69,1,12210.48,5000.0,0.4664,6150.85,52642.78,10,4916.38,3.04,20,1,-38349.24,1.0
314512.63,4811.68,4285.99,0.182,0.075,27091.98,2,44190.45,0.0,0.494,6893.04,0.0,16,171598.24,7.42,17,0,297772.08,30.0
23731.28,2147.95,1724.68,0.4898,0.1664,24546.28,4,24695.18,5000.0,0.5309,2058.26,0.0,13,14884.28,2.72,13,1,6420.5,6.1
7648.89,1706.51,1970.5,0.4506,0.2764,10492.54,1,7699.92,28500.0,0.2564,7467.0,7919.75,21,4037.88,3.41,26,1,-25919.98,1.2
108388.76,6619.15,7186.12,0.2082,0.1803,44208.89,6,36244.64,20000.0,0.3999,4601.08,17008.99,4,73770.79,9.87,3,0,60785.65,30.0
166165.89,9440.65,7975.61,0.137,0.0715,28120.22,5,32954.43,0.0,0.3041,2603.76,0.0,14,127982.8,3.71,10,0,145391.28,30.0
80122.91,5100.32,4863.1,0.4112,0.1146,52186.32,4,31284.53,8000.0,0.3606,7876.72,0.0,9,61440.08,6.16,18,0,29435.63,30.0
49317.61,1950.86,2027.25,0.2869,0.1698,14955.65,2,2695.25,28500.0,0.5265,5725.18,2291.84,12,33078.19,2.45,22,0,15917.41,30.0
8333.38,2917.43,2890.32,0.4675,0.3822,9798.19,2,24017.76,0.0,0.4627,6692.26,0.0,20,4953.54,3.01,12,1,-3217.03,1.4
30704.74,2834.7,2311.77,0.4812,0.3568,18223.92,2,11152.48,5000.0,0.5002,5916.75,0.0,23,16763.01,3.25,13,1,13976.88,30.0
91988.15,4224.61,5502.1,0.3261,0.1373,56084.35,6,24281.62,20000.0,0.4416,8937.05,38324.82,14,82131.38,9.86,22,1,6029.46,12.3
16275.08,1568.97,3316.13,0.5009,0.218,13769.23,1,20796.05,0.0,0.2118,8018.15,52414.91,11,8598.81,2.95,20,1,-12744.43,1.0
59542.42,2304.82,3176.15,0.2363,0.3934,14859.47,2,11625.64,28500.0,0.4834,3658.68,26139.82,19,44423.98,1.8,23,1,9526.13,26.5
77791.52,6006.02,7324.61,0.242,0.1733,47570.76,5,16879.22,0.0,0.3675,12837.58,39557.61,15,45778.34,8.92,21,1,-76.42,11.6
51817.2,3095.36,1579.29,0.5143,0.2661,8803.44,1,9359.87,0.0,0.3805,7800.81,0.0,6,36157.55,3.82,19,0,52245.52,30.0
82076.04,7481.82,3929.1,0.4044,0.1461,27837.6,4,9040.0,0.0,0.4338,8977.95,0.0,7,73899.68,8.42,6,0,72178.34,30.0
69882.2,5186.53,6632.16,0.1906,0.209,46810.81,5,36627.89,40000.0,0.5151,7039.78,43368.69,14,52929.34,7.19,18,1,-17217.77,9.2
163855.82,7478.22,7365.27,0.2163,0.2261,15182.65,6,41218.13,0.0,0.4336,9917.43,0.0,7,83519.45,5.5,1,0,156201.25,30.0
49794.45,2701.31,3565.05,0.3911,0.251,6417.71,3,6312.73,0.0,0.4238,6199.32,25912.25,5,38956.65,1.75,9,0,38938.63,30.0
48122.33,2765.79,3579.19,0.534,0.3285,15007.96,2,23880.74,0.0,0.2971,1827.89,24401.95,21,34055.79,4.15,6,1,14527.09,21.5
40259.99,2209.91,2828.58,0.2656,0.3239,18711.77,2,22736.9,0.0,0.4194,2851.1,18560.11,8,35830.22,1.53,18,0,22316.27,30.0
158991.62,6590.79,7182.16,0.1642,0.2563,60389.96,4,54156.69,8000.0,0.4202,3312.11,17741.18,8,83491.4,8.16,20,0,101332.31,30.0
216653.96,11972.15,3819.97,0.1742,0.0671,28643.6,2,52903.63,6000.0,0.3218,4955.63,0.0,13,173196.0,5.77,13,0,281140.32,30.0
6858.01,1466.45,2329.42,0.2749,0.2041,14833.78,4,9818.67,28500.0,0.5043,3928.73,25889.07,8,4891.6,2.12,20,1,-27510.55,1.0
288136.89,4914.85,4260.97,0.1438,0.0561,17756.06,2,45044.67,6000.0,0.4208,5844.45,0.0,24,265402.13,4.2,1,0,277183.86,30.0
116680.76,4018.5,6734.33,0.4218,0.1138,32960.81,7,44051.09,0.0,0.5051,4792.33,81474.86,3,82861.25,9.43,4,0,90951.01,30.0
130910.07,6061.98,4245.11,0.4413,0.1211,53269.01,5,28728.74,20000.0,0.562,4755.96,0.0,11,97877.89,4.29,24,0,85562.7,30.0
30721.21,3737.91,8233.87,0.3026,0.2407,63505.15,7,27335.71,20000.0,0.4579,10024.46,134878.72,2,18927.19,9.54,15,1,-42910.18,1.7
50502.06,2647.48,3350.99,0.3943,0.2199,15096.57,3,16471.02,0.0,0.5023,3602.26,21105.35,17,35952.39,3.08,22,0,21270.76,30.0
111314.59,5797.15,4906.29,0.1714,0.155,25893.51,4,17215.83,20000.0,0.4678,8758.38,0.0,14,79386.43,6.48,15,0,78451.8,30.0
39593.73,1820.01,1789.77,0.502,0.2002,11818.56,3,20294.63,5000.0,0.5383,8905.53,0.0,2,23216.01,1.81,29,0,32530.1,30.0
108012.67,6198.2,4267.78,0.1778,0.2332,52539.78,7,31538.7,8000.0,0.5194,10995.85,0.0,12,98881.35,4.17,7,0,72186.07,30.0
62891.51,2688.63,2909.73,0.4148,0.2144,7298.53,3,18939.78,14000.0,0.51,8785.96,6632.93,11,41415.88,3.14,28,0,47788.19,30.0
105571.54,5699.36,3813.04,0.3333,0.2127,62263.77,4,26393.56,0.0,0.6016,6452.44,0.0,15,93789.87,5.77,21,0,65143.99,30.0
16162.5,2178.12,1697.19,0.4054,0.2941,26162.05,1,22006.52,14000.0,0.3718,6027.98,0.0,17,9627.79,3.23,28,1,-8026.18,1.0
72946.52,4795.99,3885.07,0.1992,0.2228,31600.6,6,53993.05,40000.0,0.5479,5054.61,0.0,11,44470.96,6.44,26,0,42770.62,30.0
191943.13,5683.51,5716.21,0.1747,0.1412,20085.39,5,60147.3,6000.0,0.3632,4456.75,980.85,17,96539.81,3.73,30,0,173336.62,30.0
297048.69,7500.2,5014.31,0.1915,0.0708,26252.39,3,55818.35,0.0,0.4507,2179.3,0.0,7,174663.08,6.57,18,0,300713.36,30.0
27769.54,1721.79,2820.25,0.5217,0.1915,14975.53,4,10340.86,0.0,0.2662,6003.96,32954.01,7,17995.44,2.67,21,1,6287.01,3.4
148750.21,5782.16,7669.79,0.1307,0.1143,25382.39,3,88889.23,6000.0,0.4523,8861.42,56628.81,10,121890.68,7.44,22,0,125657.65,30.0
78712.16,3486.41,5548.75,0.3851,0.2491,24626.72,3,42540.18,20000.0,0.5759,14910.0,61870.3,3,74720.48,6.75,30,0,52750.51,30.0
51558.03,1976.3,2937.0,0.5215,0.2515,21756.63,4,7937.89,14000.0,0.3962,7810.96,28820.79,14,41389.09,2.49,13,1,7149.41,14.7
31959.36,4396.46,7283.23,0.2712,0.1726,38611.33,4,41756.32,20000.0,0.683,9630.58,86602.99,4,29146.07,9.31,25,1,-14637.16,1.0
71718.72,7314.01,6920.31,0.2677,0.1366,21778.46,3,48034.88,40000.0,0.412,8732.91,0.0,16,45367.45,5.46,23,0,32586.58,30.0
195942.02,6131.76,3495.17,0.1137,0.0501,14380.92,3,44250.34,0.0,0.4854,6302.49,0.0,9,125115.46,5.99,11,0,211744.92,30.0
37283.71,2103.39,1971.76,0.549,0.3621,27940.85,3,9961.48,14000.0,0.2833,8192.99,0.0,5,25977.54,1.76,2,1,5267.46,4.0
140647.1,2992.29,4503.5,0.3493,0.1644,37054.0,3,19812.04,20000.0,0.6768,4351.15,45336.29,16,80380.19,6.36,9,0,67745.97,30.0
33447.87,1546.68,2446.98,0.4956,0.275,12448.64,3,21605.89,0.0,0.4536,3375.54,27009.06,24,22225.8,2.09,10,1,798.98,12.9
65186.3,7413.44,4507.74,0.3789,0.2299,30980.9,5,24649.76,20000.0,0.5118,7870.02,0.0,14,36110.8,8.99,18,0,54015.33,30.0
56008.84,3301.96,3959.32,0.2446,0.1903,61499.17,6,54744.08,20000.0,0.4177,12067.5,19720.8,8,50550.82,8.89,24,1,-4427.34,3.1
179361.28,9996.1,6038.92,0.1657,0.0844,35378.53,5,75367.22,0.0,0.4847,7598.13,0.0,15,112078.16,6.39,30,0,203623.93,30.0
38926.2,1593.56,2234.02,0.42,0.2212,24666.65,1,19994.03,14000.0,0.3314,4203.88,19213.81,24,35172.85,2.49,1,1,-7453.29,14.4
200997.1,11372.74,4509.62,0.1112,0.0574,8812.45,4,34905.02,0.0,0.363,8886.87,0.0,12,136531.87,5.72,5,0,260653.81,30.0
88696.34,4695.18,4202.78,0.2744,0.2482,34359.93,6,19820.63,40000.0,0.4631,13285.02,0.0,7,62755.76,4.21,7,0,38677.9,30.0
324342.53,8253.02,5093.22,0.1569,0.0758,20082.68,5,68042.96,0.0,0.3214,2025.58,0.0,6,252123.49,7.21,4,0,340330.7,30.0
239723.98,7477.99,7907.5,0.0812,0.1045,35439.47,4,50117.87,6000.0,0.2899,5293.33,12885.35,5,218820.21,3.54,27,0,211775.55,30.0
24127.04,1925.36,3244.73,0.2741,0.3867,8002.11,1,16814.91,0.0,0.2153,8173.94,39581.06,7,14479.98,4.21,4,1,10854.83,2.9
103737.52,9505.83,3046.54,0.0914,0.0541,24760.08,3,57638.66,0.0,0.3862,6359.69,0.0,20,93740.1,5.98,12,0,192818.89,30.0
50875.12,2752.82,2996.63,0.4767,0.2996,26086.24,1,21626.22,14000.0,0.3011,4182.47,7314.13,14,34944.38,3.19,8,0,15439.45,30.0
288155.19,10739.54,6284.82,0.1219,0.0744,13051.73,4,62248.27,0.0,0.3181,7669.86,0.0,14,260006.89,7.28,20,0,332402.28,30.0
131742.97,5638.67,7809.31,0.3411,0.2697,48854.58,5,13952.2,0.0,0.404,13400.48,65119.42,16,67836.61,8.98,30,0,35590.08,30.0
160101.64,4366.58,5422.42,0.1971,0.1692,51010.27,5,13543.76,0.0,0.6879,13526.54,31674.95,9,122950.52,6.7,13,0,97127.64,30.0
347293.92,10833.76,4694.39,0.1704,0.1045,11968.87,3,25741.4,0.0,0.2997,3297.02,0.0,20,246913.92,4.6,17,0,425256.54,30.0
50616.73,2238.74,3418.08,0.4924,0.2196,21298.4,2,16538.98,14000.0,0.3094,5527.4,35380.05,17,41332.12,3.14,18,1,438.99,15.5
42460.59,1750.39,2344.18,0.2198,0.3442,10498.7,2,22894.15,14000.0,0.2315,8181.3,17813.66,19,27903.51,4.16,15,0,16443.23,30.0
60102.46,1811.15,2594.32,0.2188,0.3201,26024.86,2,4822.94,0.0,0.4784,8785.6,23495.08,19,48550.41,1.67,30,1,14068.81,21.0
264754.64,9365.1,3351.11,0.1096,0.0877,34745.95,3,38626.44,6000.0,0.3662,6972.1,0.0,14,248011.8,6.88,24,0,299591.38,30.0
272524.22,4661.42,4408.67,0.1836,0.1153,36140.94,3,28375.21,0.0,0.3024,6664.87,0.0,15,199552.0,6.07,1,0,237930.16,30.0
93520.26,3188.24,8456.95,0.2353,0.122,46607.21,7,16636.41,8000.0,0.5885,12026.47,158061.4,16,76307.85,5.28,15,1,-45482.58,9.1
61900.1,5093.47,7291.73,0.2035,0.1971,41836.53,3,51241.05,20000.0,0.3918,13112.18,65947.74,3,58126.33,7.85,4,1,20660.8,1.0
39222.61,2489.48,2441.01,0.5186,0.3356,27046.91,4,20306.87,28500.0,0.2135,5569.27,0.0,18,21486.38,2.61,3,1,-1400.49,16.6
37397.53,1557.32,1525.08,0.3131,0.2239,24933.28,3,3640.3,5000.0,0.4509,5059.12,0.0,2,23405.8,3.55,1,1,10706.3,1.7
160904.59,6609.91,3428.41,0.127,0.0682,19279.26,4,35192.82,6000.0,0.2844,10573.59,0.0,24,131302.73,7.05,21,0,196615.88,30.0
9759.95,1921.34,1798.92,0.5264,0.2824,10495.94,3,20593.87,14000.0,0.5373,4134.86,0.0,17,6600.14,3.14,30,1,-3223.91,1.8
60639.33,5297.51,5462.71,0.2347,0.1991,25615.71,3,49207.48,8000.0,0.6832,14386.62,4955.81,16,54058.21,6.07,2,0,30191.92,30.0
55863.76,3560.14,7613.02,0.1626,0.2607,20125.16,5,45798.53,8000.0,0.4517,8797.47,121586.61,1,41168.85,4.92,24,0,45398.98,30.0
19698.81,1932.31,2103.46,0.2333,0.1627,13112.92,3,6829.11,28500.0,0.3473,2061.0,5134.48,19,15956.91,2.8,11,1,-15261.48,5.5
10599.76,3163.21,2370.53,0.3517,0.1724,8861.82,3,2377.53,0.0,0.4602,6900.88,0.0,13,9721.76,3.96,11,1,4042.19,1.9
10536.34,1517.37,1632.53,0.2897,0.1886,27862.03,3,6809.47,0.0,0.4323,3727.74,3454.91,24,9640.67,3.4,4,1,-25102.6,1.0
43978.36,1931.79,2200.19,0.4143,0.2054,8633.16,4,8417.84,14000.0,0.2509,6429.47,8051.98,2,38514.08,3.02,24,0,29717.67,30.0
17771.75,2308.9,3007.74,0.2887,0.2331,14060.5,2,9226.23,5000.0,0.4521,7029.59,20965.2,2,16669.58,2.11,8,1,2889.5,1.9
54950.6,2409.57,1786.32,0.3331,0.1708,21709.96,2,12658.77,5000.0,0.472,7086.59,0.0,12,30652.92,4.23,6,0,37583.29,30.0
62727.0,1723.57,2463.97,0.5107,0.2534,13318.2,2,10392.73,28500.0,0.385,2765.91,22212.14,4,34639.53,2.17,22,0,35380.66,30.0
58253.05,2454.65,2539.89,0.2888,0.2429,12257.5,3,12710.68,5000.0,0.5314,8336.6,2557.15,6,33395.48,3.77,25,0,45379.83,30.0
148533.83,4970.18,7643.09,0.2833,0.2137,43653.98,7,34180.66,8000.0,0.3743,4762.15,80187.39,3,103633.65,8.1,28,0,103311.82,30.0
206632.7,11791.21,3435.41,0.1626,0.1195,15326.3,2,44321.57,6000.0,0.4297,3009.69,0.0,16,171202.5,4.29,3,0,302203.62,30.0
55949.58,3862.76,3717.18,0.2877,0.219,53103.99,6,8135.01,40000.0,0.5533,14548.41,0.0,3,44919.52,9.59,3,1,-15066.93,1.2
27215.53,1905.79,2508.37,0.2464,0.3225,14234.49,2,9726.12,28500.0,0.4085,3093.66,18077.39,15,16205.47,3.47,4,1,-12053.28,8.1
22651.58,2960.72,2236.78,0.3947,0.1801,7618.1,2,3050.36,0.0,0.2881,4624.33,0.0,16,19820.82,1.78,6,0,17876.53,30.0
154835.71,4630.5,5302.78,0.2112,0.1613,20395.09,3,23293.13,8000.0,0.4634,4866.89,20168.41,2,144325.91,6.91,14,0,136549.14,30.0
126486.73,10144.14,6714.29,0.194,0.1391,35181.5,4,26386.6,6000.0,0.2738,6545.77,0.0,22,86764.82,7.68,23,0,128822.73,30.0
294908.54,10024.95,4758.86,0.1858,0.0593,36414.39,4,91185.93,0.0,0.2859,11540.58,0.0,22,179113.01,5.47,13,0,366422.38,30.0
29418.37,2358.64,3582.8,0.5346,0.3803,12249.98,2,24959.21,5000.0,0.2312,7178.75,36724.67,21,18183.52,1.77,14,1,-11575.39,7.9
52841.1,2410.03,2794.25,0.268,0.1826,21974.58,4,4205.95,0.0,0.2037,8364.02,11526.57,8,40995.95,1.62,29,0,25932.67,30.0
133749.18,5327.62,4465.86,0.3763,0.2567,17727.49,6,28482.48,0.0,0.649,14448.92,0.0,8,111906.74,5.9,16,0,126228.28,30.0
261975.06,9906.34,7164.8,0.1314,0.0668,27288.06,2,76444.85,6000.0,0.3443,11792.86,0.0,11,233493.49,3.95,15,0,270325.72,30.0
212272.05,8688.77,4069.91,0.1299,0.1002,32469.64,3,73182.2,6000.0,0.3146,4381.46,0.0,5,140493.95,3.99,12,0,219940.31,30.0
344141.51,10489.46,4384.96,0.1925,0.1499,38016.13,5,57544.84,0.0,0.3656,8145.89,0.0,25,187422.36,6.98,3,0,429147.02,30.0
127530.18,5370.14,4145.99,0.3348,0.1644,37015.3,6,51263.92,0.0,0.6367,5318.36,0.0,12,115248.62,7.06,1,0,113382.59,30.0
54060.74,1541.43,1506.01,0.2822,0.3355,8784.68,3,16745.02,14000.0,0.4319,3829.65,0.0,3,38294.11,3.88,21,0,43686.75,30.0
329385.2,7737.99,2954.86,0.0996,0.1221,11217.4,4,44756.75,0.0,0.3313,9853.85,0.0,11,213817.1,6.16,30,0,372339.21,30.0
58555.82,1659.24,2292.07,0.5323,0.1701,6212.05,2,11557.66,0.0,0.5285,4426.61,18984.83,9,43777.18,4.1,10,0,48491.35,30.0
130026.67,7031.66,5643.05,0.1985,0.0965,13956.22,5,44594.12,0.0,0.3961,3353.09,0.0,22,83666.96,3.51,3,0,132993.79,30.0
292517.47,9118.34,3482.84,0.1886,0.1027,23700.41,5,79353.18,0.0,0.3441,11272.8,0.0,5,221184.12,6.67,28,0,319275.95,30.0
81379.44,4220.61,7074.84,0.18,0.1331,17684.23,5,19695.63,0.0,0.4943,6632.73,85626.79,14,48089.27,4.02,7,1,20143.21,14.4
53998.95,2612.5,1974.28,0.3371,0.305,8829.06,2,12341.14,0.0,0.5313,6219.45,0.0,22,35845.77,3.81,9,0,52181.58,30.0
162431.14,8474.64,3934.75,0.1322,0.1181,27813.28,3,59336.91,0.0,0.4395,10062.22,0.0,6,108841.93,6.52,26,0,174984.39,30.0
207816.51,6737.17,3561.77,0.158,0.0936,36359.99,5,64919.14,0.0,0.3293,2096.43,0.0,27,124030.88,6.77,29,0,246783.76,30.0
136486.76,8544.02,4142.89,0.1822,0.1462,19454.72,4,53033.58,6000.0,0.2853,8005.73,0.0,22,114378.46,5.73,17,0,194483.67,30.0
7516.09,3087.38,2462.67,0.4508,0.315,12644.6,1,15468.25,28500.0,0.5118,3495.68,0.0,5,4560.36,3.61,3,1,-13090.88,1.1
119334.95,6223.89,5418.12,0.0863,0.1445,25771.41,2,55086.27,0.0,0.3405,6892.88,0.0,23,102331.7,7.92,10,0,105425.55,30.0
41733.35,2831.25,2366.74,0.5359,0.1778,17659.3,1,10922.32,0.0,0.313,3225.56,0.0,19,38477.58,2.89,24,0,27285.58,30.0
41429.52,1805.5,3041.26,0.3075,0.3699,8111.81,3,2644.05,0.0,0.2502,5788.54,37072.99,20,22938.92,2.67,14,1,2714.31,15.8
74822.97,7090.88,8015.0,0.1557,0.23,63719.44,3,11487.9,8000.0,0.376,10169.97,27723.66,13,56939.83,8.48,9,1,-19645.84,8.8
51510.86,4696.02,4023.46,0.2047,0.1003,19777.48,6,12573.76,0.0,0.6754,11943.12,0.0,3,48168.57,4.43,11,0,36075.21,30.0
56697.31,7167.05,5548.77,0.3856,0.2272,28104.64,5,14475.08,0.0,0.5774,8276.75,0.0,5,45200.99,9.62,27,0,35718.02,30.0
138399.38,11359.51,5865.68,0.1591,0.1415,12525.0,5,24610.68,0.0,0.3817,6406.48,0.0,25,75936.04,5.31,18,0,215924.31,30.0
30706.67,4230.71,5581.4,0.4313,0.1654,28105.59,4,28324.39,20000.0,0.6241,7905.19,40520.93,8,22174.59,6.41,19,1,-14006.3,1.5
56178.37,6194.5,4827.94,0.3343,0.2765,39512.08,5,42321.89,0.0,0.5209,5307.51,0.0,3,44319.83,8.29,30,0,33890.17,30.0
52097.98,2918.72,2649.34,0.3029,0.282,25314.74,4,22404.18,0.0,0.4927,3870.28,0.0,12,28137.95,2.27,3,0,31952.02,30.0
62014.97,2844.82,3084.88,0.3737,0.3181,24156.69,1,8811.46,5000.0,0.2446,6156.72,7201.66,24,52566.11,4.46,24,0,19960.23,30.0
298658.83,11050.32,5787.0,0.1137,0.0651,17409.4,3,85473.81,6000.0,0.3759,3035.57,0.0,23,268130.27,5.15,1,0,382226.57,30.0
48515.47,1653.1,3576.45,0.4724,0.1509,16643.2,3,18117.55,0.0,0.5246,3692.29,57700.73,21,38583.41,2.45,13,1,-8307.95,13.3
111061.32,10188.1,3225.93,0.0988,0.0701,18100.92,4,65957.91,0.0,0.4153,8390.13,0.0,10,56127.98,4.01,12,0,168766.9,30.0
91168.01,9290.75,2840.48,0.1855,0.0892,16517.67,3,35664.29,0.0,0.4353,3727.52,0.0,18,57360.41,6.05,30,0,171270.13,30.0
17833.85,2795.73,2551.87,0.3242,0.3823,15411.22,3,17528.88,14000.0,0.4791,3827.04,0.0,12,9025.22,1.66,25,1,-1028.12,2.7
117494.95,4273.45,8320.48,0.2005,0.154,59156.06,7,13503.31,0.0,0.5085,4515.59,121410.87,3,97994.64,7.8,20,0,49126.29,30.0
63485.65,2148.39,3062.27,0.4111,0.1736,22361.29,4,21795.0,0.0,0.39,5551.62,27416.31,9,51936.09,2.42,12,0,37191.41,30.0
261281.19,7349.98,5748.57,0.1006,0.1101,14208.92,3,49298.89,6000.0,0.3752,2261.58,0.0,13,217660.72,4.11,4,0,265782.74,30.0
110786.72,4118.44,3601.43,0.3855,0.1077,64611.33,4,36282.41,8000.0,0.3707,6539.22,0.0,15,95662.53,5.67,30,0,51777.38,30.0
95095.62,5708.02,7974.62,0.3153,0.2211,29216.85,4,8901.97,20000.0,0.4683,10153.46,67997.77,12,80172.64,7.49,10,1,18634.74,13.9
343128.16,5227.72,3183.92,0.1947,0.1373,36478.31,2,89148.49,0.0,0.3028,11701.04,0.0,22,291685.32,4.2,17,0,364522.24,30.0
221950.53,9489.04,6239.36,0.1853,0.1277,32982.23,2,27379.94,0.0,0.4943,2200.13,0.0,17,121537.31,7.87,8,0,222024.44,30.0
10605.71,1416.14,1640.98,0.2666,0.2748,21731.55,1,12836.66,5000.0,0.2999,7950.99,6745.35,6,5991.88,3.16,4,1,-11120.25,1.2
49800.52,2749.03,2815.88,0.5091,0.1862,15737.26,2,9543.14,5000.0,0.4952,6080.48,2005.46,9,30898.98,1.95,29,0,29678.46,30.0
35684.27,1271.52,2354.26,0.4768,0.3724,18800.66,4,9812.19,0.0,0.2892,2077.35,32482.01,18,23777.93,4.32,12,1,-3167.33,9.6
39846.03,1846.03,2235.67,0.4013,0.2953,5015.35,1,12753.75,5000.0,0.4059,5186.93,11689.07,16,30547.41,4.46,21,0,24978.47,30.0
288708.28,6613.27,5757.34,0.1403,0.1455,30831.69,3,54294.09,0.0,0.3099,4838.34,0.0,19,234894.2,5.96,12,0,270548.44,30.0
49799.34,1711.85,3202.48,0.3457,0.1546,17146.67,2,6370.3,0.0,0.3992,2958.13,44719.03,21,35066.28,2.92,25,1,-2607.88,14.5
6341.67,1963.47,1830.7,0.4071,0.1953,21430.51,4,24070.42,0.0,0.5131,7867.61,0.0,3,5712.16,2.63,23,1,-5874.38,1.5
80104.73,11069.72,4882.85,0.1774,0.0611,10868.75,4,78953.7,0.0,0.293,11787.76,0.0,14,61413.42,6.63,9,0,156296.58,30.0
168784.48,4477.68,6542.7,0.4066,0.2832,39876.03,7,45663.07,20000.0,0.6823,10919.19,61950.76,5,133613.82,5.33,22,0,122419.61,30.0
91062.81,3006.2,7901.8,0.163,0.281,23690.56,7,49504.7,20000.0,0.3684,11821.91,146867.84,14,70926.35,6.59,20,1,-161.06,10.4
168370.03,3705.43,4221.44,0.4447,0.2106,61166.06,7,16157.9,20000.0,0.5192,13207.14,15480.45,15,101246.62,9.55,7,0,85243.75,30.0
204414.32,8024.92,7921.31,0.1423,0.0637,32603.8,4,52280.22,0.0,0.32,5336.82,0.0,11,166748.71,4.39,22,0,175943.48,30.0
173304.43,9972.65,7120.35,0.1216,0.0857,19160.24,2,84777.88,6000.0,0.4433,8070.01,0.0,26,118013.48,6.0,3,0,207057.54,30.0
282869.4,6660.02,2590.38,0.1672,0.0996,35575.34,2,79232.95,0.0,0.4905,2221.05,0.0,10,149994.11,6.61,16,0,306768.28,30.0
298866.45,10305.61,4280.85,0.1633,0.1469,19923.53,4,44003.19,0.0,0.2841,9313.61,0.0,10,263771.61,7.44,28,0,335649.8,30.0
275275.26,9258.91,7781.59,0.1654,0.113,23531.92,2,68630.37,0.0,0.4472,4462.66,0.0,18,257502.95,5.12,3,0,272882.9,30.0
14564.22,1753.3,2064.05,0.4207,0.349,22409.45,2,8435.74,28500.0,0.2718,2161.55,9322.61,9,11460.09,2.9,20,1,-24783.12,1.7
64286.07,4742.58,6344.97,0.357,0.1913,37443.21,7,31243.03,0.0,0.4655,5962.69,48071.67,2,56086.66,9.8,4,0,34665.3,30.0
181223.06,9722.43,3872.86,0.1839,0.1433,24704.63,3,49530.42,0.0,0.317,3049.32,0.0,6,96231.09,4.75,2,0,200478.35,30.0
191947.81,11090.91,4547.44,0.1168,0.1483,27584.62,3,41162.22,6000.0,0.2578,5195.61,0.0,23,102158.81,3.11,18,0,277540.91,30.0
117109.12,4807.66,5747.09,0.1602,0.126,25736.59,5,86729.11,0.0,0.2719,3717.25,28182.71,7,103515.33,5.99,26,0,113247.08,30.0
336102.1,7392.55,5997.09,0.1042,0.0912,27547.58,5,33524.67,6000.0,0.3184,5673.65,0.0,9,291149.18,6.42,7,0,318658.02,30.0
294374.29,8485.56,6207.75,0.1767,0.0568,9900.32,5,26284.69,0.0,0.3545,3437.8,0.0,23,260706.38,3.3,18,0,308401.48,30.0
165952.96,7562.36,4042.69,0.195,0.1228,16198.84,2,66110.83,0.0,0.3353,3356.75,0.0,9,88182.91,6.14,6,0,194353.13,30.0
55152.92,4258.69,6082.18,0.4023,0.1473,46209.76,3,30288.62,0.0,0.6558,11816.89,54704.71,8,44294.4,7.71,26,1,-268.53,3.7
155803.75,6528.34,5388.75,0.4429,0.2174,31314.97,3,14868.86,40000.0,0.6873,11631.17,0.0,15,107834.01,4.78,18,0,108181.55,30.0
51104.49,1406.96,2234.76,0.5488,0.1672,22043.04,1,7122.36,14000.0,0.208,4002.37,24833.84,24,26789.66,3.84,27,1,-1576.75,20.7
135971.07,3419.18,5849.21,0.3303,0.1445,17824.05,5,48475.97,40000.0,0.5416,11498.86,72900.92,7,112227.13,5.98,14,0,95486.86,30.0
22885.47,2769.37,2545.81,0.288,0.3142,27480.34,1,18993.68,0.0,0.5173,4182.67,0.0,21,20755.03,4.17,9,1,-4556.96,6.9
317184.66,10648.63,4338.02,0.1566,0.125,8751.35,3,37996.15,0.0,0.394,8020.04,0.0,23,195909.54,3.98,12,0,419666.85,30.0
11035.44,2311.82,2072.3,0.2922,0.2056,12980.48,4,19299.86,14000.0,0.3967,5610.71,0.0,7,10334.89,1.87,12,1,-2540.55,1.3
47360.96,1871.51,3445.81,0.4141,0.2427,5252.58,3,6794.44,14000.0,0.3186,5661.24,47228.97,20,35479.32,2.8,23,1,-866.23,18.4
36042.47,1747.14,3564.78,0.2656,0.1877,9489.0,4,23284.09,0.0,0.2941,8400.41,54529.13,6,27162.99,1.63,27,0,23264.42,30.0
159431.63,7556.53,6861.58,0.1638,0.0549,33699.37,5,40381.46,0.0,0.2793,10462.64,0.0,14,108144.73,4.72,5,0,130059.81,30.0
44655.44,4431.5,5990.08,0.1733,0.1133,34467.51,7,45452.91,20000.0,0.522,9735.03,46757.49,14,29475.78,5.42,29,1,-15010.2,5.4
69559.21,6004.39,5651.52,0.2304,0.1214,43281.99,4,38377.04,0.0,0.6534,13544.01,0.0,3,45670.36,7.68,10,0,38821.74,30.0
275904.66,7564.91,7167.01,0.1905,0.0953,13139.87,5,27457.27,0.0,0.2599,7094.4,0.0,7,138474.92,5.25,8,0,266109.67,30.0
71355.23,7226.89,4952.41,0.2734,0.2953,30139.64,5,12668.18,40000.0,0.5177,10354.4,0.0,5,45372.53,6.81,5,0,29960.55,30.0
113459.81,6408.07,5690.99,0.1977,0.1191,17232.98,4,47421.64,6000.0,0.2785,9481.17,0.0,11,88167.82,5.79,21,0,106060.42,30.0
80786.18,6760.7,7396.05,0.3446,0.2488,63955.03,3,40089.88,8000.0,0.4176,14044.39,19060.47,2,61252.22,9.98,12,1,24650.93,1.9
120514.37,2973.04,4113.08,0.3684,0.2291,30969.03,5,40771.65,40000.0,0.5059,3244.79,34201.2,11,82140.97,6.93,20,0,67370.04,30.0
10556.65,1943.5,2891.67,0.4331,0.2532,9117.31,4,23367.0,0.0,0.5381,8550.56,28445.21,10,6230.48,2.45,20,1,-2574.71,1.6
271764.1,7729.57,5895.61,0.1004,0.0887,20123.31,2,27924.0,6000.0,0.3985,7900.42,0.0,9,232787.0,3.04,4,0,262710.56,30.0
59848.98,4912.83,6832.89,0.3858,0.1248,17123.36,3,24822.63,0.0,0.6002,3054.27,57601.84,13,44718.96,8.59,27,1,14407.97,10.2
332180.56,9300.96,7713.17,0.1095,0.0537,16171.97,3,50603.55,0.0,0.3119,8481.11,0.0,22,213077.93,6.84,28,0,330388.3,30.0
38936.76,1449.65,2517.31,0.4404,0.3858,8424.79,3,18482.69,0.0,0.5123,7809.12,32029.98,24,27109.71,1.82,6,1,5234.84,16.2
144644.66,9302.55,5543.0,0.1904,0.1246,23592.7,3,55586.25,0.0,0.3403,7617.26,0.0,26,76112.08,5.58,1,0,193321.68,30.0
180107.67,9158.18,7104.94,0.1407,0.0721,34617.09,3,60953.73,0.0,0.4532,4711.35,0.0,7,157431.38,4.4,4,0,172251.19,30.0
42763.26,1831.22,2126.73,0.4031,0.328,16804.99,2,13313.17,28500.0,0.2039,2645.05,8865.05,7,31123.16,2.89,4,1,12741.1,10.9
158405.68,5388.67,5361.6,0.2095,0.1688,52622.5,4,35050.81,8000.0,0.6545,7049.68,0.0,4,80227.45,7.93,7,0,111276.63,30.0
114307.86,3318.18,3748.83,0.4383,0.1678,29395.23,3,24077.45,20000.0,0.4394,3572.86,12919.46,10,90166.64,6.81,24,0,74088.58,30.0
152223.22,6829.43,6331.31,0.1853,0.1812,51503.23,5,28920.94,40000.0,0.5721,3754.21,0.0,12,102942.77,8.96,12,0,82037.39,30.0
134438.7,7021.59,5363.19,0.103,0.1333,10311.68,3,43444.81,6000.0,0.292,4899.73,0.0,26,93747.12,6.46,25,0,145163.98,30.0
24716.16,2520.93,2540.78,0.3653,0.1752,23474.57,4,22226.06,0.0,0.4357,6940.37,595.44,10,17777.94,2.86,5,1,4674.9,4.4
8568.01,3144.71,1762.38,0.5027,0.2289,12554.22,3,23209.76,14000.0,0.214,3307.33,0.0,18,6060.31,1.89,22,1,11133.35,1.0
46670.14,5752.11,8224.71,0.2862,0.1908,40583.46,3,54909.1,40000.0,0.5235,7988.5,74178.11,9,27761.93,8.91,29,1,-24589.77,3.1
218713.85,11220.58,4397.31,0.098,0.0692,9619.69,2,72646.63,0.0,0.3677,2402.69,0.0,22,153847.66,5.82,21,0,338176.85,30.0
23409.93,3187.98,3495.92,0.5348,0.1569,22166.08,3,2352.76,14000.0,0.2313,1842.82,9238.17,8,19977.22,2.56,7,1,-12066.56,3.2
60141.98,2997.83,3380.57,0.3261,0.273,14352.41,4,9392.27,28500.0,0.2402,1883.22,11482.44,19,54619.62,2.08,16,0,17082.13,30.0
271203.37,10638.78,2517.38,0.0819,0.0959,36471.95,2,81123.89,0.0,0.4134,9940.84,0.0,16,257018.14,3.44,7,0,362381.59,30.0
34189.34,2659.71,1504.44,0.4925,0.3794,13913.06,2,3633.98,5000.0,0.4734,8367.26,0.0,4,21675.63,1.99,10,0,21170.76,30.0
74651.32,4580.7,5725.76,0.3872,0.1294,47173.25,4,17868.68,40000.0,0.405,5422.34,34351.64,5,65546.06,8.11,1,1,4966.22,3.9
19188.52,1902.57,2980.54,0.3935,0.1537,15710.64,4,9069.85,28500.0,0.3172,8549.7,32339.36,2,12294.03,2.42,5,1,-9271.54,1.2
54401.38,5688.26,5099.12,0.3966,0.1725,64706.46,4,16269.8,8000.0,0.6918,10377.86,0.0,12,39807.19,9.82,21,1,-13813.88,6.7
26093.9,3090.94,2746.27,0.4735,0.3315,24436.12,2,12787.54,5000.0,0.4138,1859.04,0.0,2,23264.88,4.41,27,1,4468.45,1.0
13945.86,1842.97,2900.59,0.4693,0.3629,11807.12,2,7642.62,0.0,0.2062,5148.05,31728.59,14,11805.58,3.75,23,1,-14938.01,1.0
40947.88,1280.9,1749.5,0.5484,0.2456,27698.35,4,14194.44,28500.0,0.3738,1582.55,14057.94,12,30985.05,3.82,25,1,-4513.91,8.4
46307.18,1590.57,2430.68,0.352,0.267,21254.42,3,7573.42,5000.0,0.3314,3317.89,25203.14,21,36335.11,3.34,26,1,1153.07,17.0
47447.35,6455.97,5958.95,0.393,0.2598,17210.13,4,28439.66,40000.0,0.5132,8962.49,0.0,9,36690.46,5.7,16,1,14111.42,16.3
38316.16,2475.89,3317.92,0.4875,0.3973,27430.78,3,8011.57,28500.0,0.5382,6176.32,25260.84,15,35537.73,3.84,26,1,-20525.26,8.3
9243.55,1661.77,2975.51,0.2856,0.3856,17871.1,1,23346.6,28500.0,0.3481,2247.64,39412.45,16,7571.71,3.16,28,1,-39815.81,1.0
97658.01,4742.65,4128.95,0.267,0.2024,24648.52,6,17826.74,0.0,0.45,5122.21,0.0,14,90111.29,9.12,28,0,75382.96,30.0
132717.51,4776.97,7812.05,0.1714,0.2018,19948.62,4,27779.02,20000.0,0.4201,7487.32,91052.29,4,70273.62,9.95,16,0,97758.64,30.0
243810.61,8259.49,4769.02,0.1699,0.0856,34453.96,2,72391.64,0.0,0.4442,9106.93,0.0,19,177136.5,4.88,14,0,272675.19,30.0
58639.79,2100.74,2566.56,0.2967,0.3907,27402.68,1,5858.47,0.0,0.4139,1505.21,13974.61,17,48017.47,2.45,2,0,18057.46,30.0
204157.23,11819.26,5467.52,0.1574,0.0583,16516.29,5,49499.56,6000.0,0.4029,9677.76,0.0,6,113673.75,5.22,23,0,228343.1,30.0
59842.96,3095.51,1517.83,0.2432,0.1512,11481.6,1,21109.68,28500.0,0.504,2031.65,0.0,24,33663.58,3.35,4,0,65563.48,30.0
12565.52,2909.22,1711.43,0.483,0.3612,21207.98,4,13799.22,5000.0,0.2368,8265.02,0.0,7,8774.42,2.71,10,1,-778.97,1.0
21506.67,1356.48,2279.73,0.2896,0.2157,26986.47,2,12067.34,0.0,0.2889,3236.39,27697.21,3,18943.62,4.45,17,1,-4297.8,1.0
77448.77,6592.32,7082.91,0.2906,0.2121,17003.28,3,49234.15,20000.0,0.5631,6248.46,14717.79,1,41639.76,7.24,27,0,66985.48,30.0
87160.69,6966.1,5961.28,0.4422,0.2693,59086.54,6,15068.72,20000.0,0.6081,10634.5,0.0,10,49859.2,8.83,8,1,20113.56,11.9
339060.04,9685.24,6948.19,0.1106,0.1165,13544.72,2,77978.12,0.0,0.2645,11602.16,0.0,7,306186.81,3.88,4,0,362121.31,30.0
45074.86,1920.21,2263.2,0.4611,0.3776,27164.52,1,12718.11,0.0,0.2584,3576.69,10289.83,7,28291.88,3.8,27,0,17782.43,30.0
11475.65,1214.75,2028.32,0.3233,0.3819,25146.66,4,13444.29,0.0,0.5482,5845.78,24407.29,20,5896.86,3.16,25,1,-29488.58,1.0
81627.42,5930.08,5277.19,0.2161,0.2384,33783.41,5,25112.9,40000.0,0.6931,12728.46,0.0,17,46827.47,8.1,28,0,28266.36,30.0
214321.5,8389.19,4621.91,0.1803,0.0788,29298.0,5,39972.91,6000.0,0.2534,6972.78,0.0,14,149167.86,7.28,30,0,227120.36,30.0
29256.67,1825.59,1879.02,0.3184,0.1545,7882.36,4,4951.2,0.0,0.4462,6629.69,1602.92,14,18384.21,3.31,16,0,17642.01,30.0
50322.74,3080.97,1621.06,0.5371,0.3876,24672.81,2,16979.87,0.0,0.3831,3718.24,0.0,18,33497.27,3.04,2,0,47315.16,30.0
27865.47,2912.72,3114.05,0.302,0.1859,22619.85,4,11989.45,14000.0,0.3375,6184.14,6040.14,10,24359.45,3.59,13,1,-4391.72,5.0
137883.98,5194.04,7979.54,0.1646,0.1517,26850.44,3,20241.64,8000.0,0.4267,11930.05,83564.97,12,127393.37,4.93,29,0,69010.82,30.0
18966.04,2492.24,2874.93,0.3462,0.2921,13957.76,4,18510.47,14000.0,0.4459,8628.82,11480.87,7,13979.92,4.33,14,1,-611.88,2.1
14601.82,1279.04,3085.07,0.2598,0.1614,20543.75,4,23687.51,0.0,0.2483,5696.68,54180.96,15,10419.23,3.98,30,1,-26742.76,1.1
111970.61,4739.06,7242.95,0.3168,0.2656,58486.25,3,14594.52,8000.0,0.3688,13851.68,75116.76,14,103866.6,7.91,10,1,6853.85,12.3
20758.29,1569.46,1578.06,0.4028,0.2102,24020.25,2,16277.16,0.0,0.5473,5365.8,258.13,6,14499.37,2.66,20,1,1620.0,2.0
33168.76,2237.58,2329.41,0.2377,0.3764,22629.41,1,14202.8,5000.0,0.4354,5022.9,2755.14,20,23758.76,2.54,12,1,3565.63,14.7
280019.66,6346.27,5898.42,0.1735,0.1062,30912.12,5,65098.22,6000.0,0.4447,10544.03,0.0,8,164472.46,7.33,5,0,265487.26,30.0
53587.95,1808.29,1755.14,0.5266,0.2294,24319.16,1,3278.39,0.0,0.4596,3679.26,0.0,21,39143.96,3.39,13,0,23564.93,30.0
40022.54,6324.11,4111.28,0.3926,0.2128,18373.15,7,18648.89,0.0,0.6087,5553.99,0.0,12,27679.06,6.7,5,0,40116.14,30.0
33852.52,1384.15,2185.08,0.206,0.2148,9062.13,2,23979.57,0.0,0.5151,4852.34,24027.69,6,31530.5,3.37,5,0,27671.5,30.0
49540.76,4743.42,6950.81,0.2961,0.1662,60877.75,3,13462.54,20000.0,0.3872,8514.67,66221.76,9,30198.48,4.09,29,1,-44442.72,2.4
145190.71,4693.62,5139.51,0.4225,0.1899,51424.14,3,30019.3,40000.0,0.5065,7919.99,13376.72,16,133503.11,5.69,16,0,63205.91,30.0
60223.67,4426.05,5900.98,0.1972,0.1042,37505.12,6,40757.49,40000.0,0.4645,12891.79,44247.68,10,56067.04,9.63,20,1,-4468.01,6.8
15846.52,1488.19,2044.36,0.4411,0.3937,17421.61,3,2690.79,5000.0,0.4986,3135.21,16685.13,3,13583.08,2.39,8,1,-6221.86,1.2
177979.87,6944.8,3870.67,0.4185,0.161,52922.42,3,16035.24,40000.0,0.6189,3002.51,0.0,4,165281.57,4.63,3,0,118231.55,30.0
170030.21,7397.48,8190.65,0.3746,0.1252,40930.32,4,17642.69,20000.0,0.5608,12042.32,23794.98,15,109851.35,8.54,10,0,91926.1,30.0
79734.45,7569.68,5310.36,0.1967,0.1435,26071.73,3,40078.04,0.0,0.4116,7840.54,0.0,21,69089.25,6.37,29,0,85334.3,30.0
87418.06,7028.57,6217.93,0.1824,0.1301,36218.98,3,89597.57,0.0,0.3555,11321.03,0.0,23,76317.31,3.04,8,0,73840.69,30.0
52086.85,2830.95,1622.01,0.2342,0.1997,24030.26,4,5271.34,0.0,0.3247,5495.5,0.0,23,43313.92,4.16,24,0,44567.47,30.0
33282.78,1257.19,1655.43,0.3312,0.2703,19753.26,2,14340.47,0.0,0.23,7687.41,11947.41,8,20496.36,2.15,19,1,13749.09,5.5
7148.66,1389.22,2882.4,0.2221,0.1616,22032.72,2,12185.42,0.0,0.4841,1809.33,44795.53,20,5698.18,2.3,15,1,-45428.1,1.0
59476.23,2519.97,2662.57,0.3498,0.2774,22744.19,4,4587.34,5000.0,0.3401,2247.11,4278.18,14,53670.34,4.06,2,0,26859.53,30.0
40197.04,7410.49,6854.05,0.2855,0.2985,24325.58,3,36709.33,20000.0,0.4453,7044.25,0.0,6,34872.0,9.69,5,1,14375.64,4.5
18666.09,2764.14,3285.4,0.5362,0.2551,6560.62,1,5504.06,5000.0,0.3967,6111.88,15637.59,11,16617.99,4.22,28,1,-134.88,3.5
322555.21,8963.37,7770.81,0.1771,0.144,27148.4,5,80082.38,0.0,0.3204,7320.98,0.0,14,207052.0,3.59,7,0,318989.04,30.0
21364.81,2525.58,1424.08,0.2664,0.2317,26081.93,2,6088.62,0.0,0.5063,1882.53,0.0,10,16274.07,2.0,11,1,3919.07,4.5
45178.83,2834.14,2627.68,0.3929,0.1899,5949.08,1,21710.57,5000.0,0.345,2629.05,0.0,21,37364.24,1.79,16,0,38283.51,30.0
38333.08,2767.01,2492.63,0.5477,0.3357,24150.54,3,6838.83,28500.0,0.4392,7511.49,0.0,20,24170.77,3.2,2,1,-2766.76,24.5
102493.03,11871.75,6385.16,0.0907,0.0652,39962.36,3,25579.25,0.0,0.3317,4603.46,0.0,22,70441.6,3.34,17,0,141036.85,30.0
145978.89,3669.64,7734.15,0.2846,0.1113,57419.97,6,25586.18,0.0,0.6576,9772.24,121935.53,6,85145.19,4.12,7,0,70276.46,30.0
46722.05,1700.94,1867.28,0.2879,0.2671,21993.3,2,10866.14,0.0,0.2512,2299.59,4990.1,15,39644.64,2.49,16,0,21264.01,30.0
101971.95,5458.33,5096.49,0.3602,0.2372,19887.66,4,41770.24,8000.0,0.5511,3692.31,0.0,6,94685.82,9.77,28,0,90307.4,30.0
17058.45,1664.99,3578.7,0.3856,0.1531,22778.0,3,16969.59,0.0,0.2155,4940.75,57411.32,2,11836.23,1.82,22,1,-2870.03,1.0
7099.28,1723.15,3237.81,0.4549,0.3055,8300.37,4,22538.03,28500.0,0.5158,3480.94,45439.98,13,5789.25,2.03,8,1,-31108.76,1.0
319613.67,8659.18,7165.11,0.1588,0.1157,22948.43,5,80748.84,6000.0,0.3949,2500.19,0.0,8,303258.96,6.4,28,0,323880.14,30.0
32082.21,2612.5,1740.97,0.2932,0.332,25920.58,1,15271.6,0.0,0.541,6995.99,0.0,24,25807.19,2.85,26,0,20806.92,30.0
241921.97,7699.64,7033.5,0.1358,0.1323,10699.09,5,38513.39,0.0,0.3712,7797.94,0.0,7,169518.42,3.35,12,0,240380.06,30.0
215092.39,11804.48,6856.26,0.1831,0.118,29847.65,5,21129.96,0.0,0.4671,7927.98,0.0,19,126531.82,5.91,26,0,243150.71,30.0
99143.46,6743.81,3937.44,0.3066,0.162,43564.08,5,14511.15,8000.0,0.6945,3044.32,0.0,7,90224.88,7.14,10,0,68054.59,30.0
49577.83,5321.29,3912.64,0.3496,0.2454,48234.77,3,33974.53,0.0,0.5468,14591.47,0.0,11,45080.55,6.01,18,1,19130.34,7.9
19802.27,2123.74,2250.1,0.4169,0.2907,8118.53,4,16842.92,0.0,0.2305,2487.71,3790.67,20,11628.43,3.5,3,1,7438.33,10.2
85770.79,5855.36,6474.14,0.1955,0.2632,16545.72,7,37493.05,8000.0,0.5726,9429.7,18563.31,8,46386.69,6.0,18,0,65672.65,30.0
113309.66,5776.5,5895.95,0.1539,0.1506,61552.98,7,39514.72,8000.0,0.6597,14151.22,3583.55,17,61842.74,6.92,25,0,42040.99,30.0
46380.89,2790.44,1510.27,0.3704,0.1661,6023.52,4,9600.81,0.0,0.5023,5072.54,0.0,5,28747.4,2.69,20,0,47933.18,30.0
108468.04,3799.96,6469.81,0.3675,0.1023,45763.52,5,37708.17,0.0,0.4782,12989.57,80095.42,9,63122.05,9.4,16,0,47181.67,30.0
35341.74,2567.72,1757.81,0.3475,0.2922,13401.15,4,16627.85,0.0,0.2546,3524.17,0.0,23,30963.78,3.31,23,0,35598.51,30.0
179119.53,2983.83,4236.96,0.3927,0.2653,15745.65,5,17831.01,20000.0,0.6366,13472.57,37594.05,6,102769.44,6.72,21,0,149616.82,30.0
74381.89,3836.15,4112.0,0.1588,0.2529,57167.53,5,14342.52,0.0,0.5203,14744.79,8275.45,5,65094.13,4.63,12,1,17615.09,4.4
153617.08,6956.15,8256.09,0.429,0.1622,26694.25,7,54499.74,40000.0,0.4437,7770.36,38998.24,15,123402.55,5.05,30,0,88040.64,30.0
39166.65,2005.95,2599.98,0.2836,0.2892,14973.42,3,21920.98,5000.0,0.3342,8156.53,17821.04,13,31105.85,2.36,13,0,17647.6,30.0
100149.88,5755.33,3577.68,0.298,0.1665,57300.05,5,46502.59,0.0,0.3686,9537.32,0.0,5,81017.12,7.24,11,0,66530.11,30.0
83832.0,4606.3,5215.92,0.1818,0.0748,34913.85,3,25495.72,6000.0,0.4234,7469.05,18288.62,10,52834.31,7.49,12,0,41088.88,30.0
299172.93,8437.13,5369.37,0.1032,0.1149,29708.98,2,92093.38,6000.0,0.4884,10982.9,0.0,23,159644.48,4.88,1,0,334847.27,30.0
35728.46,1291.37,1830.35,0.2477,0.1601,25094.4,4,10631.65,0.0,0.5398,4876.25,16169.33,5,32156.11,1.62,19,1,10965.85,3.8
124826.26,9712.49,6562.35,0.0832,0.0931,32277.79,5,76356.87,0.0,0.4947,5006.05,0.0,4,65856.12,7.95,17,0,129033.27,30.0
34493.33,1212.13,2887.09,0.2057,0.3933,21298.94,1,20212.7,28500.0,0.5082,7615.34,50248.58,24,22808.9,1.99,29,1,-39325.58,8.0
256128.64,7509.02,5529.01,0.1685,0.1297,13006.54,5,27280.94,0.0,0.4937,4089.57,0.0,25,146552.36,4.3,28,0,265743.16,30.0
10649.35,2282.95,2981.11,0.4206,0.2892,26293.6,2,5425.89,5000.0,0.3542,6254.85,20944.7,7,6689.19,3.07,10,1,-24386.06,1.0
63514.54,2922.04,1998.31,0.3177,0.2115,17300.95,3,18463.37,0.0,0.5249,6398.98,0.0,6,40072.56,2.1,16,0,55053.81,30.0
107838.93,5101.47,3301.7,0.3999,0.2493,45791.03,5,54872.05,0.0,0.5162,6208.82,0.0,10,83638.14,8.52,23,0,92502.38,30.0
26824.74,2202.07,2383.38,0.4041,0.1754,25353.99,3,14587.8,28500.0,0.3763,5660.75,5439.42,14,23211.77,2.51,21,1,-15767.09,5.6
167100.99,5632.72,6389.56,0.1869,0.2333,32663.88,6,20638.26,20000.0,0.6609,8152.17,22705.07,12,109324.37,7.93,19,0,109910.92,30.0
147098.2,4160.95,4090.99,0.2849,0.2579,43180.44,7,32020.59,8000.0,0.4863,13959.29,0.0,1,93877.17,5.69,10,0,112448.27,30.0
35002.27,2090.71,2627.39,0.3406,0.2742,7230.36,4,19225.32,0.0,0.4378,4610.12,16100.38,2,20586.28,1.51,30,0,33404.12,30.0
34741.88,2811.15,2179.63,0.3161,0.1993,15130.92,3,12344.41,0.0,0.5451,4063.99,0.0,14,20143.38,3.73,27,0,24721.26,30.0
179252.95,6240.03,6919.27,0.1177,0.0822,18535.33,2,47186.57,0.0,0.3612,8929.59,20377.23,19,145857.68,4.99,9,0,143254.11,30.0
50034.06,3412.54,7944.47,0.355,0.1776,24889.77,3,13974.64,8000.0,0.4683,6802.24,135957.73,16,33644.33,5.88,29,1,-56193.06,4.6
68483.06,5390.46,5435.89,0.4171,0.248,56038.09,5,8255.45,20000.0,0.5666,3476.68,1362.88,8,36505.86,7.23,20,1,-2908.93,6.5
319287.02,8925.36,7989.71,0.138,0.1383,13657.8,2,25647.55,0.0,0.2782,3489.24,0.0,15,292899.9,5.38,13,0,302915.57,30.0
177269.01,6789.29,5125.8,0.2419,0.2639,22535.13,4,15198.47,0.0,0.5422,4961.31,0.0,5,110232.23,9.25,13,0,162602.84,30.0
61127.04,2698.35,3133.18,0.3807,0.2033,25774.64,1,12908.76,28500.0,0.4069,7290.78,13044.96,9,33098.39,3.3,1,0,17893.7,30.0
114242.17,6283.64,3411.91,0.4342,0.1383,54536.5,3,10343.48,40000.0,0.3786,7067.44,0.0,17,64075.37,8.89,2,0,71075.29,30.0
15384.39,1888.63,2377.87,0.4599,0.2068,12637.81,3,11943.37,28500.0,0.3663,7615.16,14677.29,20,8832.8,3.77,12,1,-23907.77,1.0
72514.84,7251.59,5259.48,0.267,0.2233,63481.52,5,27142.29,0.0,0.5491,6485.24,0.0,2,58963.15,4.97,13,1,20777.53,1.7
56924.62,3107.66,2202.62,0.3446,0.2489,9043.33,3,13282.26,14000.0,0.4924,4899.42,0.0,20,40258.88,4.05,22,0,51604.17,30.0
136042.74,5761.95,6253.24,0.3109,0.2082,55632.55,3,26848.47,8000.0,0.6529,4081.84,14738.89,8,89494.19,6.12,20,0,73864.69,30.0
9216.72,1899.8,1602.4,0.3619,0.365,12567.96,4,7113.56,0.0,0.3666,5104.36,0.0,6,5779.15,2.16,3,1,-1318.75,1.0
325979.34,9377.71,7647.01,0.194,0.126,12187.0,4,49549.73,0.0,0.3372,3494.6,0.0,12,195428.76,3.64,27,0,331781.9,30.0
225926.16,5601.32,7089.17,0.1104,0.0688,10127.15,3,78921.39,6000.0,0.2837,7508.95,44635.42,9,150963.25,3.01,11,0,221002.57,30.0
55195.33,3198.94,3425.86,0.5266,0.2333,6328.25,2,21819.27,0.0,0.2348,8036.87,6807.57,17,28748.35,3.45,17,0,42876.77,30.0
60581.87,2453.34,2667.06,0.3502,0.2211,9814.69,3,14192.1,5000.0,0.3855,4245.43,6411.63,18,52552.6,1.58,3,0,41309.64,30.0
50331.05,4118.34,4166.88,0.3209,0.2311,19105.71,3,54179.26,40000.0,0.4676,3474.19,1456.16,5,38246.66,4.28,12,0,28465.07,30.0
18211.86,1392.53,2470.86,0.2934,0.2678,22391.18,1,9130.45,14000.0,0.2311,5376.53,32349.73,15,16966.49,1.54,13,1,-28298.15,1.0
176895.06,4568.28,7010.6,0.1003,0.1218,22943.08,2,86647.32,0.0,0.2538,3109.9,73269.65,23,136011.82,6.5,26,0,111260.84,30.0
143309.88,4659.68,7963.64,0.4325,0.1391,36237.71,5,19062.85,0.0,0.6689,11552.17,99118.93,11,85230.05,8.22,5,0,68054.09,30.0
36271.89,1612.83,2337.92,0.2356,0.174,18777.4,4,11143.43,5000.0,0.3765,4019.08,21752.92,19,26046.86,4.41,21,1,-293.13,12.2
51103.92,3020.22,1500.6,0.501,0.2595,10118.78,1,3625.74,0.0,0.3012,1793.85,0.0,9,29352.36,2.12,29,0,51187.06,30.0
33115.39,1885.57,3108.81,0.3886,0.3828,23814.07,2,15409.37,0.0,0.2214,4227.57,36697.3,21,17115.67,3.87,6,1,-18621.41,7.6
48272.94,2748.5,3026.24,0.3414,0.3977,19560.0,4,15612.23,14000.0,0.319,3339.6,8332.08,21,35451.57,3.22,12,1,10320.85,27.7
218993.1,11922.71,6641.4,0.1397,0.0641,33062.45,3,84902.5,6000.0,0.3856,3144.45,0.0,22,139478.08,6.45,5,0,280710.51,30.0
13223.54,1957.06,2144.8,0.4981,0.2931,15624.4,3,21483.24,0.0,0.2654,1712.57,5632.09,20,12497.42,3.7,8,1,-4648.98,1.0
38001.12,4652.61,5055.61,0.3442,0.2436,34001.38,7,28573.85,40000.0,0.3817,3456.82,12090.03,8,32949.06,6.9,27,1,-15424.49,3.8
91102.84,2961.11,4120.84,0.2939,0.1793,19356.86,3,35940.25,20000.0,0.645,4301.35,34791.88,16,66719.96,4.18,3,0,48100.5,30.0
261485.38,7790.16,3069.25,0.1845,0.1026,30833.05,2,51361.2,0.0,0.4724,6387.0,0.0,17,159293.83,5.11,21,0,304753.41,30.0
115905.68,7093.07,5172.27,0.1467,0.1358,18391.05,2,29805.75,6000.0,0.2782,3080.13,0.0,26,107980.82,7.26,30,0,119270.89,30.0
18946.24,1941.55,1512.22,0.2212,0.376,19608.29,2,12460.8,14000.0,0.215,7124.7,0.0,20,13964.79,3.63,22,1,-1436.25,7.3
52312.72,2000.58,3599.17,0.232,0.2883,14627.56,3,11324.88,0.0,0.4741,6571.47,47957.84,20,43773.47,2.57,21,1,2284.13,16.0
31038.48,2022.28,1644.95,0.2406,0.3488,23301.36,3,23546.46,14000.0,0.3335,3119.91,0.0,14,17671.5,3.9,16,1,10096.62,12.6
113123.58,6172.27,2872.68,0.1369,0.0824,38037.41,2,47619.94,6000.0,0.3565,2086.64,0.0,13,75168.54,5.13,29,0,117453.53,30.0
205199.18,6943.45,7743.02,0.1182,0.0821,26898.66,3,80513.67,0.0,0.2833,4222.52,23987.26,24,158723.09,5.09,4,0,158155.54,30.0
72624.61,11520.05,3148.74,0.188,0.0734,15964.62,4,73688.24,6000.0,0.4793,9873.31,0.0,26,48785.57,5.84,11,0,240743.8,30.0
48385.38,1518.72,3202.99,0.4142,0.2706,25789.86,4,24741.35,0.0,0.3261,5306.2,50528.16,19,45002.27,2.67,16,1,-5624.38,11.1
52784.79,6966.91,3911.02,0.3278,0.1636,56677.15,3,46822.24,0.0,0.4963,5536.32,0.0,11,37608.38,9.04,1,0,32759.23,30.0
316983.89,11929.65,5703.39,0.1607,0.0764,8754.96,5,28411.2,0.0,0.3646,2209.49,0.0,21,248667.59,7.0,30,0,400671.38,30.0
347044.12,4805.26,2791.5,0.1029,0.1156,23820.95,5,41441.34,0.0,0.3155,6956.25,0.0,15,291802.05,5.23,10,0,355590.75,30.0
49437.91,3946.13,3281.64,0.3244,0.1794,60949.91,3,19877.63,8000.0,0.4982,4238.22,0.0,1,43276.06,9.09,30,1,-6914.21,1.4
38488.07,2261.27,2763.19,0.4966,0.3411,13515.3,3,16936.98,28500.0,0.3914,8200.52,15057.43,23,21026.29,2.58,26,1,-4281.13,21.3
171869.07,5002.19,7763.53,0.1396,0.0634,35025.02,4,65187.83,0.0,0.2996,2453.6,82840.09,23,159457.57,6.79,13,0,75987.33,30.0
82529.89,3607.21,7674.57,0.3024,0.1219,27331.61,5,47096.49,8000.0,0.3764,7598.17,122020.87,5,47689.19,7.15,13,0,45844.95,30.0
53222.37,2878.54,2322.4,0.5393,0.2149,23042.58,1,4496.09,14000.0,0.3838,8972.16,0.0,24,35590.69,3.13,30,0,25104.41,30.0
239770.92,6648.29,2738.84,0.1746,0.1389,15900.78,2,45858.76,0.0,0.4034,6823.77,0.0,18,149879.71,3.25,28,0,289207.83,30.0
228185.47,10157.84,6599.6,0.1746,0.1369,15549.92,3,89427.98,0.0,0.4799,5836.09,0.0,8,184626.17,3.2,9,0,260430.34,30.0
243276.48,9065.38,6091.89,0.1355,0.0667,22520.14,4,57755.27,6000.0,0.2877,8873.11,0.0,19,222863.45,8.0,17,0,262490.76,30.0
164148.11,5740.23,7493.5,0.2408,0.1744,58453.3,5,26442.95,8000.0,0.6861,6210.41,52598.16,10,106867.33,4.73,24,0,83271.55,30.0
56833.59,1722.7,3430.04,0.4372,0.2872,26099.53,3,13141.76,5000.0,0.4822,8949.42,51220.29,13,42456.83,3.1,6,1,6192.95,11.1
57541.62,2524.5,1816.86,0.2104,0.2289,18577.15,2,13215.37,0.0,0.2436,8226.19,0.0,4,42038.55,3.64,8,0,45535.35,30.0
56506.47,2117.45,2649.68,0.3628,0.3439,20159.4,2,11924.35,28500.0,0.3889,5030.84,15966.88,15,52564.01,3.02,27,1,12265.86,21.2
24626.34,1859.65,3313.51,0.222,0.2007,22135.24,3,22205.94,0.0,0.4137,7238.96,43615.59,20,21055.76,4.5,15,1,-25319.6,3.7
36852.52,1920.05,3223.98,0.3971,0.1747,13663.07,3,4306.89,0.0,0.3675,7664.72,39117.87,23,22787.69,1.7,21,1,-13781.63,11.3
32439.09,2125.7,2968.93,0.456,0.3102,8363.61,2,7504.82,28500.0,0.4708,1562.27,25296.77,17,23111.24,2.13,4,1,-8802.55,12.6
184797.2,8156.24,7821.36,0.1846,0.1429,14947.7,2,70981.26,0.0,0.2694,8185.81,0.0,12,151967.68,5.15,18,0,182893.05,30.0
193500.77,5952.06,5964.31,0.1824,0.103,32260.32,5,57653.75,0.0,0.3653,11792.24,367.51,5,124384.04,3.56,1,0,178034.27,30.0
107407.14,10230.28,7463.31,0.1111,0.0567,39841.98,2,26904.26,0.0,0.3268,6328.81,0.0,25,62605.96,4.96,23,0,96296.78,30.0
194714.4,9439.5,3409.05,0.1819,0.0767,39465.81,2,69356.88,0.0,0.4956,10367.08,0.0,27,150472.35,3.0,10,0,294769.83,30.0
18372.01,2764.49,2249.31,0.2214,0.2699,23125.98,1,22494.89,14000.0,0.4301,1672.79,0.0,20,10880.0,2.44,27,1,-2921.15,5.2
9942.9,1235.53,1628.21,0.2961,0.2523,20047.57,2,22519.16,5000.0,0.4078,3000.68,11780.51,10,5246.4,2.92,4,1,-10142.09,1.0
287965.55,6012.93,3866.71,0.1564,0.1372,29052.07,4,86863.21,0.0,0.3292,7254.97,0.0,24,158757.04,5.25,27,0,315695.99,30.0
51281.19,5928.23,6955.15,0.4071,0.2374,38679.87,6,26449.44,0.0,0.533,12409.92,30807.72,12,27590.36,4.49,18,1,-3008.0,5.9
12672.37,2079.07,3111.55,0.2236,0.2908,13641.69,1,19692.32,0.0,0.2153,8134.57,30974.29,18,11457.42,3.78,9,1,-19280.53,1.0
9119.79,3036.55,3368.53,0.3368,0.3897,6325.39,1,8713.41,5000.0,0.3972,4755.24,9959.53,7,6738.15,1.96,12,1,-2953.27,1.0
337302.62,9911.16,3158.43,0.1354,0.1357,23057.48,3,30185.61,0.0,0.3729,10107.28,0.0,22,300081.69,3.8,29,0,431797.83,30.0
64424.09,2737.22,2025.53,0.4663,0.3807,22530.74,2,4585.68,14000.0,0.2395,8351.84,0.0,16,58169.64,4.43,30,0,39568.98,30.0
47054.41,4402.43,8491.63,0.3378,0.168,25056.38,5,19975.23,20000.0,0.5685,8149.63,122676.21,13,34708.53,6.34,24,1,-44644.93,3.9
26800.52,2083.26,2154.06,0.3912,0.2783,17655.52,2,19394.95,5000.0,0.2656,7139.81,2123.89,18,22008.35,3.06,23,1,6358.39,11.6
26508.93,2595.62,3320.55,0.3129,0.2903,21362.91,3,3701.46,14000.0,0.2041,4281.32,21747.93,20,19728.37,2.83,24,1,-25353.12,6.5
155583.31,5038.45,5733.16,0.3273,0.2608,52612.42,7,14821.73,20000.0,0.3945,12254.6,20841.47,14,117315.3,5.08,14,0,75605.3,30.0
337213.67,6854.71,4283.09,0.1052,0.1018,34372.98,3,84924.31,0.0,0.3445,2146.53,0.0,18,228907.5,4.48,1,0,357986.38,30.0
128537.48,3857.04,4874.43,0.3286,0.1168,63680.09,6,52854.02,0.0,0.591,5146.71,30521.85,2,95698.99,5.03,15,0,81774.01,30.0
157362.57,7363.45,8364.62,0.2483,0.2361,59534.02,3,40073.64,20000.0,0.4014,12726.29,30034.92,4,111074.45,7.07,9,0,94133.13,30.0
49031.88,2359.54,2771.84,0.3238,0.289,21154.86,3,17420.1,0.0,0.3302,2111.29,12369.06,18,39685.94,2.39,17,0,19403.88,30.0
14450.83,3012.53,1630.23,0.4666,0.1754,14142.41,4,21931.38,14000.0,0.4397,2327.89,0.0,22,11310.27,3.66,11,1,19682.18,30.0
91671.07,4934.24,7757.23,0.326,0.2339,19850.05,4,24135.33,8000.0,0.6021,14250.19,84689.65,15,81221.53,6.03,19,1,20259.63,16.3
24082.89,2668.4,1946.85,0.4184,0.2857,25252.21,3,14441.43,14000.0,0.2919,8507.54,0.0,11,20618.43,2.32,10,1,85.53,6.0
166058.7,3400.18,3640.1,0.1875,0.274,44936.23,5,45843.31,0.0,0.547,5112.78,7197.55,3,87633.98,9.2,5,0,137125.48,30.0
107844.19,6214.14,5766.7,0.2951,0.1252,25357.81,4,48539.75,0.0,0.6668,7495.46,0.0,7,61242.78,5.26,9,0,96593.23,30.0
50708.42,2863.44,3103.89,0.2617,0.2756,9827.9,1,2510.88,5000.0,0.3845,8507.66,7213.38,3,45465.79,2.63,20,0,37570.22,30.0
150373.21,7141.96,4972.05,0.4141,0.2453,41631.1,4,32164.94,8000.0,0.3879,4247.04,0.0,10,141273.07,4.68,19,0,124905.11,30.0
14881.19,1466.12,2612.02,0.2369,0.2691,12052.79,2,18230.88,5000.0,0.4851,7177.64,34377.04,8,11274.28,1.8,22,1,-3403.47,1.2
41669.03,2282.75,3253.84,0.2748,0.1879,6258.47,1,10832.92,0.0,0.4992,4834.09,29132.43,22,34432.8,3.88,9,1,7914.59,21.1
177146.19,2889.82,7525.03,0.1791,0.1161,22231.19,5,44403.9,20000.0,0.4649,11409.2,139056.29,10,139434.76,6.03,25,0,110030.93,30.0
119168.05,3841.16,8045.78,0.4428,0.2378,61826.44,6,39121.12,0.0,0.5054,9446.29,126138.8,2,75087.06,9.72,23,0,63135.55,30.0
109399.01,11242.98,3202.97,0.169,0.149,15662.37,3,52203.34,6000.0,0.2734,4126.71,0.0,16,60762.62,6.86,28,0,203931.58,30.0
68968.28,6153.85,6086.85,0.2521,0.1659,52851.6,3,24713.01,40000.0,0.3901,5565.86,0.0,17,59139.98,9.59,25,1,-13574.79,14.7
260137.53,10120.68,6772.99,0.1003,0.08,31527.3,4,83362.71,0.0,0.2761,3893.71,0.0,8,146595.59,4.59,15,0,271908.92,30.0
34924.42,2714.66,2819.49,0.546,0.1798,5665.83,1,7892.91,0.0,0.4526,1916.03,3144.9,13,23238.97,1.84,11,0,24230.02,30.0
160640.67,11894.7,4018.24,0.1884,0.0931,38438.85,2,86959.18,6000.0,0.4769,6267.93,0.0,12,135149.36,6.0,23,0,219594.91,30.0
20346.03,1266.52,1624.23,0.3032,0.1727,24941.23,2,20681.61,0.0,0.2593,1908.13,10731.37,20,12411.05,3.15,29,1,-8496.27,3.8
151051.59,3134.95,6352.34,0.294,0.261,21052.96,5,47322.77,40000.0,0.3948,5551.49,96521.63,7,109140.24,5.23,7,0,102344.87,30.0
217892.51,5095.18,3525.42,0.1827,0.1377,12687.16,3,61084.57,0.0,0.4489,7418.35,0.0,14,131062.49,3.6,30,0,237260.46,30.0
181285.56,4788.41,6558.75,0.1904,0.0755,17205.52,4,50829.89,0.0,0.3856,10076.19,53110.15,25,135237.29,3.47,21,0,116538.82,30.0
124934.89,6965.36,8459.64,0.4312,0.2528,41408.7,5,13424.5,20000.0,0.5901,3425.18,44828.33,6,111641.35,9.44,3,0,62353.48,30.0
259320.48,11213.49,4236.57,0.1549,0.1067,16372.44,5,53480.21,0.0,0.4961,10780.77,0.0,25,148299.47,7.21,8,0,382122.63,30.0
230044.15,10820.61,7100.62,0.1942,0.1159,16732.17,4,90996.15,0.0,0.446,10205.27,0.0,14,174906.57,3.55,30,0,271690.78,30.0
46617.97,5948.65,7983.67,0.4414,0.22,60961.95,4,53208.23,40000.0,0.4645,9761.67,61050.69,16,24956.78,7.66,15,1,-65368.34,3.0
64977.13,1494.4,2093.72,0.508,0.1861,12917.25,4,3840.91,0.0,0.3643,8817.68,17979.76,12,52943.63,3.82,2,0,42426.17,30.0
74849.8,5366.24,3940.34,0.3943,0.2501,46722.92,3,41199.53,0.0,0.5407,7404.58,0.0,14,65052.97,7.81,16,0,48762.6,30.0
83568.28,9490.11,5720.95,0.1567,0.1142,8357.98,2,65742.77,0.0,0.2809,3335.11,0.0,19,55296.74,6.45,30,0,137310.32,30.0
54321.08,2751.21,2420.96,0.3829,0.2591,10484.46,1,4893.34,0.0,0.3929,6994.23,0.0,20,41320.01,2.62,15,0,40505.4,30.0
328166.77,7799.92,4749.99,0.0995,0.1171,35572.12,4,62220.55,0.0,0.3895,11879.98,0.0,16,183071.04,7.54,3,0,341530.13,30.0
22921.1,2913.65,2744.56,0.4835,0.1941,19380.93,1,6238.43,0.0,0.5178,1937.33,0.0,4,20999.9,1.61,29,1,4095.5,2.5
52102.34,2185.45,2110.64,0.3263,0.2763,11103.67,3,19429.1,5000.0,0.3929,7635.74,0.0,10,39121.27,2.1,5,0,43404.36,30.0
51617.1,3072.31,2051.77,0.4139,0.1582,17446.08,3,22566.81,5000.0,0.468,5697.51,0.0,21,27765.83,3.55,22,0,49303.73,30.0
104401.04,3044.11,7204.69,0.1506,0.185,49930.94,7,54822.69,0.0,0.6661,7084.31,124817.2,11,56169.8,8.25,1,1,23946.81,8.7
9375.85,3129.79,3493.12,0.3138,0.3475,11792.63,1,5238.91,0.0,0.5054,4985.6,10899.97,17,5506.82,2.65,12,1,-17310.34,1.5
36407.37,2763.7,2725.42,0.5361,0.3892,17941.54,4,23415.74,14000.0,0.5158,5738.66,0.0,15,20841.67,2.48,26,1,13175.23,18.1
117679.87,3407.73,8222.76,0.274,0.1899,32098.87,6,11183.56,0.0,0.5414,11281.52,144450.89,6,111381.9,6.66,13,0,56523.47,30.0
163790.76,8496.51,2805.08,0.1187,0.1028,26478.33,3,41077.79,0.0,0.4256,2990.33,0.0,22,120474.19,4.03,17,0,242225.27,30.0
178217.67,4697.25,5469.82,0.1814,0.0608,33089.62,2,26523.65,6000.0,0.2574,10090.41,23177.06,5,133396.52,5.86,30,0,144013.33,30.0
46703.17,2924.18,3083.23,0.2015,0.1749,7712.69,3,4530.31,5000.0,0.3503,7888.49,4771.42,2,26755.76,2.1,7,0,36094.1,30.0
78893.56,3493.89,6550.19,0.4391,0.2316,63366.92,3,30064.5,0.0,0.4738,11541.56,91688.91,9,43653.32,4.44,29,1,-5778.8,5.4
20872.47,2521.34,3099.69,0.2992,0.24,13449.6,2,11460.14,14000.0,0.459,3639.93,17350.43,14,13144.46,2.07,18,1,-10078.5,3.3
6608.38,2132.56,2821.96,0.2222,0.2413,21224.19,3,20488.73,0.0,0.2316,4215.78,20681.81,22,4013.01,2.5,25,1,-31129.55,1.0
77906.9,6201.23,7755.8,0.082,0.0778,27384.33,5,43816.76,0.0,0.3314,11239.11,46637.2,22,55669.88,6.56,30,1,6837.36,20.6
199745.44,9052.9,7491.37,0.1797,0.1115,19224.44,5,63723.03,0.0,0.4788,5802.87,0.0,9,140833.92,6.46,13,0,203485.19,30.0
156826.67,7213.82,5605.81,0.3817,0.2867,46854.26,7,37125.33,8000.0,0.4487,8917.93,0.0,6,116148.08,7.83,27,0,122649.42,30.0
155151.8,6596.81,3503.53,0.4355,0.2694,57237.15,7,27106.25,0.0,0.6897,5328.95,0.0,4,100249.39,4.12,14,0,115615.98,30.0
17604.39,2070.69,1574.96,0.499,0.3562,6313.22,4,9241.71,14000.0,0.5122,4844.33,0.0,9,11762.72,2.12,9,1,7810.97,12.8
53529.57,4430.52,7658.67,0.214,0.2941,23477.78,5,8765.13,8000.0,0.6412,6211.37,96844.6,16,33664.5,4.89,30,1,-35874.65,5.9
30246.24,4874.35,5807.35,0.3853,0.2045,31140.99,4,52961.52,0.0,0.3937,8117.76,27989.82,4,26089.47,5.77,18,1,12572.35,1.3
287597.78,4746.76,4735.73,0.1042,0.1371,8246.83,5,75499.75,0.0,0.4201,3070.73,0.0,16,210797.89,4.35,17,0,294643.42,30.0
20437.68,1550.61,3447.42,0.332,0.2961,16757.55,2,3873.39,0.0,0.376,6444.04,56904.23,17,12389.57,1.93,26,1,-32466.63,1.9
161724.24,3023.67,4355.61,0.2453,0.1574,50568.09,7,28701.72,8000.0,0.3641,4278.94,39958.14,2,144536.75,5.8,5,0,114806.72,30.0
111782.36,5170.6,7418.68,0.4404,0.2658,24594.43,5,42246.21,20000.0,0.6546,8806.83,67442.13,8,66209.07,9.43,24,0,67698.27,30.0
50372.24,1680.13,2208.65,0.2867,0.161,12914.86,2,21746.26,28500.0,0.4551,6324.97,15855.72,7,28628.18,4.22,3,0,25791.15,30.0
126603.49,3893.99,7623.87,0.3217,0.2568,29049.9,7,10623.9,8000.0,0.3829,10384.2,111896.15,12,112155.28,8.75,1,0,44355.03,30.0
16700.41,1703.24,3001.23,0.3024,0.299,19803.37,3,11180.46,0.0,0.4002,4516.96,38939.75,15,12499.99,4.14,15,1,-23193.34,1.0
33707.44,1806.67,2482.71,0.5086,0.347,24133.12,4,2044.27,0.0,0.4156,6199.33,20281.03,4,21484.05,3.98,7,1,5823.54,2.8
99667.17,5596.44,7684.85,0.2569,0.1994,40716.96,4,10254.08,40000.0,0.5445,6362.1,62652.32,17,84114.21,7.45,11,1,-11084.52,16.1
16490.85,2747.1,1861.09,0.5005,0.2451,27992.11,2,20513.27,0.0,0.4649,3446.97,0.0,5,14487.59,4.07,16,1,-1783.19,1.1
57415.01,2142.45,2716.63,0.2086,0.2718,20521.3,2,17430.6,0.0,0.3508,6646.47,17225.61,9,36509.99,3.54,19,0,35812.21,30.0
78086.17,6935.53,4844.13,0.3516,0.281,57670.09,4,36532.39,0.0,0.5764,7391.08,0.0,5,58921.68,7.58,25,0,38993.86,30.0
147286.3,5362.85,5476.74,0.3087,0.1981,48099.84,6,43090.8,40000.0,0.6773,6742.65,3416.63,10,125806.08,4.7,18,0,84650.51,30.0
66533.1,2957.43,3459.14,0.2756,0.119,36938.29,7,43971.55,0.0,0.3892,5336.42,15051.48,3,39910.51,7.99,26,0,44493.14,30.0
170105.4,4520.34,3598.88,0.1963,0.081,15952.35,2,86029.5,0.0,0.4034,9266.5,0.0,5,95267.0,6.31,22,0,188732.02,30.0
157722.73,5305.23,8451.15,0.4011,0.1327,26478.15,7,24985.77,20000.0,0.4908,5041.62,94377.62,13,79596.34,4.61,21,0,76643.45,30.0
136925.11,4518.54,4906.89,0.1035,0.0553,14667.22,4,36624.3,0.0,0.3826,3401.78,11650.56,14,74199.07,7.38,9,0,118783.88,30.0
42489.61,4562.55,7957.29,0.4128,0.1622,21412.52,7,17763.89,8000.0,0.4296,9993.2,101842.09,14,30577.68,7.89,18,1,-36596.55,3.8
76113.06,6710.22,3621.54,0.3543,0.1226,17813.54,7,9397.46,8000.0,0.5365,13819.37,0.0,1,41311.09,8.9,1,0,60061.21,30.0
213076.86,7327.0,7888.5,0.1575,0.1016,26584.74,2,81200.37,6000.0,0.3103,4530.79,16844.96,9,195188.68,7.13,28,0,197504.9,30.0
5631.24,1380.81,1817.29,0.2758,0.3355,7105.45,3,16096.9,5000.0,0.3351,3934.05,13094.43,13,4216.76,1.52,7,1,-6091.34,1.1
62315.35,2706.14,1426.5,0.2643,0.364,6305.94,2,9316.43,14000.0,0.4261,3435.97,0.0,7,49892.71,2.56,20,0,58031.48,30.0
45680.64,2296.6,3383.22,0.479,0.1878,6022.95,1,5236.43,28500.0,0.4136,6398.45,32598.53,15,34311.62,3.41,17,1,4867.68,20.2
6482.37,1216.52,2064.33,0.2546,0.2381,18440.91,1,18060.74,28500.0,0.4694,3817.88,25434.35,6,4205.7,1.98,4,1,-25278.94,1.0
30450.94,1774.15,3536.92,0.332,0.3159,18294.06,2,12243.55,14000.0,0.294,8873.79,52882.86,9,16504.19,3.83,4,1,-9597.7,4.2
57648.47,3194.57,3536.63,0.4874,0.38,18016.16,4,5867.22,14000.0,0.5235,2822.71,10261.79,8,29715.69,4.1,19,0,27573.79,30.0
195914.32,7020.5,6092.73,0.1053,0.1266,14639.67,4,68598.6,0.0,0.3535,11772.71,0.0,20,173946.09,6.26,22,0,198774.44,30.0
30447.56,2879.65,2339.24,0.4975,0.1674,8821.31,3,14785.07,14000.0,0.4419,1972.57,0.0,14,22199.1,1.55,22,0,20341.69,30.0
137841.52,9039.48,5737.14,0.1532,0.1064,11304.79,3,86521.75,6000.0,0.275,6124.87,0.0,13,86507.73,4.0,9,0,177352.42,30.0
19762.33,2490.61,3317.12,0.3592,0.1984,21179.49,2,20656.11,14000.0,0.4232,2977.0,24795.32,18,10220.72,2.47,1,1,-24277.14,2.2
45260.15,6887.71,7705.87,0.1968,0.239,40132.37,5,18348.34,40000.0,0.5938,7761.05,24544.68,16,34709.77,5.99,21,1,-42642.49,6.2
56148.04,1821.82,3537.45,0.3672,0.3883,26465.12,4,19914.26,0.0,0.2643,1585.49,51468.9,21,46837.92,3.42,4,1,-6145.83,14.2
126962.14,3729.64,5867.29,0.1872,0.2223,60929.9,4,28648.78,0.0,0.3842,9040.24,64129.62,4,89650.66,7.02,16,0,65744.54,30.0
182758.16,7623.58,3205.89,0.1439,0.1479,14802.95,2,55640.75,0.0,0.3133,5133.36,0.0,4,152985.1,5.86,22,0,201718.47,30.0
7115.82,1486.58,2933.29,0.4592,0.3416,6703.96,1,13502.62,0.0,0.2854,2647.77,43401.31,23,3772.48,2.74,16,1,-34532.49,1.0
52815.87,5220.89,5762.41,0.401,0.1605,50063.6,6,36843.31,40000.0,0.5073,7663.35,16245.53,16,35122.52,5.93,13,1,-28179.78,6.3
61117.33,3130.0,2059.79,0.4725,0.3379,6181.83,3,10989.74,14000.0,0.5065,1528.84,0.0,3,53650.4,2.04,13,0,53488.51,30.0
11396.61,2501.27,2929.94,0.4271,0.2187,9358.93,3,3592.63,0.0,0.5218,5913.8,12860.28,2,8828.89,3.37,1,1,1616.51,1.8
5674.03,1879.92,3524.94,0.4727,0.2296,11836.17,4,13683.09,0.0,0.2779,7577.01,49350.55,16,4630.37,2.16,15,1,-33096.33,1.0
287884.64,4657.75,4958.81,0.0941,0.0985,8672.16,3,63393.2,6000.0,0.2759,5892.14,9031.87,22,217073.25,3.2,4,0,274109.3,30.0
151389.66,4279.95,6581.48,0.3579,0.2951,37816.9,7,37548.99,20000.0,0.4029,14979.49,69045.91,1,88258.85,5.02,23,0,115167.5,30.0
53519.91,2975.67,1412.37,0.541,0.2555,8498.01,4,14822.74,5000.0,0.2336,4899.34,0.0,12,42091.55,1.74,25,0,60542.62,30.0
85799.03,6331.69,6159.75,0.1985,0.1181,35876.82,2,40524.06,0.0,0.2632,3788.63,0.0,20,62180.25,5.69,2,0,44241.78,30.0
90522.56,11558.91,7657.41,0.105,0.1286,9090.66,5,85978.87,0.0,0.3954,2339.0,0.0,19,75462.8,4.58,23,0,145867.83,30.0
52455.43,2891.22,1530.35,0.3142,0.2449,13412.79,1,5654.55,28500.0,0.5343,4281.89,0.0,15,43493.29,2.26,18,0,38298.13,30.0
195658.67,10084.21,5425.68,0.1838,0.0837,35268.45,4,81378.28,0.0,0.4097,2793.86,0.0,23,170818.47,5.95,29,0,253821.28,30.0
64084.2,2971.7,2920.02,0.3901,0.3737,20396.61,4,7620.61,28500.0,0.4588,5885.37,0.0,17,33373.23,4.37,16,0,23101.46,30.0
154193.12,6654.24,7764.69,0.1465,0.1114,21625.32,2,50751.63,0.0,0.4745,5808.2,33313.63,20,127433.89,3.93,25,0,104583.11,30.0
36652.58,1859.3,1732.0,0.5117,0.3351,27290.41,4,5203.36,5000.0,0.4706,4769.16,0.0,7,19837.74,2.87,12,1,7500.08,5.5
118293.55,7236.13,3979.23,0.4085,0.1758,42427.76,4,17996.39,0.0,0.4681,10506.34,0.0,2,111855.9,7.74,30,0,86977.67,30.0
48365.77,1372.45,1608.06,0.5002,0.24,14320.34,2,14370.49,28500.0,0.3108,2878.37,7068.18,7,32119.34,2.48,13,0,22093.09,30.0
69912.6,6596.1,3200.61,0.44,0.1867,22619.61,5,30490.96,40000.0,0.4669,10493.79,0.0,2,45870.06,4.03,9,0,43680.19,30.0
98578.71,5329.86,7174.01,0.2305,0.2214,19225.54,3,32398.95,8000.0,0.6874,10895.61,55324.52,1,50012.17,5.18,6,0,85317.36,30.0
36366.51,5671.1,5426.23,0.3398,0.2524,18873.42,4,45521.33,20000.0,0.3616,9255.13,0.0,6,32067.34,6.34,10,1,19905.09,4.2
38212.84,2321.6,3171.42,0.3255,0.2873,26263.93,2,9794.33,0.0,0.4039,5690.07,25494.38,21,26590.51,3.75,7,1,-11395.44,11.0
88371.51,7089.11,8128.17,0.2293,0.1787,35141.13,4,35577.29,40000.0,0.6883,9492.58,31171.61,16,78667.75,4.5,6,1,8855.91,19.3
219567.32,5160.93,2798.37,0.1757,0.0533,27046.98,4,42982.14,6000.0,0.4997,3275.09,0.0,19,204158.02,7.92,25,0,231926.6,30.0
11167.4,1483.75,2877.69,0.4809,0.1626,7090.14,1,8099.28,5000.0,0.5116,7104.78,41818.16,14,8229.64,2.4,28,1,-18730.88,1.6
340666.95,10636.88,5844.62,0.1536,0.0686,32519.21,5,48898.26,0.0,0.3158,11972.59,0.0,16,275029.79,6.01,19,0,370189.06,30.0
140668.27,7280.08,4381.96,0.116,0.077,8543.73,3,30989.77,0.0,0.4075,7481.1,0.0,6,92725.32,6.85,29,0,153386.69,30.0
60335.73,4042.7,7032.18,0.2482,0.1409,56985.89,4,28008.43,0.0,0.688,4056.54,89684.23,13,31259.76,9.46,23,1,-35186.58,5.3
76133.89,2872.95,8005.42,0.3621,0.109,62042.93,6,51058.96,8000.0,0.6442,3636.73,153973.93,14,56728.64,7.75,10,1,-49144.6,5.4
24949.49,1682.71,1523.03,0.2583,0.2018,8065.09,2,16990.13,14000.0,0.4021,2512.17,0.0,17,13277.64,4.31,18,1,13540.63,30.0
84947.88,4689.62,3228.22,0.1578,0.2588,64575.56,5,36075.06,8000.0,0.4247,10287.57,0.0,5,77955.0,7.52,12,0,34008.86,30.0
82940.24,4476.19,3621.92,0.4475,0.2782,32785.12,7,42320.08,40000.0,0.3651,13341.35,0.0,3,59744.08,8.89,14,0,46846.46,30.0
286679.05,4826.75,7018.66,0.1147,0.1341,21964.97,3,92817.07,6000.0,0.373,7915.91,65757.19,8,209160.19,7.91,29,0,273982.16,30.0
197413.73,11560.51,7922.95,0.1853,0.1121,8398.49,2,34056.56,6000.0,0.4972,11837.43,0.0,27,166562.41,4.79,19,0,235052.85,30.0
33788.14,2973.51,2298.29,0.2701,0.2521,11828.4,1,17563.97,0.0,0.4529,1810.22,0.0,8,19413.76,2.8,20,0,29627.63,30.0
86688.41,3319.33,3878.73,0.3436,0.2914,29080.41,7,41448.89,8000.0,0.3872,8938.69,16782.12,4,76010.25,4.34,30,0,65897.05,30.0
50087.14,1218.32,2665.37,0.498,0.2578,16004.75,4,12944.25,0.0,0.4588,5477.99,43411.39,6,38221.15,2.52,2,0,29146.58,30.0
38768.47,3127.19,1525.62,0.3477,0.3505,10140.29,3,17787.78,14000.0,0.3294,5402.36,0.0,15,33985.0,4.35,5,0,43877.6,30.0
93190.93,8097.37,3544.41,0.1358,0.1,17843.42,4,22609.52,0.0,0.4055,6392.98,0.0,20,64104.38,4.8,12,0,143228.73,30.0
54340.37,2566.99,2154.96,0.4789,0.3973,17274.46,4,7129.93,5000.0,0.2858,4219.42,0.0,24,34262.49,4.23,16,0,35480.91,30.0
167179.0,4362.75,4839.71,0.289,0.1015,37756.53,7,36875.15,0.0,0.4226,5537.65,14308.68,5,124625.18,7.77,22,0,137300.21,30.0
50036.33,1809.33,2298.14,0.4715,0.1766,23767.08,4,14524.32,0.0,0.5422,6765.65,14664.11,9,38735.55,3.3,13,0,23983.84,30.0
13422.7,1488.68,3349.33,0.3866,0.2674,6691.22,1,20461.26,5000.0,0.4466,3898.26,55819.44,24,12103.17,3.93,15,1,-39857.01,1.0
40919.87,1855.42,2793.67,0.23,0.2488,16048.13,4,9268.7,0.0,0.3301,5526.24,28147.47,13,30286.24,2.04,1,1,11381.29,11.6
221463.0,7956.09,6028.65,0.1068,0.1322,36599.07,4,30446.53,0.0,0.3121,7425.3,0.0,23,159953.83,4.54,2,0,204570.77,30.0
100827.56,5848.63,7884.52,0.2694,0.2753,20572.88,5,30603.44,20000.0,0.4269,4456.58,61076.47,9,80018.17,7.91,15,0,53431.16,30.0
51518.99,2471.33,3109.16,0.3884,0.2652,14697.31,1,3364.97,5000.0,0.2768,2091.29,19134.78,16,40614.08,2.21,13,0,17887.41,30.0
224987.82,7534.38,5644.3,0.1852,0.1458,16249.52,4,56094.85,0.0,0.4595,3796.82,0.0,12,198136.82,4.64,5,0,236043.46,30.0
267148.49,10122.46,7735.47,0.1596,0.0954,31708.64,3,57897.28,6000.0,0.263,11063.64,0.0,8,139405.24,7.86,13,0,259394.98,30.0
114231.78,6994.97,2978.47,0.1784,0.0668,18141.06,2,77883.63,0.0,0.3497,6154.77,0.0,4,66858.02,3.58,2,0,137462.87,30.0
67526.03,4951.48,4177.22,0.2307,0.1521,33323.23,3,11220.16,20000.0,0.6045,8501.94,0.0,15,49252.72,7.87,10,1,24890.89,30.0
62825.91,2000.25,2965.6,0.4245,0.3356,5768.06,4,3352.96,0.0,0.3929,4378.46,28960.52,4,45721.38,2.39,5,0,52663.48,30.0
52433.94,1602.37,2689.48,0.5012,0.3585,8831.24,1,13103.14,14000.0,0.21,3592.4,32613.44,13,45115.78,4.47,23,0,22813.57,30.0
20390.75,1968.67,1687.75,0.4881,0.3909,26708.16,1,16423.58,28500.0,0.4307,7564.36,0.0,16,15083.93,4.18,23,1,-15800.1,3.1
265329.56,5894.03,4036.91,0.0982,0.1006,12513.15,4,80677.19,0.0,0.3006,3587.68,0.0,13,137474.27,7.2,13,0,294455.6,30.0
69966.61,7447.87,8416.94,0.4302,0.1028,58955.39,3,40887.67,20000.0,0.4041,9629.41,29072.08,15,50671.44,5.33,6,1,-19808.35,9.4
146450.71,4424.26,4190.16,0.3418,0.2288,49938.13,4,9705.07,0.0,0.4215,3832.2,0.0,4,121922.21,9.51,20,0,97816.3,30.0
145919.37,6503.19,3948.75,0.241,0.2146,20122.21,4,22289.33,8000.0,0.4656,4593.59,0.0,12,103291.28,6.63,24,0,144695.23,30.0
98713.93,5713.64,6800.84,0.2688,0.1674,60422.56,5,21669.49,40000.0,0.4789,3842.18,32616.14,17,90382.36,8.48,17,1,-10724.91,16.3
280571.72,8032.16,5807.49,0.1167,0.0503,33795.75,2,92199.1,6000.0,0.3384,6048.3,0.0,10,241214.1,7.32,16,0,286871.17,30.0
7040.67,2263.01,2686.6,0.2883,0.385,26254.3,3,12884.38,0.0,0.4137,2819.73,12707.74,23,5994.03,3.31,19,1,-34375.77,1.3
26036.19,1841.73,3016.93,0.5297,0.3714,15601.78,1,17810.45,0.0,0.2526,6195.81,35256.11,10,24600.95,4.2,24,1,2273.93,4.6
53853.35,2393.43,2140.66,0.4036,0.3064,7034.39,2,21230.88,14000.0,0.2911,4777.99,0.0,21,36128.01,1.69,29,0,43887.85,30.0
51469.21,2293.08,2973.72,0.333,0.3649,14449.13,3,21468.25,0.0,0.2293,3250.15,20418.99,2,47651.35,2.55,22,0,43003.04,30.0
35264.11,1376.32,1588.3,0.4665,0.236,6767.45,1,21908.8,14000.0,0.5275,6870.63,6359.43,8,21083.35,3.45,16,0,25758.02,30.0
116857.4,5692.75,7016.18,0.4372,0.2677,23507.2,4,50572.9,20000.0,0.6481,9690.14,39703.03,6,85246.64,5.17,1,0,87902.04,30.0
305115.29,11294.43,7131.28,0.1744,0.1359,20692.21,5,70018.16,0.0,0.2937,5408.49,0.0,22,256954.01,5.45,24,0,353936.63,30.0
144375.99,5897.98,3317.2,0.2261,0.2913,19036.63,6,34210.45,8000.0,0.451,12259.52,0.0,16,75925.25,9.12,6,0,157614.3,30.0
127616.47,8561.47,5877.94,0.0889,0.1239,37911.16,3,86599.69,0.0,0.3473,3289.14,0.0,16,78285.43,3.58,24,0,140571.45,30.0
147913.23,2994.19,3517.37,0.4252,0.1662,53552.63,7,44734.83,0.0,0.4177,4476.69,15695.34,5,128589.08,6.9,2,0,106073.53,30.0
48552.38,1748.14,2358.92,0.5149,0.1813,13456.21,2,10312.9,28500.0,0.2133,5703.81,18323.48,12,40856.77,3.6,27,1,13003.38,19.9
31545.36,2603.22,1999.03,0.2934,0.1764,27815.69,3,2928.13,0.0,0.5125,2793.97,0.0,4,23102.47,3.21,28,1,5234.21,3.3
36914.46,2283.46,2182.28,0.4126,0.253,7897.85,4,24752.13,5000.0,0.4643,1786.58,0.0,10,23694.19,1.54,11,0,33812.39,30.0
128932.14,4432.45,8467.79,0.3927,0.1801,32902.35,4,46823.78,8000.0,0.581,11526.48,121060.15,14,72371.21,5.84,5,0,41961.3,30.0
6036.42,1784.78,2368.07,0.207,0.2309,15841.94,2,2652.99,28500.0,0.4451,3213.21,17498.46,18,3645.35,3.25,12,1,-40166.04,1.8
25596.13,2334.76,2316.92,0.3026,0.2629,23551.47,4,17572.66,0.0,0.3018,3764.05,0.0,24,14541.37,1.76,22,1,-1485.46,11.6
320849.17,10203.77,5775.04,0.1039,0.0777,20434.04,3,91723.4,0.0,0.4007,3393.44,0.0,24,295856.98,4.01,29,0,395149.45,30.0
97335.08,7118.36,3239.93,0.4021,0.1593,15591.2,7,38831.17,8000.0,0.5744,6878.38,0.0,6,54447.61,9.39,8,0,107624.58,30.0
157495.7,7017.65,4807.09,0.1793,0.1057,11894.81,5,63166.08,0.0,0.4643,6272.07,0.0,18,149446.45,5.58,23,0,185838.41,30.0
160388.31,3069.43,5238.17,0.4087,0.1822,31436.79,6,52548.0,8000.0,0.4388,8771.84,65062.37,11,87729.52,9.47,13,0,115602.43,30.0
146086.9,6794.64,8232.5,0.2104,0.1883,42602.41,7,51021.43,40000.0,0.6731,8535.88,43135.85,1,135237.45,7.62,7,0,101527.15,30.0
123578.19,5303.29,5306.01,0.3496,0.2533,63823.63,5,32427.73,0.0,0.4775,10086.26,81.55,4,85886.92,5.72,21,0,67345.15,30.0
179225.32,7377.76,3656.85,0.2006,0.2883,38543.7,6,46919.57,20000.0,0.4616,10338.48,0.0,8,161986.91,7.46,7,0,167614.91,30.0
147012.8,5101.05,4717.46,0.185,0.0982,21240.11,5,85881.82,0.0,0.3204,4317.66,0.0,5,94429.58,3.46,20,0,157323.02,30.0
53023.8,2428.65,2753.79,0.2144,0.3748,8510.44,3,20287.81,5000.0,0.4717,1773.54,9754.3,4,38354.7,3.42,28,0,47002.66,30.0
279906.3,5140.93,6636.81,0.112,0.1273,14425.23,4,78273.62,0.0,0.4871,11301.32,44876.24,12,226179.77,7.94,12,0,266680.78,30.0
64458.34,1912.18,2237.05,0.2297,0.1918,12641.35,2,21869.54,0.0,0.2949,7494.02,9746.07,23,50949.1,2.65,2,0,44716.15,30.0
134154.92,3492.21,6966.33,0.1952,0.1681,19797.98,4,38170.42,20000.0,0.641,10293.41,104223.83,10,124722.61,8.02,16,0,78078.69,30.0
134175.87,5713.09,5043.79,0.3661,0.287,32464.27,7,30160.2,20000.0,0.6124,13407.56,0.0,13,118735.72,5.94,7,0,97873.76,30.0
112140.47,5176.14,4211.69,0.1685,0.1293,35792.25,3,42376.55,0.0,0.3458,5104.48,0.0,10,95149.89,6.38,13,0,92159.78,30.0
60559.21,2699.33,2013.54,0.5316,0.3838,6849.62,2,5500.05,5000.0,0.4308,8887.53,0.0,3,34179.91,3.59,29,0,54740.55,30.0
39478.78,2973.42,6560.53,0.3218,0.1659,18681.63,4,38117.66,20000.0,0.5295,11212.08,107613.35,2,29539.8,8.02,29,1,17013.99,1.0
326470.86,5033.37,3729.37,0.1489,0.148,17386.66,3,36947.16,0.0,0.4319,10183.37,0.0,19,195022.74,5.67,7,0,330039.39,30.0
92535.38,4428.7,6382.38,0.3953,0.2992,21026.86,5,24665.89,20000.0,0.6543,8433.0,58610.3,13,47364.47,6.89,10,0,34582.49,30.0
256661.23,11768.61,7405.58,0.1524,0.1003,22468.25,4,23989.84,0.0,0.4709,4984.15,0.0,5,134412.82,4.3,27,0,254550.16,30.0
40586.61,4656.36,3788.04,0.345,0.2653,28509.29,3,30880.01,20000.0,0.3908,3802.23,0.0,6,29806.91,5.9,3,1,14227.85,3.2
181456.52,9391.97,3820.34,0.178,0.08,21092.34,2,61747.56,0.0,0.4804,6547.93,0.0,4,125128.77,3.88,3,0,199939.98,30.0
6714.98,2984.33,2426.75,0.397,0.1787,16614.99,2,15141.86,28500.0,0.3713,5500.24,0.0,8,6119.94,2.22,2,1,-19127.55,1.2
113439.32,5505.68,4111.28,0.354,0.1588,59332.26,5,46145.15,0.0,0.4745,13878.92,0.0,9,72071.03,6.82,5,0,74779.94,30.0
148023.79,10701.5,6522.17,0.193,0.0599,30327.32,3,25023.15,0.0,0.3373,8238.84,0.0,18,83994.85,4.9,22,0,164316.09,30.0
75216.69,8665.23,3040.66,0.1774,0.1308,20283.77,3,50760.75,0.0,0.4257,9559.38,0.0,6,37702.85,6.19,13,0,98699.2,30.0
64373.12,1907.84,1638.53,0.3149,0.3217,27908.31,2,9497.9,0.0,0.3849,6077.22,0.0,24,54075.59,3.38,21,0,37272.93,30.0
62170.83,6126.28,5083.15,0.4106,0.1399,43126.29,6,47066.99,0.0,0.4262,14527.04,0.0,15,34535.92,8.14,17,0,35463.25,30.0
348744.35,8048.03,6762.21,0.1463,0.1048,28399.88,3,79520.9,0.0,0.4516,10353.58,0.0,6,303451.95,7.26,23,0,350225.92,30.0
131804.63,6258.97,6444.12,0.1941,0.1195,29932.98,3,35865.26,0.0,0.3762,3052.29,5554.57,17,69175.07,5.28,27,0,91976.75,30.0
267647.78,9434.37,5242.4,0.1477,0.1391,24887.57,3,29939.5,0.0,0.4444,4308.27,0.0,7,154687.8,7.13,13,0,270742.49,30.0
89734.59,3824.42,3505.66,0.1777,0.2127,57023.5,4,20895.07,8000.0,0.6126,14109.42,0.0,4,62446.96,8.16,3,0,35361.0,30.0
41926.54,5363.73,6520.11,0.4366,0.2613,63523.54,5,25640.87,20000.0,0.3854,9143.1,34691.28,6,31827.91,5.92,16,1,-34762.78,1.2
262752.28,8960.99,4301.27,0.105,0.0631,23277.06,4,32074.28,0.0,0.2657,8997.13,0.0,24,217396.41,4.4,16,0,321007.79,30.0
165059.26,9478.79,3138.36,0.1467,0.1018,28767.91,3,63015.99,6000.0,0.258,6829.86,0.0,21,121191.56,6.13,21,0,251915.73,30.0
49131.58,1338.41,3146.6,0.4034,0.3455,22434.68,3,24094.59,28500.0,0.33,8290.38,54245.57,4,29799.88,3.36,27,1,13819.56,4.0
179074.87,7190.26,6001.96,0.1395,0.0926,30083.45,4,25086.06,0.0,0.4274,6126.19,0.0,24,106967.87,5.66,2,0,152636.56,30.0
21422.95,2958.54,3218.71,0.2506,0.3,21057.01,1,13793.68,14000.0,0.5188,6998.51,7805.13,12,11500.45,3.28,13,1,-11547.05,3.3
316509.95,6610.9,6581.27,0.1327,0.1345,27693.8,5,35696.05,0.0,0.2654,7057.07,0.0,16,248298.34,5.8,10,0,281853.87,30.0
171890.33,4612.11,7181.3,0.1177,0.1322,32918.76,5,21350.52,0.0,0.3866,10813.26,77075.65,21,101076.56,3.24,27,0,73948.05,30.0
335745.26,7241.25,3311.74,0.1141,0.1429,36441.65,5,67099.61,0.0,0.4024,11143.82,0.0,13,284323.01,4.66,22,0,358498.32,30.0
10494.82,2027.33,3330.46,0.3282,0.3239,9726.22,1,6448.5,0.0,0.5152,2769.85,39094.04,6,6274.71,3.5,29,1,-7180.82,1.0
103441.08,5824.58,3387.45,0.2551,0.2315,16870.57,6,51114.84,0.0,0.4728,12309.06,0.0,16,74017.83,5.61,25,0,127867.64,30.0
327046.02,6243.35,4603.43,0.1301,0.1346,21510.6,5,45484.32,0.0,0.2842,8230.44,0.0,19,198778.29,5.28,3,0,330501.86,30.0
152182.72,6078.29,8343.11,0.2868,0.296,37594.21,7,48246.08,40000.0,0.3936,13151.34,67944.73,13,137428.94,4.38,7,0,68524.9,30.0
76924.91,11032.64,5396.22,0.1807,0.0681,15543.39,2,71661.17,6000.0,0.2878,9222.03,0.0,7,59936.88,3.04,2,0,110750.35,30.0
306882.3,4542.59,7124.76,0.0981,0.0833,22891.73,3,90706.08,0.0,0.3533,8796.31,77465.02,27,280404.84,7.81,28,0,225934.5,30.0
139039.28,7173.8,6703.28,0.287,0.205,55428.73,4,17917.48,20000.0,0.5896,14336.39,0.0,12,87612.59,6.08,18,0,69481.74,30.0
55767.56,2668.87,2370.46,0.4445,0.3423,27324.73,2,23556.78,0.0,0.3964,4823.35,0.0,14,51557.81,2.48,7,0,34772.49,30.0
104323.19,10514.34,6495.16,0.1195,0.119,34020.63,3,37491.47,6000.0,0.4565,4914.22,0.0,16,68191.29,5.68,29,0,113046.89,30.0
48389.1,2614.46,1713.21,0.3981,0.2742,8936.63,4,21828.47,5000.0,0.4081,8529.21,0.0,19,39483.35,3.03,25,0,52769.03,30.0
105439.49,4293.75,6852.13,0.2357,0.192,36657.23,4,8734.45,0.0,0.6501,4074.48,76751.57,15,77208.13,6.75,13,1,20765.09,15.8
43909.13,4237.83,7603.32,0.1811,0.1936,31361.39,3,44354.16,8000.0,0.584,4699.73,100964.8,2,25243.02,4.66,22,1,17902.63,1.0
63563.83,1975.72,1714.2,0.471,0.2905,13370.12,4,7119.82,0.0,0.5199,8516.97,0.0,14,59685.54,2.81,14,0,51003.91,30.0
88670.39,3366.92,7919.34,0.3904,0.1513,40434.04,4,27047.29,0.0,0.5066,11823.1,136572.7,7,78988.89,4.16,19,1,21841.46,6.0
147086.59,6394.86,7921.94,0.3996,0.2436,36075.35,3,18949.28,8000.0,0.6121,12689.33,45812.35,14,87887.65,7.16,8,0,75691.77,30.0
105502.9,10107.02,7268.74,0.1853,0.0917,15769.98,4,60279.61,0.0,0.3738,5232.49,0.0,11,92440.71,3.85,1,0,122857.33,30.0
25028.27,3118.19,1770.09,0.3707,0.1975,26995.99,4,13246.28,0.0,0.5164,5928.27,0.0,22,14677.77,3.77,7,0,19495.24,30.0
108973.23,7457.47,7356.7,0.3492,0.2824,26923.7,7,25189.57,40000.0,0.468,5010.95,0.0,2,57323.43,8.05,7,0,69383.7,30.0
43012.11,1440.27,3053.09,0.3432,0.1629,27542.43,3,11991.11,14000.0,0.4903,5793.1,48384.68,18,28081.83,3.99,28,1,-20884.91,9.3
241092.75,11566.48,5567.42,0.1401,0.0697,15903.46,2,29427.68,6000.0,0.4447,8920.57,0.0,13,137794.13,6.33,11,0,282175.77,30.0
321816.91,10925.77,5848.7,0.1516,0.1391,34071.84,4,61208.91,0.0,0.3516,2623.44,0.0,21,266910.16,4.47,19,0,373074.06,30.0
72151.69,6563.66,5096.21,0.1814,0.1299,39062.22,3,60546.86,0.0,0.2877,6627.42,0.0,26,40026.85,3.1,24,0,60723.15,30.0
55477.3,1239.87,1845.29,0.5346,0.1665,5322.9,4,9787.36,14000.0,0.2127,4404.97,18162.58,21,35936.42,4.5,2,0,28953.12,30.0
55211.86,1434.37,3210.7,0.2487,0.3765,12517.18,1,6859.67,0.0,0.4375,4140.25,53289.95,11,31977.43,3.89,6,0,22515.06,30.0
64059.12,2129.83,2181.76,0.5495,0.335,24480.87,3,14175.33,5000.0,0.5306,3366.92,1557.87,18,48382.19,1.73,30,0,34028.85,30.0
127853.41,6089.5,6308.72,0.1508,0.1053,57063.17,5,33098.3,40000.0,0.5531,14591.54,6576.47,4,99528.44,4.2,1,0,57750.73,30.0
161348.24,4517.35,6525.41,0.3591,0.2181,41083.98,4,31009.7,20000.0,0.6661,10857.35,60242.05,8,104110.45,4.55,12,0,99172.11,30.0
281270.57,7152.24,3745.16,0.1265,0.1305,21860.06,4,80011.44,0.0,0.2579,6679.24,0.0,27,189273.84,4.79,27,0,344896.88,30.0
209433.98,11849.92,7798.07,0.1728,0.0971,23956.61,4,81428.47,0.0,0.4755,4239.57,0.0,19,194186.24,7.15,16,0,249421.35,30.0
59524.2,4635.21,6908.04,0.2644,0.1969,49720.01,5,35968.68,40000.0,0.5408,7073.07,68184.86,12,47316.0,5.11,1,1,-34113.21,5.7
36012.13,5333.28,7931.22,0.1655,0.2733,44271.38,4,43183.18,20000.0,0.5647,3534.33,77938.09,4,18888.17,4.72,5,1,-15631.77,1.1
45887.72,3197.78,3133.66,0.3563,0.3535,24911.76,4,11814.42,28500.0,0.4605,2164.9,0.0,13,24082.17,2.18,20,1,4255.28,17.0
293723.85,7199.81,5754.35,0.1726,0.1294,38410.25,5,65572.93,0.0,0.3951,10003.82,0.0,10,216100.75,5.1,7,0,281698.79,30.0
139277.71,4942.86,6760.55,0.3913,0.2682,62420.9,6,50527.2,8000.0,0.439,9857.5,54530.64,9,83169.41,6.44,15,0,68147.04,30.0
11809.91,1925.02,1535.57,0.4308,0.3243,17888.7,2,11384.2,14000.0,0.2939,6386.95,0.0,21,9040.03,4.29,10,1,-8199.52,1.0
52668.71,5289.05,7382.52,0.3546,0.2559,32424.28,6,30668.41,0.0,0.6024,4452.34,62804.01,9,27384.16,5.95,9,1,4621.67,6.6
339410.15,6670.73,2823.68,0.137,0.053,29012.66,2,38797.07,0.0,0.3464,4732.61,0.0,16,183184.98,5.86,5,0,365903.05,30.0
272961.62,6946.89,7488.41,0.1586,0.0597,34691.08,4,44788.49,0.0,0.301,6011.33,16245.7,22,210121.43,4.78,3,0,213484.35,30.0
170823.74,8777.34,6127.76,0.1158,0.1082,33443.68,5,40164.72,0.0,0.2627,6801.83,0.0,17,110348.92,7.41,13,0,168033.92,30.0
120592.75,4287.88,6707.54,0.2368,0.2055,63066.88,3,10198.93,0.0,0.5459,12606.77,72589.92,3,72750.01,7.38,24,0,52175.56,30.0
36798.8,5564.2,8292.83,0.3385,0.2921,34014.05,3,33526.92,40000.0,0.4832,8517.34,81858.79,9,21262.08,8.85,20,1,-38771.09,1.8
140688.58,6476.63,8136.22,0.1851,0.1372,38388.39,5,42061.44,0.0,0.5419,4554.29,49787.78,8,98358.87,9.7,21,0,95456.69,30.0
80608.36,11025.96,4268.12,0.1906,0.0723,12484.33,2,72943.38,0.0,0.4352,6254.57,0.0,14,45429.96,3.43,2,0,160485.5,30.0
171992.37,7128.32,4262.46,0.1798,0.1085,61907.65,7,45559.84,8000.0,0.64,5991.69,0.0,13,106372.82,8.53,12,0,143245.97,30.0
54703.01,1955.51,2148.24,0.2156,0.1878,18274.63,3,11640.57,5000.0,0.3288,6681.22,5781.91,5,29171.24,2.2,20,0,35281.43,30.0
310663.88,5042.91,4772.04,0.1372,0.1496,17121.08,2,38632.81,0.0,0.3128,8359.5,0.0,23,157446.69,7.75,4,0,292150.92,30.0
34561.38,2741.47,2670.78,0.2127,0.288,13539.49,4,9790.99,5000.0,0.2396,8740.49,0.0,15,21332.56,1.59,27,0,15658.02,30.0
48748.88,2495.99,2040.29,0.3829,0.2975,25658.84,2,14304.45,14000.0,0.4928,2436.2,0.0,4,34468.3,1.78,9,0,21965.72,30.0
64316.16,2968.76,3492.03,0.217,0.3538,14826.94,4,3390.91,0.0,0.5119,5076.69,15697.89,22,51954.27,3.34,23,0,26190.63,30.0
100207.28,3998.77,8068.38,0.4374,0.127,19337.85,4,24314.45,8000.0,0.6184,5265.8,122088.38,14,68780.47,9.13,29,1,18592.03,14.8
86047.61,8180.76,4776.88,0.0813,0.1316,37980.6,5,63773.98,0.0,0.2761,3147.48,0.0,10,76936.39,6.3,2,0,91086.27,30.0
284632.0,10234.63,7369.22,0.1094,0.1236,12893.72,2,68764.26,0.0,0.3896,4616.82,0.0,25,214339.37,3.58,15,0,319648.1,30.0
142345.32,8650.47,5740.29,0.1399,0.074,27325.32,4,32446.1,0.0,0.3518,4903.31,0.0,22,113186.31,6.89,24,0,153947.09,30.0
143405.4,7451.17,5923.37,0.1966,0.0892,35360.35,4,45948.85,0.0,0.3224,5877.95,0.0,6,125500.98,3.47,12,0,126814.33,30.0
77499.88,3740.63,7664.05,0.3956,0.2472,24211.83,5,19645.74,40000.0,0.4397,7123.89,117702.52,11,70243.51,4.29,14,1,-9580.36,8.9
45641.39,2254.99,2008.84,0.4689,0.203,14030.16,2,6658.2,28500.0,0.3457,6823.95,0.0,21,31242.46,3.64,3,0,15574.17,30.0
41154.95,6889.23,4736.55,0.1505,0.237,64404.81,3,29399.32,20000.0,0.5777,14797.95,0.0,6,37663.84,8.93,25,1,-16946.56,1.9
81984.86,4759.56,7799.13,0.1058,0.1056,20118.71,5,26778.72,0.0,0.4857,11400.09,91187.03,27,46533.42,5.46,27,1,-35631.83,16.6
257837.79,7265.08,4596.33,0.19,0.1395,38802.55,3,67472.71,0.0,0.4875,6536.48,0.0,4,188031.29,3.1,30,0,250893.52,30.0
262028.64,5167.3,3608.59,0.1721,0.0678,36273.46,5,75769.47,0.0,0.2519,3117.67,0.0,5,237134.0,4.63,20,0,258972.09,30.0
19406.49,1475.39,2808.46,0.4974,0.293,18787.73,1,14267.57,28500.0,0.3213,8339.3,39992.27,6,15183.97,3.52,16,1,-17967.48,1.2
145894.75,6946.99,5712.31,0.1866,0.1138,33233.13,4,32897.27,20000.0,0.6498,3931.51,0.0,11,100232.27,4.81,18,0,114688.37,30.0
24253.71,2242.86,3088.76,0.3489,0.1682,25531.2,1,14581.92,14000.0,0.5461,6809.33,25377.03,21,18613.69,2.16,7,1,-29596.13,4.9
77238.23,4374.62,5612.7,0.1595,0.2983,45460.57,5,49826.55,40000.0,0.5137,12300.72,37142.47,17,40737.11,6.57,29,1,-4259.55,13.2
105212.55,4761.13,4986.14,0.3237,0.1354,17334.42,6,47014.15,0.0,0.3592,12440.35,6750.16,6,59626.56,9.86,23,0,99610.52,30.0
159341.26,3860.24,3380.44,0.2738,0.1133,62162.4,3,25819.36,40000.0,0.5426,3667.45,0.0,1,140735.76,7.34,19,0,87149.27,30.0
156069.96,4478.79,6112.89,0.3328,0.1223,27293.95,4,12669.54,8000.0,0.5453,5962.1,49023.0,16,144121.32,8.87,10,0,88862.42,30.0
76778.34,4374.72,6069.36,0.4099,0.1405,56641.85,6,44700.36,8000.0,0.514,8987.36,50839.31,3,59514.01,9.29,18,0,26602.44,30.0
73436.88,5333.75,6971.11,0.3853,0.2889,18266.96,4,40855.78,0.0,0.4168,10931.34,49120.84,8,64474.47,9.48,26,0,50015.19,30.0
20198.21,2992.58,2154.33,0.3857,0.1578,24472.75,1,13019.53,0.0,0.3992,6851.44,0.0,17,18246.8,2.33,23,1,5336.95,9.1
6354.08,2589.59,2013.1,0.2205,0.2215,16567.13,4,22919.25,14000.0,0.4933,5029.59,0.0,15,5797.62,2.47,7,1,-7676.83,1.0
159542.57,3843.34,5570.6,0.2636,0.2529,45604.81,6,46652.16,8000.0,0.4613,3674.59,51817.83,3,122763.7,8.37,19,0,121852.7,30.0
315378.66,8214.89,7157.32,0.1836,0.129,32167.42,4,41297.16,0.0,0.2605,8620.53,0.0,7,249235.85,3.22,7,0,295883.27,30.0
345912.84,6817.56,2988.73,0.1668,0.057,13971.63,2,72450.45,6000.0,0.3835,5452.53,0.0,11,228299.78,3.75,16,0,384586.54,30.0
44242.86,7350.38,8023.36,0.3599,0.1635,41798.61,7,15928.95,0.0,0.4747,4045.52,20189.29,8,29804.12,6.7,10,1,-8471.63,3.1
42248.86,1976.82,2321.28,0.2954,0.1829,8860.38,1,5349.86,28500.0,0.305,1820.74,10333.71,18,32826.83,2.49,28,1,7583.66,30.0
117219.49,4033.54,3312.6,0.3435,0.2217,37732.21,5,41536.03,40000.0,0.5167,13509.19,0.0,1,106550.35,9.56,23,0,76832.83,30.0
12259.18,1509.21,2946.28,0.3364,0.2694,18561.39,4,6432.88,0.0,0.2917,7020.79,43112.05,5,10281.29,3.99,11,1,-12669.38,1.3
26821.66,1495.45,1601.95,0.2849,0.2485,8776.92,2,2774.43,28500.0,0.4057,6924.59,3195.17,18,19565.18,3.55,23,1,-3186.95,19.9
35018.68,1206.3,3149.24,0.4744,0.3339,21051.04,2,8058.12,28500.0,0.4109,3716.84,58288.43,19,30562.84,3.3,2,1,-39411.47,5.7
259042.37,9819.82,4475.89,0.115,0.0614,35074.11,4,45983.66,0.0,0.2681,11055.22,0.0,14,230381.22,7.35,8,0,290010.73,30.0
160198.11,6246.73,5644.29,0.4257,0.2601,53294.23,3,27569.33,8000.0,0.5744,8796.42,0.0,10,119144.65,4.38,22,0,107460.01,30.0
151087.65,11404.95,4683.2,0.1963,0.1177,14754.45,3,53884.35,0.0,0.3418,11836.32,0.0,8,97417.89,6.04,2,0,193245.97,30.0
109168.53,3724.91,7281.91,0.2795,0.1846,28487.58,4,15291.68,40000.0,0.432,13653.59,106709.95,12,85287.63,5.21,15,1,15214.21,13.6
48074.99,2170.73,3005.57,0.2025,0.3139,26513.72,4,15252.61,0.0,0.4075,8807.92,25045.42,19,39330.28,3.46,8,1,3518.38,15.4
114535.4,5333.88,8109.29,0.3897,0.1806,61699.26,4,53121.28,0.0,0.5701,5356.32,83262.34,6,100155.41,9.18,25,0,51034.4,30.0
26458.78,2968.6,2539.06,0.3051,0.2523,5420.36,4,19593.2,0.0,0.4492,2689.98,0.0,8,14261.84,2.76,17,0,27675.62,30.0
171190.04,7299.2,6252.84,0.4024,0.2624,28206.7,6,38608.15,8000.0,0.6133,8248.06,0.0,8,117456.89,5.51,30,0,150645.23,30.0
52469.39,1203.11,2155.21,0.5253,0.3402,19914.13,2,4942.65,0.0,0.3404,8465.46,28563.06,8,46167.42,3.89,18,0,24997.43,30.0
71388.4,6195.87,5159.55,0.2322,0.1785,23936.91,3,16378.88,0.0,0.6828,13863.53,0.0,7,62619.12,4.78,3,0,52330.15,30.0
65994.34,4673.05,5496.9,0.37,0.2212,54640.23,7,19516.86,40000.0,0.6359,7761.66,24715.75,17,34942.63,9.32,26,1,-30754.7,9.9
34800.73,2498.86,1902.06,0.5146,0.2001,9583.89,2,9593.54,28500.0,0.2831,8347.95,0.0,7,30335.38,3.27,22,0,15081.2,30.0
56888.95,3149.86,3468.15,0.4438,0.2887,17986.07,3,13651.15,28500.0,0.4233,7917.59,9548.69,23,48554.2,2.02,17,1,8067.93,30.0
214887.65,11806.7,5397.07,0.1181,0.0946,19005.97,5,87277.46,0.0,0.3725,4834.86,0.0,23,180715.22,5.01,13,0,324797.77,30.0
54504.23,2640.56,2609.48,0.2733,0.1732,24927.88,3,22940.1,14000.0,0.2811,7211.21,0.0,17,30821.06,3.99,3,0,23804.54,30.0
18872.29,1624.09,2403.72,0.2283,0.3716,15430.4,1,4264.76,0.0,0.4554,5351.33,23388.91,11,13768.6,1.97,7,1,-7348.84,1.0
101244.12,3453.66,6017.13,0.1644,0.2877,64557.89,4,30424.4,8000.0,0.6,3113.5,76904.14,8,91287.82,4.08,1,1,18344.49,6.8
328376.44,9993.06,4689.52,0.15,0.0599,10164.42,5,58101.76,0.0,0.2895,9830.37,0.0,12,223123.3,3.08,5,0,381754.04,30.0
72530.21,5072.67,5164.63,0.1743,0.2734,30385.16,3,34799.64,20000.0,0.4485,10312.48,2758.8,16,41484.53,6.99,29,0,28135.82,30.0
78630.35,4246.23,5778.52,0.2219,0.2094,47208.14,6,38830.53,8000.0,0.4377,14675.01,45968.42,3,47316.98,4.92,3,0,36060.72,30.0
95393.94,5426.83,3460.67,0.3265,0.1177,36943.61,3,46689.81,40000.0,0.6323,14556.26,0.0,9,79422.91,8.79,8,0,65301.02,30.0
337434.24,10961.62,4111.61,0.107,0.1336,18180.54,3,32243.54,0.0,0.4128,5961.26,0.0,26,288881.16,4.78,15,0,453953.03,30.0
40213.78,2699.98,2357.29,0.3708,0.2955,15222.02,3,23361.51,5000.0,0.2222,7973.9,0.0,13,27334.13,4.35,20,0,28309.05,30.0
60468.51,6126.72,6430.84,0.4476,0.1282,62765.37,3,30700.93,8000.0,0.3898,9191.19,9123.57,12,38941.32,9.39,9,1,-11991.38,6.7
53803.62,1983.27,2472.77,0.2811,0.3064,11997.62,2,22977.05,5000.0,0.2353,5937.28,14685.12,13,41540.54,1.65,1,0,37132.78,30.0
165362.36,7218.23,3911.73,0.2407,0.1528,56131.22,7,13321.06,40000.0,0.5239,7585.26,0.0,15,128545.62,9.82,28,0,121943.02,30.0
52896.48,2740.77,3481.22,0.3562,0.2289,11492.38,1,8354.62,14000.0,0.3059,2851.38,22213.52,24,33130.67,2.04,26,1,7107.8,30.0
52731.63,1765.34,1864.56,0.2034,0.2229,24554.05,4,10154.52,14000.0,0.2246,4215.99,2976.69,19,42165.23,2.5,1,0,16541.79,30.0
36442.94,2735.5,2252.52,0.5402,0.2945,10479.03,3,23672.45,5000.0,0.4362,4943.16,0.0,22,28706.43,1.68,1,0,31817.83,30.0
47759.32,3184.38,1789.77,0.3461,0.1913,24517.24,2,24492.65,14000.0,0.254,6247.82,0.0,2,23925.17,4.12,4,0,27364.98,30.0
42699.53,2970.81,3551.25,0.3689,0.1851,20006.87,2,7648.75,0.0,0.2001,8886.67,17413.0,20,32032.94,3.33,23,1,2279.99,17.7
83872.25,2992.25,7230.35,0.2328,0.17,54801.59,4,42561.43,0.0,0.5368,3683.55,127143.03,8,48952.54,9.92,5,1,7023.45,5.1
155430.79,6928.34,8146.84,0.1872,0.2033,15622.69,4,46439.45,20000.0,0.3902,6677.51,36555.08,7,87851.5,6.07,15,0,130270.8,30.0
99975.04,5354.02,4662.56,0.3914,0.1657,34608.83,3,12931.65,8000.0,0.5755,7690.49,0.0,12,63755.27,8.46,26,0,61693.92,30.0
76511.54,7448.18,8499.34,0.2948,0.257,26234.94,5,17257.63,20000.0,0.427,7491.54,31534.87,5,64551.22,4.36,9,0,34423.49,30.0
69952.91,7159.9,5457.14,0.299,0.1523,59295.88,7,32553.13,8000.0,0.4179,5729.13,0.0,13,44337.75,6.6,7,1,23563.47,15.7
55358.75,3923.81,6971.41,0.3105,0.1716,23158.42,4,18927.85,20000.0,0.454,5408.88,91428.08,11,40376.67,6.48,12,1,-12301.21,5.4
12519.95,2837.59,2234.31,0.4513,0.2176,19152.79,4,9214.18,0.0,0.3247,8151.78,0.0,12,9265.64,2.77,6,1,-3121.87,1.0
25387.59,2130.74,1496.64,0.5109,0.3759,14397.35,3,8584.69,0.0,0.4316,3870.4,0.0,20,17382.92,3.1,25,0,18768.77,30.0
169288.47,4400.73,7226.09,0.3765,0.2857,44855.05,3,39520.49,20000.0,0.6505,11985.94,84760.72,9,138708.94,9.68,24,0,96516.32,30.0
34048.55,1739.95,1961.96,0.3144,0.3266,23626.75,3,13377.02,14000.0,0.3741,4298.78,6660.3,2,27603.93,3.96,1,1,8297.77,1.7
21988.09,1578.96,3407.19,0.5472,0.2582,17804.44,3,24709.86,0.0,0.5137,2513.04,54846.94,7,15454.04,2.91,17,1,-696.76,1.9
24607.27,2087.0,1591.26,0.381,0.2438,13502.99,1,14016.02,14000.0,0.3529,6647.48,0.0,17,15775.31,3.85,2,1,10970.46,30.0
137597.3,4834.64,4322.24,0.3646,0.1078,37109.01,6,23848.86,0.0,0.5068,8503.82,0.0,11,115674.21,8.02,10,0,104777.71,30.0
54165.15,2751.88,3445.11,0.2415,0.3002,23302.59,2,8980.86,0.0,0.2768,4495.81,20796.87,10,34314.02,3.41,20,0,21578.33,30.0
11176.41,2706.63,2792.89,0.2115,0.3973,20987.15,1,15194.76,28500.0,0.4249,3053.86,2587.75,23,8375.08,1.59,14,1,-31503.88,1.0
34559.54,1458.51,2645.78,0.383,0.3546,12050.71,1,21310.3,28500.0,0.396,4565.58,35618.2,4,18584.29,4.02,25,1,10107.21,4.0
83199.21,3830.57,4490.15,0.4456,0.2673,24140.64,3,13889.71,8000.0,0.6319,8031.25,19787.33,15,47846.61,5.02,18,0,38738.26,30.0
15633.02,2799.33,3400.21,0.4976,0.1568,8018.37,2,21982.01,0.0,0.311,6281.87,18026.29,24,13107.38,2.79,30,1,-12042.31,1.5
131042.59,3672.45,7918.7,0.2949,0.252,55654.02,5,42439.45,40000.0,0.5273,8427.35,127387.42,16,93895.47,7.24,8,1,-6721.48,13.5
314230.66,10929.29,7990.91,0.1649,0.1121,25328.38,5,40600.89,6000.0,0.2868,6681.6,0.0,9,225494.68,5.11,30,0,308850.47,30.0
80342.9,5217.67,7310.87,0.3944,0.2685,47208.57,7,14778.3,8000.0,0.3848,13258.6,62795.96,6,69318.92,8.66,8,1,16409.95,6.0
41061.11,3119.46,1490.25,0.518,0.1912,18531.1,3,7020.0,0.0,0.4033,1866.03,0.0,12,33898.48,4.25,25,0,37192.27,30.0
18376.3,2454.23,2023.62,0.2881,0.2006,6216.12,2,4858.88,0.0,0.265,6099.98,0.0,6,13044.02,4.05,4,1,13749.52,6.1
168997.88,5029.96,5272.09,0.3245,0.2954,43372.34,4,32436.46,20000.0,0.6873,12307.22,7264.07,12,122740.15,5.08,16,0,113966.0,30.0
96550.5,9120.0,4839.88,0.1176,0.1328,33989.81,5,84523.13,0.0,0.3396,3825.15,0.0,12,57422.81,3.71,4,0,126138.92,30.0
9544.18,3013.59,2505.61,0.2354,0.3407,5955.87,3,2294.98,14000.0,0.314,2032.78,0.0,20,5967.73,1.6,8,1,-3472.06,1.0
13273.47,3064.58,1890.85,0.466,0.3369,6164.84,2,13398.0,14000.0,0.3126,3030.88,0.0,20,12581.3,3.02,6,1,16246.09,30.0
152012.66,3826.02,7065.94,0.16,0.2885,22650.57,6,18809.55,20000.0,0.5822,4950.84,97197.6,15,111456.54,9.62,15,0,67057.23,30.0
30405.48,7399.13,7612.63,0.4402,0.1487,38127.72,3,34899.38,40000.0,0.5613,11960.91,6405.0,13,16774.48,6.14,26,1,-35600.84,1.5
17801.15,1240.6,1744.68,0.4306,0.2401,17189.54,3,19763.88,5000.0,0.2473,3479.98,15122.16,22,15904.17,3.04,7,1,-10560.81,2.4
160354.58,4999.31,5648.53,0.1842,0.1117,16775.19,3,38977.75,6000.0,0.2524,2118.33,19476.66,8,113412.11,4.5,14,0,142114.29,30.0
32496.1,2739.35,2977.81,0.3738,0.3299,26444.18,2,22187.64,0.0,0.3228,7014.51,7153.8,3,17549.56,3.11,17,1,12541.19,1.6
167880.71,6499.53,3415.57,0.2399,0.1375,34068.89,3,33133.5,20000.0,0.3734,4303.69,0.0,17,94067.31,8.47,3,0,167329.27,30.0
176587.58,4927.32,3991.8,0.333,0.2251,50507.38,3,46503.58,8000.0,0.6145,11517.96,0.0,15,141234.56,7.06,5,0,140010.43,30.0
16043.37,1606.4,3538.7,0.4307,0.3945,16943.74,4,2415.51,5000.0,0.4965,8436.72,57968.82,14,11133.54,4.37,27,1,-34122.34,1.0
62613.61,3190.31,3375.44,0.3605,0.352,20080.33,4,8441.56,5000.0,0.492,3748.57,5553.87,19,44061.31,1.7,19,0,27611.37,30.0
98457.38,5249.06,3988.52,0.3884,0.2322,32127.7,6,17635.45,20000.0,0.6908,5947.72,0.0,12,76279.56,9.43,26,0,66213.84,30.0
50644.77,2551.33,3579.94,0.4045,0.342,24237.49,1,8182.21,0.0,0.2261,1822.44,30858.4,14,31280.51,2.52,8,1,7513.46,12.5
62458.65,5792.78,3906.57,0.4293,0.1052,15796.08,6,16168.54,20000.0,0.6679,9566.4,0.0,17,56376.87,7.41,23,0,54927.33,30.0
252308.28,5888.91,5379.6,0.0802,0.1268,21904.1,3,32320.77,0.0,0.2603,10075.68,0.0,11,145339.19,4.83,4,0,236005.18,30.0
175849.61,5142.55,6786.65,0.164,0.2417,37525.04,3,49272.11,0.0,0.3865,12362.82,49322.95,6,120446.83,9.41,13,0,142217.3,30.0
166240.63,7252.28,5563.11,0.3043,0.1232,55763.03,6,27763.72,8000.0,0.464,9158.85,0.0,17,153450.63,5.92,13,0,121863.37,30.0
114258.13,4892.51,4911.73,0.3415,0.294,41981.86,7,47822.54,20000.0,0.6315,7693.55,576.79,17,79407.74,5.64,7,0,64342.61,30.0
43388.25,1673.53,1419.37,0.2233,0.3235,7328.85,3,22825.27,0.0,0.3321,3048.06,0.0,9,31235.54,2.55,30,0,44455.83,30.0
15141.83,2014.5,2792.75,0.5184,0.3575,5692.61,2,3713.88,0.0,0.2189,8751.94,23347.55,8,11088.95,3.54,13,1,874.28,1.0
127534.52,3485.93,8491.23,0.1742,0.1536,53742.4,7,24343.24,8000.0,0.5928,9191.02,150159.25,11,91003.13,5.52,18,1,17600.11,10.7
26468.45,2212.1,1649.19,0.4407,0.2788,26089.83,1,5742.07,28500.0,0.3608,6420.6,0.0,14,16334.97,3.21,24,1,-9875.22,8.5
66149.49,6642.97,5712.88,0.3371,0.1416,34101.38,5,45948.98,0.0,0.4956,10233.33,0.0,11,59758.45,6.69,28,0,45748.01,30.0
38295.24,5429.53,6898.3,0.3123,0.2664,54384.92,5,43966.93,8000.0,0.4553,3785.75,44063.38,1,19504.82,5.96,14,1,-4764.21,1.5
105948.66,6161.01,3503.14,0.3997,0.1402,64005.63,6,22088.24,40000.0,0.5172,8841.59,0.0,12,67223.22,9.37,7,0,47590.33,30.0
216929.78,6045.15,4746.84,0.0957,0.1117,25785.88,5,63205.19,0.0,0.4173,6052.86,0.0,6,178098.57,6.31,27,0,217048.64,30.0
85000.26,7168.2,3485.85,0.2087,0.175,53400.03,3,25359.66,0.0,0.4634,9128.21,0.0,11,47250.73,7.26,20,0,66534.57,30.0
292208.83,7307.87,3058.58,0.1905,0.0845,19612.41,3,85973.39,0.0,0.3434,11090.49,0.0,4,168150.57,5.19,4,0,318602.94,30.0
32891.38,3635.16,7381.98,0.2361,0.1394,38878.87,7,46391.48,20000.0,0.5398,10865.63,112404.69,3,23271.23,9.55,5,1,-10825.41,1.0
70573.62,3492.21,6129.34,0.2388,0.1528,29267.79,3,49764.64,20000.0,0.387,3413.67,79113.81,14,61423.73,8.32,26,1,4659.35,9.8
64153.31,1759.19,3455.46,0.3531,0.1642,8112.22,2,5624.33,0.0,0.4747,7405.58,50887.99,4,40454.99,2.14,11,0,49362.17,30.0
130567.54,6849.83,6764.67,0.3719,0.136,29462.39,5,13554.74,40000.0,0.4844,10017.72,0.0,13,109580.24,8.76,17,0,70633.4,30.0
64271.95,3175.46,1751.31,0.3404,0.201,10576.23,3,24698.65,5000.0,0.3428,5496.47,0.0,9,46044.64,3.04,29,0,68034.23,30.0
104465.4,4144.39,5646.18,0.2378,0.24,39818.81,4,11609.18,0.0,0.5651,7657.11,45053.8,10,58009.71,4.36,19,0,45998.53,30.0
17780.66,1875.57,2361.04,0.5348,0.2713,14220.45,4,2379.05,0.0,0.5197,5596.89,14564.16,24,12396.8,2.34,18,1,-15952.02,2.3
68747.2,5139.48,5335.44,0.3806,0.2513,20806.46,4,35849.74,0.0,0.5121,6310.79,5878.86,9,48833.81,8.5,2,0,51004.94,30.0
194643.07,9707.79,7093.34,0.1105,0.1167,31930.7,2,53969.22,0.0,0.2808,3116.39,0.0,16,129149.13,7.02,26,0,195220.61,30.0
32525.44,2468.55,3276.49,0.2082,0.292,26311.02,4,9364.53,0.0,0.4415,2511.36,24237.98,15,26508.03,2.47,16,1,-10658.19,7.1
31571.96,3002.48,2181.44,0.3781,0.3822,25512.6,4,21899.12,28500.0,0.4419,1813.94,0.0,12,23243.44,4.3,9,1,3808.61,13.3
129684.45,5471.24,6983.65,0.3828,0.2576,49992.49,6,21698.75,40000.0,0.6487,6796.83,45372.3,3,111909.83,9.48,19,0,60109.83,30.0
18087.26,2422.22,1935.34,0.5272,0.2365,17409.16,4,14964.97,0.0,0.3898,4568.78,0.0,4,9309.31,2.87,2,1,6258.42,2.1
32750.28,2430.32,3541.2,0.4106,0.2622,17947.99,1,19845.41,14000.0,0.2079,3829.37,33326.39,9,26144.57,2.37,13,1,616.07,4.6
116460.32,7039.11,4679.33,0.0882,0.0968,39955.91,3,63633.27,6000.0,0.3811,4645.96,0.0,12,91466.36,4.86,25,0,111003.97,30.0
85717.87,4573.09,3327.37,0.3963,0.2171,16692.5,6,44120.4,20000.0,0.6764,13145.58,0.0,7,68635.99,7.97,26,0,78478.67,30.0
246989.26,7610.49,5061.82,0.1097,0.1039,16635.56,4,66065.64,0.0,0.3755,11432.84,0.0,24,201510.87,6.63,28,0,281808.4,30.0
314971.4,9627.94,4888.53,0.1391,0.126,29468.45,3,67253.38,0.0,0.2945,6527.07,0.0,10,228403.57,4.5,2,0,339866.29,30.0
61859.75,3689.79,4290.82,0.2938,0.15,57498.45,6,52761.97,20000.0,0.5016,7522.59,18030.96,3,34870.91,8.73,9,1,11670.48,1.4
173344.85,5820.38,4300.59,0.3927,0.2309,26959.12,6,50938.75,8000.0,0.6747,5745.1,0.0,2,120347.71,5.94,14,0,163543.46,30.0
60039.77,2823.29,1988.28,0.3122,0.3349,9380.94,4,14796.37,14000.0,0.3485,6072.89,0.0,22,41610.6,1.96,7,0,55360.24,30.0
95375.15,4777.03,3823.18,0.2961,0.2523,27341.49,5,42074.83,20000.0,0.4631,12823.04,0.0,3,54793.37,9.07,26,0,74926.63,30.0
24203.0,1788.37,1462.78,0.3988,0.3745,25522.52,4,22859.36,0.0,0.3886,1978.56,0.0,8,12520.17,4.17,3,1,7741.43,3.1
168753.47,5130.51,6412.95,0.3053,0.1958,28254.65,3,25993.9,40000.0,0.5524,3466.79,38473.17,16,96947.69,4.03,7,0,93301.15,30.0
123992.3,5537.52,4341.52,0.3628,0.2308,38469.16,7,40727.71,40000.0,0.6762,10609.82,0.0,2,88788.56,8.4,9,0,82193.35,30.0
69050.64,5857.66,3388.94,0.3746,0.1327,63221.81,3,40838.77,8000.0,0.4297,3010.92,0.0,3,46676.24,9.36,30,1,22847.37,2.4
64458.01,6339.58,5600.39,0.3219,0.2552,21726.13,5,29716.42,0.0,0.4844,14158.12,0.0,10,40242.69,5.55,5,0,48937.58,30.0
54536.38,1217.82,2450.95,0.2197,0.3497,5098.64,3,11586.65,28500.0,0.4613,6911.48,36993.89,12,27486.83,2.79,26,0,21665.34,30.0
32489.57,3018.58,2097.29,0.4353,0.3585,24126.4,2,17006.4,14000.0,0.3143,2769.21,0.0,24,26126.99,4.49,15,0,15895.9,30.0
178888.08,11787.85,2953.18,0.1982,0.1346,34140.74,5,87463.79,0.0,0.4666,10424.03,0.0,14,120433.41,5.85,2,0,271136.5,30.0
136552.89,6658.21,7113.43,0.1606,0.2478,59521.72,4,18506.17,0.0,0.3582,9398.76,13656.43,8,121631.88,5.1,8,0,70170.02,30.0
55554.8,1954.12,2351.92,0.2509,0.3066,22210.96,3,20383.26,14000.0,0.3647,1565.19,11934.04,5,48520.79,2.4,21,0,30457.54,30.0
200791.76,10472.43,5663.5,0.1404,0.1285,34697.98,2,89975.06,0.0,0.407,2771.6,0.0,11,143168.91,7.72,15,0,231234.4,30.0
15418.28,1506.52,2757.99,0.3441,0.2311,10079.83,3,3291.1,0.0,0.3554,3931.61,37544.11,23,9754.99,2.19,27,1,-29828.36,1.0
84724.59,7106.91,3762.91,0.2151,0.1405,25531.96,6,34599.23,20000.0,0.4411,8452.87,0.0,17,48870.49,6.46,3,0,96221.97,30.0
58341.42,2068.99,3495.47,0.3139,0.3032,21582.38,4,14706.6,28500.0,0.3986,2719.17,42794.42,14,38108.17,2.23,6,1,2061.25,14.1
44597.32,4163.0,5840.54,0.3106,0.2215,16644.84,3,47064.47,8000.0,0.629,4958.84,50326.04,1,23467.8,4.28,7,0,40704.71,30.0
59252.02,1483.07,2055.81,0.3044,0.1878,26923.39,2,11681.02,5000.0,0.5055,4594.42,17182.4,10,29724.61,3.07,17,0,25835.07,30.0
64842.42,2097.78,3003.63,0.458,0.3701,20085.03,3,9638.75,0.0,0.2363,5442.54,27175.68,6,33542.53,2.92,2,0,41216.92,30.0
59197.67,1912.35,3592.8,0.2241,0.3292,17967.32,3,9764.18,0.0,0.2563,4520.19,50413.31,9,34544.67,3.96,12,0,26821.86,30.0
61164.8,3679.36,5878.86,0.234,0.1429,45572.45,5,42588.48,40000.0,0.604,3406.84,65985.09,9,41391.05,6.88,12,1,-13983.22,5.8
42374.34,2785.1,2563.43,0.4665,0.2346,10541.89,1,19485.2,5000.0,0.4286,6120.51,0.0,24,29543.58,1.81,7,0,28546.42,30.0
39584.03,3290.49,3628.89,0.3951,0.3,20740.39,3,32670.8,8000.0,0.4282,8792.2,10151.91,13,20879.02,8.43,27,1,15591.81,7.9
48683.45,2842.28,1759.06,0.5479,0.2245,24515.69,1,16190.42,28500.0,0.3084,5755.15,0.0,11,28047.09,4.11,27,0,22192.96,30.0
61928.55,4849.02,7788.55,0.1871,0.1724,50503.98,5,13423.13,20000.0,0.5465,13448.72,88185.84,13,44846.39,7.17,1,1,-43956.31,5.8
75237.12,9257.72,5791.65,0.1366,0.1179,31920.58,2,51396.8,0.0,0.4658,11292.35,0.0,12,68630.96,6.03,11,0,83783.44,30.0
5462.08,1254.07,3362.42,0.2262,0.3032,16171.97,1,10127.46,28500.0,0.4017,7354.99,63250.42,4,3175.08,2.12,10,1,-30228.92,1.0
14889.66,1873.26,3016.57,0.2526,0.2163,6257.3,3,5404.67,28500.0,0.4367,5974.91,34299.12,14,7622.17,3.51,29,1,-25243.21,1.0
182712.43,6766.07,7530.45,0.0874,0.0973,34871.73,4,53993.82,0.0,0.3132,5817.11,22931.44,5,153651.38,5.84,15,0,158674.65,30.0
30864.22,1603.69,3479.67,0.4529,0.2657,24622.81,4,3787.35,0.0,0.5333,6909.71,56279.14,12,18406.86,3.02,3,1,-18831.36,4.3
42699.56,4400.75,7314.0,0.1636,0.164,21576.41,5,17572.52,8000.0,0.5704,14382.69,87397.36,16,40538.98,7.78,30,1,-37243.85,4.2
53737.75,2941.07,6407.9,0.2131,0.1798,43525.04,4,11988.0,20000.0,0.4309,14016.74,104005.13,6,35373.23,8.89,16,1,-19525.23,2.5
164149.94,4555.51,6397.62,0.4194,0.172,24039.22,7,47697.58,0.0,0.478,4055.8,55263.27,1,90715.75,4.5,6,0,156467.2,30.0
63915.5,3305.52,7848.19,0.1797,0.1302,22342.18,4,54738.05,0.0,0.5588,5279.96,136279.86,9,36905.8,5.96,10,1,16650.64,6.2
107454.44,6760.88,8074.23,0.4157,0.1738,27011.84,3,26311.89,0.0,0.6827,14076.87,39400.69,14,93253.19,4.53,15,0,52984.76,30.0
232651.31,9590.55,5440.15,0.0853,0.1197,23146.78,2,30613.6,0.0,0.4991,4278.23,0.0,4,187679.2,6.6,1,0,230782.19,30.0
139942.44,8124.96,5670.84,0.1563,0.0934,37837.17,5,67596.45,0.0,0.3811,7542.65,0.0,26,78854.75,5.9,23,0,150686.68,30.0
28771.31,2952.77,1468.37,0.4412,0.3911,14083.94,3,17176.38,28500.0,0.4244,7617.04,0.0,6,20460.76,3.14,24,1,11612.51,16.4
318928.43,5442.74,5430.91,0.1951,0.1099,10261.52,4,67218.29,0.0,0.4504,5733.6,0.0,7,228378.23,4.75,13,0,328539.59,30.0
160305.91,6435.83,6605.0,0.3234,0.1464,47297.02,4,45606.05,0.0,0.6188,12653.33,5075.05,1,135963.75,5.36,17,0,129735.18,30.0
21963.25,2615.98,2527.3,0.3793,0.3897,20740.23,3,7889.42,14000.0,0.4798,3420.25,0.0,15,14016.8,2.52,16,1,-8751.25,5.4
64378.48,2744.15,2191.51,0.324,0.2707,16331.07,4,4658.82,0.0,0.5064,1634.38,0.0,2,39626.88,2.2,10,0,50453.6,30.0
44611.08,6466.52,3898.46,0.4316,0.113,31660.87,3,28956.07,0.0,0.658,6573.31,0.0,8,29757.93,8.3,11,0,35595.71,30.0
27070.83,2201.59,2088.81,0.2877,0.2438,12957.21,2,15870.77,0.0,0.4722,3396.11,0.0,3,20627.83,4.36,7,0,19280.78,30.0
143726.98,4835.5,4086.02,0.2135,0.2079,32514.45,3,8124.61,20000.0,0.5561,13423.63,0.0,8,79634.42,7.55,22,0,102425.15,30.0
100256.56,6490.89,6536.94,0.1017,0.0577,17405.5,4,36684.22,0.0,0.4923,4935.37,1381.54,5,85895.5,5.43,24,0,90802.8,30.0
73761.34,8214.04,3894.03,0.1714,0.0673,38795.18,4,71708.91,6000.0,0.4688,6054.76,0.0,27,65901.93,3.53,12,0,133541.55,30.0
59351.56,2487.36,1539.3,0.2598,0.2463,20044.17,4,7259.49,0.0,0.3072,4019.63,0.0,20,33204.29,4.15,30,0,51780.37,30.0
54917.26,1347.35,2491.0,0.5347,0.1976,7483.75,4,17534.64,0.0,0.2603,4340.23,34309.66,17,38536.03,2.8,27,0,30816.95,30.0
85102.09,7195.29,4725.34,0.3488,0.2649,63211.18,3,26264.61,20000.0,0.4333,12618.13,0.0,10,42718.61,9.97,23,0,32203.92,30.0
149470.45,6150.91,8479.21,0.2938,0.2123,61539.42,7,15723.34,20000.0,0.4931,14687.8,69849.15,13,116702.27,4.72,8,0,38184.55,30.0
274812.91,11398.25,7766.71,0.1214,0.0698,26361.56,5,26318.74,6000.0,0.3464,11675.08,0.0,23,201973.64,7.55,19,0,286723.22,30.0
165239.49,5768.42,2581.37,0.0873,0.1172,18455.15,3,90289.19,0.0,0.4296,3488.75,0.0,26,103720.73,4.68,18,0,235886.02,30.0
67065.25,5988.43,6348.64,0.2389,0.1024,52716.76,4,37190.54,0.0,0.694,3635.89,10806.49,4,46978.18,5.74,7,1,23395.74,2.0
93478.05,7992.64,3105.78,0.186,0.0637,16860.51,5,55269.26,6000.0,0.2724,11637.54,0.0,18,88378.14,5.02,16,0,155203.39,30.0
222322.77,11558.28,3655.31,0.1862,0.0809,13306.85,4,27253.23,0.0,0.2576,9870.88,0.0,13,150403.74,4.66,27,0,292685.92,30.0
141333.14,3733.81,7520.09,0.3007,0.2808,20312.12,5,14520.76,0.0,0.548,8362.25,113588.41,16,94121.2,7.41,16,0,54413.38,30.0
85185.96,3362.57,8225.65,0.2291,0.2604,30718.98,4,18988.33,8000.0,0.3542,7577.97,145892.61,14,62179.42,9.93,30,1,-19050.48,8.5
17727.08,1727.81,1631.88,0.2268,0.299,17919.19,1,23987.6,0.0,0.5317,7535.55,0.0,10,10432.51,3.83,6,1,6650.83,2.2
35884.16,1958.21,2587.82,0.2203,0.2838,25255.67,1,14048.68,0.0,0.3925,8025.63,18888.18,12,18043.46,4.24,29,1,3956.54,7.8
212880.4,8700.68,2503.61,0.1607,0.0712,39346.5,3,46179.37,0.0,0.282,5046.84,0.0,24,189706.48,7.92,9,0,298906.86,30.0
137674.19,6960.5,8017.2,0.2976,0.1711,25568.64,5,42766.78,40000.0,0.6651,6137.17,31701.03,8,81442.93,6.95,13,0,90066.7,30.0
6143.57,1823.03,2818.9,0.3792,0.1521,22646.2,4,3169.86,28500.0,0.2531,7141.51,29876.28,4,4464.26,3.59,10,1,-34666.79,1.0
48419.8,7041.82,7351.74,0.3906,0.2073,21844.24,7,31444.3,8000.0,0.4669,10685.43,9297.61,15,40093.34,4.9,15,1,9090.05,13.1
118825.6,9261.24,3740.16,0.1791,0.1265,32027.52,5,30977.95,0.0,0.2938,7502.75,0.0,11,101702.07,4.43,15,0,139611.45,30.0
186546.71,9387.54,6835.23,0.092,0.1461,29137.11,5,86956.05,0.0,0.3029,11150.79,0.0,14,102431.67,5.85,23,0,201802.83,30.0
114004.9,6299.0,4777.47,0.433,0.1615,23981.63,3,13836.48,8000.0,0.657,3145.34,0.0,6,81616.13,6.51,19,0,93562.25,30.0
17754.43,3107.29,2319.49,0.2091,0.2788,18203.66,2,7452.13,28500.0,0.5481,3996.15,0.0,13,15143.85,3.87,16,1,-9425.89,4.6
91328.84,3529.24,7295.24,0.3712,0.1199,45287.01,7,8403.85,20000.0,0.357,14420.64,112980.04,12,49481.1,8.09,27,1,-14193.43,8.9
97015.31,6117.74,5119.43,0.3465,0.1302,40306.77,7,31129.21,8000.0,0.3999,6732.73,0.0,9,64800.1,6.98,27,0,63468.05,30.0
22032.37,3161.51,2025.45,0.2609,0.3586,17217.96,1,9630.17,5000.0,0.4838,3290.68,0.0,24,17072.24,3.43,28,0,18880.38,30.0
41008.35,3781.85,4633.22,0.2838,0.2647,64245.85,6,33935.44,0.0,0.4285,12691.06,25540.98,14,32559.17,5.52,24,1,-32340.86,3.8
67064.56,4507.24,6547.38,0.1623,0.2157,19184.56,3,48593.83,0.0,0.5428,5240.37,61204.24,5,40561.38,9.04,24,0,53051.1,30.0
67877.55,4778.07,7995.39,0.2504,0.2311,16632.8,4,52529.77,40000.0,0.4654,11097.09,96519.43,1,56045.05,8.15,12,0,48175.39,30.0
154474.99,2852.14,4563.42,0.2148,0.1222,38124.67,3,37357.51,0.0,0.6782,4572.03,51338.58,5,129300.12,4.23,10,0,119742.97,30.0
139092.86,10131.32,4503.54,0.1013,0.0903,34464.79,3,76367.9,0.0,0.4462,3119.55,0.0,9,123172.94,6.13,14,0,167122.23,30.0
64555.55,2038.47,2005.99,0.2009,0.1813,9146.64,4,21220.82,0.0,0.4648,6369.23,0.0,9,37644.87,4.06,5,0,61069.15,30.0
49229.52,3183.13,2746.29,0.4272,0.2435,18603.9,1,2685.64,5000.0,0.2037,8654.41,0.0,14,37217.9,3.36,12,0,26791.97,30.0
167754.92,2831.44,4031.95,0.4184,0.1016,15056.08,4,10376.5,20000.0,0.6663,3355.58,36015.23,11,146059.55,5.33,17,0,128050.16,30.0
28918.64,2069.82,2872.87,0.4301,0.2872,10231.29,3,22978.46,5000.0,0.211,2711.26,24091.6,14,16220.42,2.02,12,1,7539.73,9.2
292338.51,6398.7,7341.32,0.0884,0.0832,36300.82,4,92101.93,0.0,0.3158,8558.56,28278.53,7,265387.74,3.09,11,0,276820.23,30.0
106048.22,6441.05,5945.6,0.3733,0.1186,22477.79,6,36705.43,20000.0,0.4498,7732.04,0.0,16,58587.11,4.67,1,0,75650.66,30.0
47567.39,7055.83,6215.11,0.1584,0.2525,30497.03,5,52543.79,8000.0,0.5157,9394.36,0.0,1,42097.3,9.28,5,0,33444.47,30.0
42653.18,3177.75,3273.96,0.4727,0.2598,10211.24,2,21803.64,0.0,0.3579,5141.55,2886.12,8,34711.38,2.01,16,0,35303.37,30.0
168510.31,2920.47,8055.79,0.4074,0.1936,55154.4,6,11127.16,40000.0,0.5309,3571.95,154059.42,5,102919.44,7.03,7,0,69226.62,30.0
16301.32,2098.12,2298.76,0.4126,0.3855,14285.68,4,17210.83,28500.0,0.2649,4630.81,6019.28,8,12310.76,3.4,2,1,-10604.96,1.0
10358.53,1968.92,1654.55,0.3393,0.2034,14091.27,2,20742.78,5000.0,0.3225,4344.35,0.0,24,9605.92,3.82,14,1,543.5,1.0
36262.78,1512.68,3232.51,0.345,0.3011,11873.93,1,9244.56,0.0,0.4038,2282.11,51594.94,5,21242.46,3.63,30,0,17929.8,30.0
46986.67,5550.14,4003.74,0.1705,0.1184,55613.25,3,25666.37,8000.0,0.4234,8587.32,0.0,10,37404.08,6.59,16,1,1831.19,5.0
179481.04,6650.84,4937.29,0.2075,0.2635,38693.54,3,17506.17,40000.0,0.4908,10019.64,0.0,15,123056.35,4.18,17,0,133317.83,30.0
110644.57,3858.67,3884.99,0.393,0.238,42022.89,7,8135.36,0.0,0.5675,6340.31,789.68,13,62484.27,7.4,8,0,61619.81,30.0
41159.69,2689.71,2754.77,0.334,0.2889,24262.03,2,17452.09,0.0,0.4536,8573.95,1951.85,12,38290.39,3.06,28,0,16703.74,30.0
286135.15,6089.36,3264.81,0.1641,0.064,18869.75,5,41786.09,0.0,0.4883,6458.28,0.0,12,170496.88,3.82,1,0,303158.2,30.0
37100.64,2607.65,3411.61,0.3532,0.18,12124.52,3,15472.93,28500.0,0.5251,4780.78,24118.82,13,32868.44,3.12,10,1,-283.79,12.0
117837.16,5765.25,7338.13,0.4442,0.122,52281.1,5,20275.32,20000.0,0.4171,12779.53,47186.42,10,102826.49,6.53,26,0,36526.38,30.0
97135.81,3435.7,6802.19,0.4152,0.2384,29228.39,7,19153.22,40000.0,0.4609,11385.58,100994.68,5,73200.86,9.89,3,0,34492.94,30.0
98120.01,6400.53,8292.91,0.2287,0.2885,45602.35,5,25892.15,0.0,0.4299,12059.34,56771.43,9,92264.88,9.58,28,0,34051.33,30.0
38985.18,2797.35,3467.08,0.2703,0.1981,21412.53,3,10386.83,28500.0,0.374,4382.61,20091.87,9,25951.36,4.0,9,1,-3792.9,9.1
51646.45,1350.82,3567.2,0.495,0.2677,23133.8,3,3798.51,0.0,0.4351,2166.92,66491.56,10,36477.08,3.09,26,1,5576.43,8.4
33113.16,2325.19,2752.97,0.4967,0.2691,9082.7,4,23934.92,0.0,0.311,7517.94,12833.36,6,20689.21,2.63,15,0,27911.27,30.0
53684.92,1480.61,1906.58,0.3895,0.1862,23835.91,4,17255.46,14000.0,0.3339,8865.96,12779.32,7,29790.97,4.04,7,0,24824.02,30.0
130500.13,11660.58,6888.8,0.1005,0.066,17282.99,2,22335.55,0.0,0.2711,4473.55,0.0,20,115043.53,3.61,21,0,170525.62,30.0
29721.8,2460.27,2300.84,0.514,0.2503,24090.8,2,21996.36,28500.0,0.2635,3362.58,0.0,13,25850.48,2.73,9,1,-4321.21,7.6
45322.23,2836.31,2414.41,0.3562,0.3388,25578.78,1,8027.62,0.0,0.375,7392.09,0.0,16,39672.03,4.36,12,0,21091.4,30.0
62265.82,2329.68,2937.1,0.4539,0.2232,19539.24,4,19756.92,28500.0,0.4823,8596.81,18222.57,23,42766.25,2.66,1,1,11422.61,30.0
171756.14,9491.32,4257.84,0.136,0.0584,17854.59,2,85416.64,6000.0,0.4408,8610.24,0.0,19,122266.29,3.72,14,0,248504.36,30.0
12385.83,2323.95,1529.44,0.2575,0.3871,18788.06,3,12254.07,28500.0,0.4607,6101.17,0.0,11,6439.69,2.64,8,1,-11904.55,1.1
104929.8,3482.1,3741.84,0.4216,0.1765,39228.4,7,19517.52,8000.0,0.5935,8474.38,7792.2,4,75870.65,9.5,26,0,65788.76,30.0
51379.62,4541.58,4920.77,0.3808,0.1071,22594.97,5,27708.98,0.0,0.4487,14019.53,11375.89,16,28619.92,6.56,18,1,19271.29,15.3
48134.84,5545.77,3671.76,0.4098,0.1605,42997.88,3,45052.79,20000.0,0.4104,6014.18,0.0,10,26884.73,6.7,16,1,21256.84,10.1
36167.58,2177.31,2032.68,0.2945,0.3406,23700.5,4,22130.14,28500.0,0.3044,5943.69,0.0,24,25088.74,3.06,15,1,-31.62,24.2
342428.43,9219.99,7285.77,0.1212,0.0637,38921.86,3,94536.53,0.0,0.4582,9716.72,0.0,19,214919.35,7.79,3,0,343306.33,30.0
119900.96,4059.17,5353.9,0.3173,0.2042,61742.93,4,26980.05,0.0,0.3684,8841.29,38841.71,12,74300.72,4.51,29,0,43523.38,30.0
149814.19,4720.86,3282.6,0.4096,0.2098,35022.45,6,38380.87,20000.0,0.4602,10605.55,0.0,4,138380.33,5.16,12,0,122010.29,30.0
44793.52,1889.42,1821.62,0.238,0.199,9028.94,4,24446.29,14000.0,0.2831,7468.69,0.0,24,24492.21,4.22,26,0,31383.9,30.0
33351.09,3967.08,7499.98,0.3367,0.1564,22016.92,5,24856.32,8000.0,0.6447,11821.94,105987.17,11,27974.14,9.62,3,1,-30290.86,1.0
108055.42,5020.98,4701.78,0.3804,0.1179,50089.04,7,9911.94,8000.0,0.4311,3542.2,0.0,3,87993.54,5.87,10,0,56402.03,30.0
49521.64,1860.37,2374.45,0.543,0.3615,26017.36,4,22453.5,5000.0,0.3465,8287.76,15422.41,21,43083.19,2.94,27,1,11544.43,19.4
49322.25,4479.7,6272.73,0.2123,0.1828,36823.18,3,14089.71,40000.0,0.4578,4852.4,53791.09,17,37496.52,7.43,3,1,-47751.86,6.5
179962.83,6852.92,4984.15,0.3085,0.1636,48040.19,4,35586.12,20000.0,0.6051,8068.96,0.0,2,96786.29,9.44,4,0,136699.82,30.0
80778.49,9680.81,3277.2,0.1457,0.0627,9526.93,2,29102.52,6000.0,0.4924,6324.76,0.0,9,54279.78,3.54,17,0,120180.56,30.0
137158.49,5300.64,4626.1,0.2904,0.2171,42137.73,3,23385.54,0.0,0.4331,13248.89,0.0,15,78918.8,6.26,17,0,98467.33,30.0
117480.72,10436.55,5295.0,0.1709,0.095,21846.43,2,86198.33,0.0,0.4753,4765.19,0.0,23,81010.74,6.2,11,0,199969.23,30.0
159255.44,3467.53,4493.98,0.3908,0.1456,31730.17,6,48248.49,20000.0,0.667,9489.74,30793.4,10,148003.4,6.76,19,0,120446.28,30.0
55142.12,4908.36,8025.31,0.3364,0.1815,19179.51,5,34106.13,20000.0,0.4029,11712.02,93508.58,11,41617.0,6.72,10,1,-5711.17,6.1
26146.85,2782.33,2529.58,0.5262,0.3377,8135.14,2,12185.57,0.0,0.3883,2766.64,0.0,22,20498.2,3.78,7,0,16637.0,30.0
54751.47,1267.48,2208.4,0.5341,0.2446,23428.83,1,22006.82,0.0,0.2059,2940.13,28227.48,6,49861.68,3.54,13,0,33527.24,30.0
23104.61,2604.05,2511.56,0.3021,0.3239,19952.44,2,11119.93,0.0,0.4729,3640.66,0.0,3,18410.39,1.64,25,1,5916.6,1.3
30180.14,2927.52,1877.46,0.264,0.3302,7159.59,2,3144.04,5000.0,0.5415,4854.97,0.0,11,28375.03,1.78,24,0,27075.99,30.0
122577.3,4567.33,4145.44,0.3269,0.2056,48282.43,4,25458.92,20000.0,0.6806,10797.99,0.0,15,99817.74,7.94,2,0,67635.19,30.0
26184.93,2292.14,1482.8,0.2147,0.2175,7825.55,1,17845.19,28500.0,0.4897,3123.76,0.0,16,20559.29,2.44,1,0,16605.16,30.0
86073.16,7082.28,4076.65,0.1278,0.098,11208.64,3,61672.56,0.0,0.489,11244.86,0.0,27,54829.96,5.41,6,0,143264.73,30.0
32681.82,6506.91,7580.03,0.1597,0.1164,21000.27,3,34289.95,20000.0,0.6722,10391.79,32193.72,13,16610.45,9.35,12,1,-15211.12,3.0
18838.03,1240.46,3347.15,0.3557,0.3813,14414.39,1,16736.35,14000.0,0.3638,7966.37,63200.62,17,12493.97,2.81,8,1,-35879.82,1.4
9040.27,2289.8,3030.36,0.2063,0.1556,11198.29,2,4005.69,14000.0,0.4024,8924.09,22216.85,19,6720.85,3.93,11,1,-30442.88,1.0
320187.65,10254.74,4522.37,0.1494,0.0724,15714.12,5,28308.1,6000.0,0.4196,5474.03,0.0,21,174586.36,3.94,12,0,390240.01,30.0
14837.6,2136.64,2875.03,0.4327,0.1537,14616.03,1,16702.88,0.0,0.4644,3308.71,22151.61,22,11585.7,2.97,29,1,-19292.61,1.0
100468.32,5278.06,4962.83,0.4453,0.2475,33705.16,4,12301.06,20000.0,0.437,5838.76,0.0,17,68983.42,6.63,1,0,49399.36,30.0
116215.75,6419.56,4884.09,0.3373,0.2771,54701.51,7,54331.07,8000.0,0.3743,11501.42,0.0,5,68264.7,5.44,16,0,79802.07,30.0
35195.36,6594.09,6959.5,0.45,0.1511,33000.5,3,24146.43,20000.0,0.6537,10324.22,10962.12,13,32296.59,6.5,13,1,-20563.97,4.2
130872.14,5377.21,5660.82,0.4285,0.236,29190.06,3,54093.8,0.0,0.5651,8018.93,8508.1,11,110794.61,5.57,22,0,108088.71,30.0
31645.26,1433.57,3162.79,0.2651,0.3144,12800.66,4,9532.25,0.0,0.4305,6291.64,51876.83,3,17130.5,1.57,19,0,16653.51,30.0
19264.53,2441.31,2916.72,0.2844,0.268,20457.68,1,18635.34,0.0,0.4676,6674.28,14262.09,21,17160.78,2.09,25,1,-14575.54,3.5
44204.47,3535.39,3624.61,0.2704,0.294,51768.86,5,46643.21,20000.0,0.4133,7105.16,2676.67,15,41391.63,9.09,19,1,-11132.95,5.4
61145.63,1398.91,2781.65,0.4508,0.196,15204.48,2,5891.57,5000.0,0.2525,1858.73,41482.42,23,43123.86,3.68,23,1,7417.7,21.9
48320.32,3008.08,7452.64,0.1869,0.1275,40992.33,4,51001.38,0.0,0.5497,11773.3,133336.91,10,25885.43,9.39,4,1,-22313.24,2.0
55399.46,1890.29,2790.8,0.388,0.2157,8719.72,2,21809.34,0.0,0.3161,8573.95,27015.42,13,46378.62,2.68,28,0,39276.37,30.0
115398.76,3560.49,4888.04,0.3623,0.2205,39288.58,4,49130.67,40000.0,0.3977,14856.58,39826.44,4,98310.85,8.83,3,0,67884.45,30.0
144029.79,5049.78,6204.63,0.4037,0.2397,55005.8,6,52780.45,8000.0,0.5346,8535.5,34645.61,15,106176.32,6.62,20,0,72870.74,30.0
344652.01,7739.39,3400.87,0.1252,0.1212,8565.01,5,72355.71,0.0,0.3959,2867.89,0.0,18,197645.8,4.31,15,0,415528.04,30.0
82680.08,3438.78,5280.66,0.2753,0.2772,47965.42,7,47535.56,20000.0,0.679,13073.37,55256.23,16,56171.56,4.88,19,1,3019.16,11.2
92598.87,4314.19,6201.39,0.2619,0.1069,21854.74,3,32255.65,40000.0,0.4962,5353.08,56616.04,2,47124.83,9.91,3,0,57658.97,30.0
60066.18,6927.67,6400.02,0.3169,0.2009,59807.81,6,31370.95,40000.0,0.4254,14632.93,0.0,8,53380.83,7.04,17,1,-13659.16,4.4
28320.48,3065.62,2934.38,0.3884,0.1937,17768.17,4,12674.28,0.0,0.2482,2952.36,0.0,21,25991.99,4.25,7,1,5945.12,19.0
44694.7,2725.33,2153.4,0.2552,0.3243,14706.57,1,19714.17,28500.0,0.4139,5817.14,0.0,21,26397.18,3.8,22,0,24156.68,30.0
32154.38,2785.47,2501.75,0.5279,0.3746,17044.92,1,20071.75,14000.0,0.3656,2122.18,0.0,8,18153.48,3.13,14,1,14257.55,9.4
111131.12,4695.13,7541.08,0.1639,0.1307,17710.62,5,88065.31,0.0,0.324,2030.66,85378.45,6,67642.97,5.86,26,0,106399.31,30.0
71664.02,2988.61,7421.09,0.396,0.2801,46530.91,4,53463.38,40000.0,0.693,4358.91,132974.39,17,51009.18,6.9,19,1,-58971.26,6.2
322285.09,6946.44,5573.38,0.1732,0.0753,35995.98,2,50516.72,0.0,0.3821,5667.22,0.0,15,194871.03,4.65,2,0,306698.6,30.0
54687.28,2304.02,2525.45,0.4148,0.3079,9455.48,3,7087.71,0.0,0.3954,6760.72,6642.67,13,44443.67,3.91,3,0,39000.4,30.0
28417.59,3126.24,2660.31,0.3748,0.2119,22224.47,4,17491.78,14000.0,0.372,7675.56,0.0,20,22001.51,2.08,13,1,2925.69,19.7
45626.89,2036.48,1451.81,0.5328,0.2754,20473.74,2,17666.89,0.0,0.447,2976.97,0.0,10,41552.81,3.7,26,0,33785.43,30.0
142120.68,10968.64,6748.82,0.1258,0.0754,26139.54,4,74073.68,6000.0,0.4397,7975.99,0.0,27,79259.25,7.11,21,0,197141.01,30.0
238399.29,9045.45,5713.46,0.1367,0.0755,37046.07,4,39103.21,6000.0,0.4033,9186.03,0.0,18,141946.64,6.34,6,0,241215.3,30.0
48821.65,2539.62,3289.2,0.3505,0.3092,25317.68,4,14312.28,28500.0,0.5339,8691.02,22487.36,19,33927.12,2.38,26,1,-9367.76,15.6
251348.53,5852.02,5578.86,0.1194,0.0647,31726.77,5,38598.82,0.0,0.2955,7592.57,0.0,23,148767.59,6.95,11,0,214337.01,30.0
168503.89,5047.34,7835.99,0.1979,0.2828,33818.75,5,33826.29,8000.0,0.5007,14233.52,83659.63,3,154705.88,4.21,2,0,132926.54,30.0
233984.95,8625.05,7467.67,0.0808,0.1062,20282.73,5,87021.81,0.0,0.2562,11681.62,0.0,21,194070.4,7.39,6,0,236552.82,30.0
13344.38,2010.88,3595.92,0.3251,0.2193,6169.01,3,16887.47,0.0,0.4962,8009.53,47551.43,13,7520.95,4.26,16,1,-12340.32,1.0
72340.96,7022.93,8410.14,0.1743,0.1795,61100.4,4,14646.49,40000.0,0.4556,7223.88,41616.43,14,47370.37,5.18,28,1,-42083.66,8.1
43604.55,1706.61,2329.38,0.5333,0.2881,18190.18,3,7837.56,14000.0,0.3862,4574.57,18683.12,20,23982.39,4.46,18,1,1770.8,19.1
139448.22,5313.76,3272.87,0.2418,0.1129,39737.13,4,30340.6,8000.0,0.6741,12535.78,0.0,14,102643.63,6.99,11,0,122126.91,30.0
122127.75,4679.21,7118.37,0.1744,0.2452,27485.93,5,13785.05,0.0,0.6058,9191.32,73174.89,14,98063.11,8.11,8,0,52487.1,30.0
14490.25,2415.59,2895.0,0.2293,0.1583,27036.25,2,16928.48,0.0,0.2515,8257.7,14382.22,3,11165.22,2.82,2,1,-8647.5,1.0
110962.36,6562.31,7557.87,0.4431,0.2115,31191.48,7,20720.21,40000.0,0.4715,6696.33,29867.0,8,74036.73,7.8,11,0,50119.96,30.0
110132.83,10080.73,5520.05,0.1248,0.1161,28856.97,5,73468.86,6000.0,0.4704,8415.08,0.0,19,75345.98,6.75,13,0,155882.92,30.0
235582.46,5387.19,7880.1,0.1536,0.0606,11012.37,2,92444.97,0.0,0.3931,9214.49,74787.32,10,151079.98,4.26,2,0,226288.37,30.0
72337.35,5415.58,4419.54,0.1164,0.0594,30280.09,4,56597.35,0.0,0.4219,8426.97,0.0,5,57223.77,3.36,11,0,64113.26,30.0
120071.05,7374.53,7204.18,0.4405,0.2182,22264.23,4,23671.44,40000.0,0.3505,4125.31,0.0,1,62430.42,6.72,1,0,85967.8,30.0
58949.73,2921.74,1483.2,0.483,0.2725,23432.48,3,4699.05,0.0,0.4357,2594.66,0.0,12,55780.75,2.33,18,0,47790.02,30.0
24854.85,2250.11,1855.18,0.5366,0.2651,8735.88,3,8432.58,0.0,0.4425,4199.75,0.0,8,22422.54,1.64,10,0,19683.35,30.0
199076.74,5194.58,5479.34,0.0946,0.1325,23413.48,2,29774.87,0.0,0.412,7921.44,8542.7,20,158441.25,5.55,10,0,160520.28,30.0
298542.96,5555.72,6869.37,0.1612,0.1328,28893.7,4,42395.58,0.0,0.4608,5455.33,39409.6,14,282455.58,7.27,22,0,253072.82,30.0
341355.28,9254.12,5462.64,0.1171,0.1362,36624.71,5,73886.4,6000.0,0.3345,3067.24,0.0,20,182442.07,5.5,4,0,369817.49,30.0
272937.13,7781.15,4865.08,0.1,0.0884,19055.61,4,43375.97,0.0,0.4767,3386.58,0.0,18,222774.64,7.3,4,0,295832.43,30.0
295468.84,7791.52,7472.78,0.149,0.1318,8419.63,3,37742.77,6000.0,0.3034,4102.41,0.0,18,156792.51,3.15,26,0,276567.45,30.0
64709.86,1668.08,1750.45,0.4439,0.3005,23874.6,4,17849.1,28500.0,0.4611,6402.55,2470.84,9,55151.09,3.27,13,0,29946.56,30.0
52451.1,6788.17,3939.88,0.341,0.2106,52302.07,7,38193.19,0.0,0.6473,6741.73,0.0,16,34893.92,9.03,24,0,39139.05,30.0
87546.39,5110.15,5616.83,0.3498,0.1163,17399.12,5,36312.37,0.0,0.6848,4234.16,15200.34,13,47664.62,8.6,24,0,64301.54,30.0
172496.0,3740.2,3572.04,0.2824,0.1328,49776.5,6,49170.3,20000.0,0.4006,7921.58,0.0,14,127289.82,9.76,19,0,124749.4,30.0
323406.81,5176.47,6335.22,0.1554,0.071,10466.78,5,90643.23,6000.0,0.2812,4852.56,34762.56,15,240369.98,4.27,11,0,312937.85,30.0
35125.08,2038.56,2571.95,0.4504,0.2208,26189.04,1,10487.95,14000.0,0.3768,3400.42,16001.71,7,17762.63,4.24,1,1,86.02,4.5
48358.86,5485.84,6795.84,0.1972,0.2824,58277.57,3,36543.17,8000.0,0.6151,9407.03,39299.76,17,39895.01,8.19,21,1,-39868.28,4.8
176515.02,5670.72,5467.77,0.2288,0.163,53977.29,5,24844.01,0.0,0.4209,11434.6,0.0,1,110251.18,6.53,7,0,131787.68,30.0
226969.06,7335.6,7411.93,0.1794,0.132,14959.24,5,25954.58,0.0,0.4321,8142.14,2290.0,12,146549.62,7.14,3,0,203863.5,30.0
15855.37,2749.31,2729.69,0.3103,0.2651,26576.48,2,21762.47,28500.0,0.2784,5712.49,0.0,11,9822.26,2.47,19,1,-22446.55,1.0
132658.49,3083.87,6811.39,0.1978,0.1599,51695.55,5,15724.82,20000.0,0.6086,4963.08,111825.74,11,93861.1,6.0,25,0,29502.5,30.0
158207.53,3434.66,3574.35,0.35,0.2541,42572.7,7,46479.14,40000.0,0.5073,7726.91,4190.8,13,131882.25,7.31,2,0,102353.34,30.0
139886.89,2880.71,4122.96,0.4223,0.1391,37144.58,3,51414.32,20000.0,0.43,14273.57,37267.72,12,105220.58,4.31,15,0,91620.84,30.0
91720.0,6456.42,5728.54,0.1322,0.0778,11104.97,2,21399.14,0.0,0.3524,11662.43,0.0,12,64599.06,4.82,9,0,81873.94,30.0
48647.72,1208.82,3115.92,0.4937,0.2579,13827.79,4,2870.4,0.0,0.5105,4357.79,57213.12,3,28210.84,2.23,26,0,28924.89,30.0
327430.37,7572.37,5040.04,0.1403,0.127,39824.3,2,25288.86,6000.0,0.2809,5286.37,0.0,12,269007.58,5.62,16,0,306810.17,30.0
44013.12,3195.05,3004.92,0.4785,0.3075,27339.66,1,15180.34,5000.0,0.3289,6409.83,0.0,11,23197.38,1.86,13,0,15613.55,30.0
149458.61,5321.31,3707.05,0.2198,0.1627,33178.02,3,26570.63,0.0,0.582,3786.94,0.0,10,122539.8,7.02,21,0,132327.88,30.0
171534.83,5717.75,7881.84,0.4405,0.2768,49849.87,4,24235.64,8000.0,0.6903,12324.5,64922.77,11,159731.42,6.35,17,0,90848.94,30.0
33357.5,6574.18,5554.35,0.3896,0.109,15232.34,3,53167.25,0.0,0.691,11052.46,0.0,13,21375.48,9.63,8,0,35142.56,30.0
179544.72,5570.59,7038.52,0.3712,0.1406,47937.47,3,49365.3,20000.0,0.3696,4459.13,44038.07,7,140395.42,4.62,18,0,123086.42,30.0
55646.89,3543.37,4597.1,0.2244,0.2501,30505.77,4,47000.13,8000.0,0.5357,9573.49,31611.83,1,45209.18,7.78,5,0,38970.0,30.0
53210.15,4345.41,3294.13,0.4447,0.2613,16231.58,5,12874.12,40000.0,0.6751,3529.57,0.0,9,50189.41,8.35,12,1,23924.19,30.0
278227.44,7021.11,3155.88,0.1957,0.0572,24125.4,4,88444.29,0.0,0.4938,5035.12,0.0,8,168960.09,6.62,7,0,308776.7,30.0
156945.37,3356.3,7061.76,0.2811,0.2026,15932.97,7,41302.36,40000.0,0.5527,6307.92,111163.86,9,104193.13,7.8,23,0,98533.61,30.0
42153.66,2936.21,1496.17,0.3017,0.202,6043.11,3,2528.15,0.0,0.5493,8892.18,0.0,16,33492.29,3.65,1,0,50367.86,30.0
17197.93,1311.48,2791.85,0.2859,0.1722,22477.01,2,24737.44,0.0,0.3241,2613.51,44411.22,3,13216.38,2.01,28,1,-1045.39,1.0
16378.93,2644.44,2357.61,0.4948,0.2823,15235.2,1,10552.43,0.0,0.2989,6594.81,0.0,15,14371.22,1.73,9,1,1963.59,2.5
228647.09,7714.03,7796.93,0.1736,0.0912,28074.04,2,36076.18,6000.0,0.4769,11934.99,2486.8,13,172212.45,6.21,1,0,191074.9,30.0
39697.01,2309.39,2408.64,0.4431,0.2783,18216.98,1,5592.82,14000.0,0.3926,8274.98,2977.68,8,34272.95,3.53,7,1,12340.31,10.9
47771.8,1353.27,1522.82,0.3139,0.1558,20303.31,2,20935.84,5000.0,0.2559,6945.95,5086.28,21,26880.67,3.51,1,0,24554.81,30.0
55704.79,1923.97,2405.77,0.3791,0.3563,23683.38,4,10007.02,0.0,0.2266,5633.43,14454.1,9,39037.65,2.3,16,0,27620.75,30.0
291501.46,6756.92,4090.17,0.1134,0.0663,24702.31,5,75153.63,0.0,0.4646,4655.82,0.0,27,254827.42,3.49,18,0,332303.1,30.0
15343.17,2273.79,1564.69,0.4486,0.3603,20335.29,4,23894.8,5000.0,0.2869,6734.99,0.0,12,9438.6,2.13,24,1,4342.43,1.0
33547.3,5296.84,4532.14,0.2702,0.2773,43348.6,3,8597.29,0.0,0.6398,7775.61,0.0,4,27524.03,4.51,17,1,-7172.03,1.0
23452.43,1613.7,2935.39,0.2716,0.3257,14278.43,4,18436.63,14000.0,0.4788,7374.28,39650.73,6,17310.37,1.6,8,1,-848.41,3.0
136864.59,5937.93,6345.73,0.1648,0.1576,50851.26,4,46485.81,8000.0,0.5612,8563.45,12233.91,7,127899.28,7.19,13,0,89958.41,30.0
270461.78,6391.59,3230.52,0.1394,0.0693,18768.63,4,31525.86,0.0,0.3069,8344.32,0.0,20,243223.83,3.79,17,0,301667.86,30.0
186138.93,10064.51,4738.33,0.1751,0.0682,37917.27,4,79898.1,0.0,0.2881,2779.41,0.0,18,156410.44,3.18,9,0,239400.89,30.0
59705.7,2443.99,2954.44,0.3351,0.2104,21526.6,1,17524.14,28500.0,0.3857,2084.11,15313.58,13,35908.41,3.3,30,0,18199.62,30.0
112905.85,5127.01,6066.8,0.2317,0.1074,56895.09,4,53025.14,0.0,0.6157,13994.08,28193.95,16,58362.15,7.05,24,0,46164.97,30.0
147267.07,6964.09,5358.79,0.2735,0.2843,21505.25,7,24827.53,20000.0,0.4692,10938.08,0.0,1,91587.62,9.65,1,0,125991.37,30.0
46347.29,1421.56,3131.84,0.5319,0.3108,22159.13,3,23609.65,28500.0,0.2253,3288.92,51308.35,4,41936.95,3.83,18,1,11430.84,4.2
27444.23,1674.49,3393.4,0.5101,0.3012,17116.55,3,20545.68,0.0,0.2056,8599.33,51567.29,15,14593.77,2.46,4,1,-12424.76,4.6
81317.58,3116.21,7071.26,0.3924,0.1597,30464.0,3,13172.05,20000.0,0.6246,8489.89,118651.35,13,41614.26,9.94,21,1,-13811.86,10.1
138881.32,6936.59,6754.35,0.1509,0.0708,34201.99,5,34249.27,6000.0,0.4735,11943.44,0.0,23,107426.68,5.32,13,0,87698.57,30.0
62825.71,1773.08,3587.35,0.2021,0.2709,25324.96,2,7596.0,5000.0,0.4467,8297.26,54428.03,17,50342.74,1.91,15,1,1694.0,14.6
105502.38,5585.28,6966.25,0.3885,0.2397,25571.52,4,38995.84,20000.0,0.5968,14420.81,41429.0,5,54705.61,7.71,17,0,73248.51,30.0
21660.82,1401.21,3405.35,0.2463,0.1707,18492.33,4,24262.28,28500.0,0.2209,7545.05,60124.3,2,13655.04,1.99,3,1,-6353.11,1.0
28588.38,1420.14,2053.71,0.2613,0.3799,16211.08,2,2073.72,0.0,0.3614,7669.53,19007.01,5,17860.38,2.4,11,1,9215.46,3.9
113161.43,3181.99,3879.95,0.1623,0.2625,16559.13,3,13514.43,40000.0,0.4632,7827.99,20938.68,12,96842.02,5.32,9,0,65787.03,30.0
64292.48,6102.18,8390.11,0.2782,0.2996,24402.5,4,51639.47,40000.0,0.4383,4447.29,68637.99,11,52215.81,7.77,16,1,2562.44,8.9
5194.33,3144.6,3060.3,0.3278,0.2582,14597.24,3,3110.2,14000.0,0.3886,6889.71,0.0,2,3889.67,4.19,15,1,-15882.11,1.0
133576.55,6039.16,3234.11,0.3606,0.2733,39800.45,4,12547.48,40000.0,0.3902,12064.52,0.0,4,117872.42,5.98,25,0,85023.58,30.0
94214.37,7188.79,8151.61,0.1607,0.1971,28899.1,7,38143.18,0.0,0.4063,6284.47,28884.75,17,87185.87,6.38,14,0,39144.39,30.0
142377.04,4433.44,5174.38,0.339,0.1911,63133.88,4,51375.62,0.0,0.5344,14784.98,22228.16,7,94445.69,5.87,11,0,88998.89,30.0
38617.09,2490.92,3203.75,0.2232,0.259,17748.04,2,5173.49,28500.0,0.4745,7262.26,21385.0,20,35533.81,2.39,29,1,-15775.26,14.4
196402.91,9708.12,7449.9,0.115,0.0636,20408.52,2,63528.93,6000.0,0.3851,5882.58,0.0,7,149159.16,4.22,7,0,200799.53,30.0
131206.89,10704.16,6929.55,0.1955,0.1009,27495.9,2,71247.59,6000.0,0.3823,9864.62,0.0,24,103951.12,7.56,5,0,168422.0,30.0
76622.96,7355.13,4979.4,0.2265,0.2585,64540.45,4,17824.21,20000.0,0.5242,5198.96,0.0,2,51112.96,5.34,6,1,11090.82,1.5
14723.25,3120.64,1564.51,0.3353,0.3039,9985.07,3,22936.45,0.0,0.5477,2118.45,0.0,15,8313.2,2.37,25,1,28011.8,30.0
80617.22,5762.29,7716.9,0.1135,0.0512,19890.39,4,36831.04,6000.0,0.3135,9354.33,58638.35,12,64204.66,5.45,19,0,35038.41,30.0
8981.11,1705.92,1883.04,0.2074,0.3938,6453.0,3,5439.72,0.0,0.2894,7774.01,5313.55,18,7016.28,2.42,10,1,-4907.94,1.0
90360.01,9699.15,4121.68,0.1388,0.1229,22534.25,3,39357.88,0.0,0.2591,3755.55,0.0,11,80366.13,3.63,11,0,123640.95,30.0
98117.81,4470.37,3798.13,0.2171,0.2175,30823.3,5,9930.94,8000.0,0.4609,4436.37,0.0,16,83309.37,5.2,15,0,64019.71,30.0
164610.56,5160.61,6427.7,0.1882,0.0819,12186.24,5,75940.6,0.0,0.3163,9148.59,38012.76,4,141908.44,5.36,6,0,173393.29,30.0
35320.41,2340.97,1555.33,0.3062,0.3373,9416.54,1,18607.21,28500.0,0.5019,2474.49,0.0,22,24665.13,2.33,24,0,25955.25,30.0
53964.68,2853.68,2525.8,0.4004,0.1831,22226.64,3,17682.43,0.0,0.2968,2407.52,0.0,20,38648.11,2.83,25,0,33902.22,30.0
37039.83,2450.51,2324.44,0.2932,0.1668,5534.3,2,8787.84,0.0,0.2174,1806.15,0.0,7,19234.34,3.47,26,0,32525.75,30.0
125024.77,3054.34,7059.07,0.4464,0.1859,27479.98,7,16158.48,40000.0,0.5073,10912.16,120141.96,13,115697.46,9.18,3,1,23260.81,16.5
49149.22,5982.54,4940.88,0.4335,0.2317,57185.51,4,34791.52,40000.0,0.5166,5766.94,0.0,16,41031.15,7.89,4,1,-16227.23,10.2
44769.65,1237.94,2011.79,0.4658,0.2687,9997.66,4,4334.03,5000.0,0.4995,2577.32,23215.47,15,35218.99,1.67,29,0,18480.02,30.0
91372.14,4912.68,3910.28,0.226,0.1198,64336.81,6,46285.41,20000.0,0.4672,6703.29,0.0,5,67659.65,8.76,10,0,35488.63,30.0
98385.87,2811.01,5164.47,0.4356,0.2351,47615.63,7,34673.89,40000.0,0.6718,5403.15,70603.7,12,62909.03,8.49,17,1,9324.44,11.8
25861.05,3194.37,3294.3,0.4173,0.2272,10583.22,1,12515.31,0.0,0.2574,7079.33,2997.82,12,15079.42,3.84,1,1,11628.65,11.4
7882.44,1472.58,3259.69,0.3121,0.2762,19107.98,1,11562.47,14000.0,0.411,7076.11,53613.33,6,5891.69,2.42,19,1,-26273.32,1.0
124062.0,5064.18,4643.28,0.3504,0.2255,18498.57,4,49880.28,40000.0,0.5104,5862.29,0.0,16,91644.49,6.22,15,0,96257.66,30.0
54190.35,3248.17,6889.51,0.2947,0.1018,41931.1,6,41953.07,8000.0,0.6386,10433.55,109240.41,3,39407.38,6.95,22,1,11848.87,1.9
91860.98,7952.8,4253.05,0.141,0.1466,15760.02,5,79751.7,0.0,0.2811,10655.98,0.0,12,71072.46,7.21,24,0,133466.62,30.0
77465.18,5699.06,3817.7,0.3402,0.2793,44023.54,6,13733.93,40000.0,0.5152,12174.76,0.0,4,72066.74,8.56,15,1,21789.35,6.2
41775.91,2423.59,1595.87,0.2754,0.3091,6151.21,1,4709.52,14000.0,0.4803,2940.02,0.0,13,22055.22,4.05,25,0,34309.36,30.0
43787.74,1419.99,2793.05,0.4443,0.3644,6629.24,4,12159.91,5000.0,0.435,6400.74,41191.6,8,27632.01,3.69,28,0,26527.49,30.0
89378.22,6162.03,4180.73,0.2414,0.2899,62144.09,7,38984.79,40000.0,0.6153,13783.49,0.0,12,78269.05,4.08,8,0,32723.74,30.0
130457.37,5872.5,7483.42,0.3808,0.2626,20504.58,6,48397.51,8000.0,0.5111,3753.82,48327.69,7,82043.33,5.7,15,0,105944.65,30.0
109212.59,4061.72,7504.8,0.315,0.1382,40446.54,7,53087.07,8000.0,0.4568,5725.29,103292.16,9,54712.13,5.79,27,0,47532.26,30.0
69949.72,3506.52,6184.27,0.2728,0.1853,56557.04,3,48507.82,8000.0,0.6632,9737.31,80332.55,12,41553.07,9.69,18,1,-12325.08,5.6
91296.17,4149.68,7270.02,0.3492,0.2991,15451.87,3,31898.11,20000.0,0.4592,13143.37,93610.12,15,79829.97,5.61,28,1,19088.81,16.3
10298.69,1985.96,2900.78,0.2327,0.3641,27823.49,2,10164.35,5000.0,0.222,6061.45,27444.53,21,7353.92,2.83,18,1,-42764.65,1.0
167728.37,11937.22,5461.15,0.1811,0.0849,39545.79,2,54321.05,0.0,0.2712,2844.04,0.0,12,115744.69,5.82,5,0,198215.22,30.0
80662.37,3593.6,3670.61,0.3957,0.137,28585.68,7,14318.94,40000.0,0.5949,11721.14,2310.18,6,50489.72,6.86,10,0,33050.07,30.0
155725.79,6453.99,3642.72,0.1372,0.1073,10484.66,4,28222.96,6000.0,0.2836,10014.34,0.0,11,127753.99,6.39,12,0,169864.12,30.0
50261.83,4891.46,4767.96,0.2512,0.2152,58381.32,4,32344.87,8000.0,0.6645,13767.9,0.0,8,38220.97,4.33,6,1,-6535.96,4.6
170841.86,5623.87,7526.28,0.4362,0.262,61732.62,5,10330.75,8000.0,0.68,12111.52,57072.25,10,96661.52,6.13,11,0,79162.61,30.0
17820.4,1881.5,2574.99,0.4566,0.259,9543.79,1,24905.46,28500.0,0.3374,1564.21,20804.94,19,9375.98,2.54,8,1,-15784.83,1.7
299535.15,5777.96,6825.59,0.1984,0.0858,28133.68,5,23496.13,0.0,0.3413,2251.31,31428.87,20,219729.79,7.1,12,0,236958.81,30.0
129361.94,5955.4,5940.45,0.337,0.2109,49680.92,7,10869.81,0.0,0.5732,9062.37,0.0,8,111579.25,9.11,4,0,74649.81,30.0
16938.16,2721.67,2036.99,0.2503,0.1927,20672.63,2,23557.06,0.0,0.437,4930.91,0.0,8,10364.66,4.17,11,1,6723.54,1.0
108660.8,4733.08,5119.06,0.4435,0.2001,22909.53,6,34246.66,20000.0,0.3531,11390.94,11579.47,7,87342.7,8.35,12,0,80065.53,30.0
280057.49,9093.2,4427.86,0.1826,0.1066,35135.36,3,48056.43,0.0,0.4724,4541.79,0.0,26,195188.76,7.88,11,0,337911.93,30.0
74758.38,5590.72,7312.59,0.1578,0.1177,29490.94,5,49792.0,0.0,0.677,12789.95,51656.18,15,66773.24,6.6,16,1,22900.32,13.6
59769.38,2078.67,3141.4,0.3522,0.2705,6907.47,1,23204.43,28500.0,0.5011,1507.07,31882.0,12,54142.22,2.89,23,0,30290.35,30.0
74412.14,5604.97,6212.65,0.1181,0.1419,33332.96,4,89894.75,0.0,0.4466,10750.39,18230.35,25,44606.68,5.96,15,0,33530.17,30.0
206409.61,5017.34,4780.98,0.0961,0.1494,30649.4,4,60431.28,0.0,0.2559,7617.09,0.0,10,114320.27,6.49,5,0,192909.07,30.0
330891.36,7163.37,7759.64,0.1211,0.1084,11621.19,5,60965.07,6000.0,0.4167,11939.41,17888.21,6,281314.43,6.09,25,0,328343.93,30.0
46142.71,2573.06,2363.37,0.4078,0.3496,10369.34,1,15972.16,5000.0,0.4566,6546.87,0.0,4,41543.81,2.29,19,0,38763.44,30.0
28943.01,1985.84,1958.92,0.4011,0.1927,22951.08,3,17014.31,14000.0,0.5207,2667.3,0.0,19,16260.46,4.13,30,1,-1545.75,11.8
139635.11,4881.46,5893.9,0.4027,0.2293,23941.6,6,44063.43,20000.0,0.3947,9515.25,30373.31,4,91832.03,5.14,7,0,115082.77,30.0
175988.04,9099.44,7351.07,0.1452,0.0758,16442.32,2,87440.08,0.0,0.4477,6357.55,0.0,24,140020.51,6.64,7,0,192620.55,30.0
109223.76,4269.78,7914.65,0.3186,0.2815,60561.84,7,28785.99,40000.0,0.6399,10795.62,109345.98,13,87605.82,4.7,8,1,-18234.1,9.7
28386.87,2314.61,1417.54,0.5018,0.2597,11871.17,4,6123.19,28500.0,0.4179,3014.67,0.0,9,16722.58,3.43,21,1,8884.34,30.0
29910.41,1508.45,1516.97,0.4048,0.2409,19762.44,4,22869.94,14000.0,0.2725,2359.55,255.67,23,26419.29,2.27,14,1,4785.86,17.3
76219.21,6263.63,3612.29,0.4254,0.1956,64178.27,3,18936.96,40000.0,0.607,11455.94,0.0,10,71878.22,9.43,9,1,14087.88,13.5
60789.18,6935.97,3581.42,0.3548,0.2662,23141.57,6,53218.7,0.0,0.6412,10863.59,0.0,2,48835.8,4.96,21,0,63319.51,30.0
31573.71,2060.89,2765.8,0.3215,0.2634,20162.48,3,21954.76,28500.0,0.4973,8609.37,21147.34,18,21615.66,4.09,2,1,-13994.46,9.2
32342.86,2592.04,1871.99,0.2154,0.2597,11104.25,4,12673.7,14000.0,0.5132,4880.53,0.0,16,18555.37,2.59,13,0,22255.36,30.0
7331.93,1532.9,3008.98,0.4272,0.2282,9627.17,1,4853.23,14000.0,0.3929,7720.39,44282.22,5,5878.9,2.68,25,1,-16365.59,1.0
319696.65,10789.09,3140.41,0.1893,0.1184,29275.55,4,26163.95,0.0,0.4047,4475.45,0.0,24,249454.75,5.89,27,0,432602.9,30.0
45172.04,1548.31,2420.89,0.2054,0.298,13574.31,2,16160.51,5000.0,0.4744,3028.16,26177.38,15,42310.6,1.54,22,0,18017.95,30.0
100006.97,8648.52,6843.1,0.1591,0.1397,10760.28,3,71948.45,0.0,0.3604,6270.97,0.0,5,60724.24,3.09,3,0,117905.4,30.0
42529.99,3081.56,2671.85,0.4938,0.2914,10392.25,2,22791.95,28500.0,0.4361,5758.32,0.0,3,30337.05,3.68,28,0,26749.39,30.0
39695.14,6127.7,6067.43,0.4399,0.1255,32967.74,6,54652.78,0.0,0.4869,6048.49,0.0,11,26426.93,4.76,26,1,16535.06,4.9
102603.36,3718.42,4121.09,0.4247,0.2103,44255.79,7,10473.25,8000.0,0.553,8193.72,12080.23,17,77167.12,8.05,18,0,38936.34,30.0
5085.28,1560.42,2137.35,0.2278,0.3011,24877.28,3,3606.1,0.0,0.5464,1936.58,17308.06,19,4653.46,2.86,10,1,-34878.35,1.3
68653.36,6354.01,5708.24,0.42,0.2421,48322.52,4,35903.91,40000.0,0.3987,6009.16,0.0,5,50467.71,7.85,2,1,11324.1,5.8
80138.04,3946.36,4549.94,0.4443,0.1715,37860.46,7,15058.04,20000.0,0.6323,3856.4,18107.3,1,69728.13,8.53,24,0,36923.62,30.0
174515.61,6029.81,6865.72,0.4195,0.1604,56125.23,4,45309.98,8000.0,0.3506,11579.36,25077.05,9,91809.26,4.63,15,0,114121.49,30.0
60420.54,1464.78,2187.16,0.3256,0.2561,22679.56,4,21415.7,14000.0,0.4969,7870.36,21671.37,18,45157.04,3.55,13,0,21125.33,30.0
23099.37,2571.73,1805.72,0.2318,0.2829,9159.6,4,10803.69,14000.0,0.2003,6066.87,0.0,14,19368.45,3.61,5,1,14867.31,30.0
198257.41,6689.19,5211.72,0.0907,0.143,13683.12,4,41208.52,0.0,0.3276,6610.33,0.0,8,108298.98,4.07,14,0,201707.24,30.0
61319.39,4267.69,5960.76,0.1932,0.2722,22308.13,7,54274.8,8000.0,0.4769,13971.6,50792.32,4,41824.81,9.05,19,0,46331.92,30.0
87517.67,10391.66,3193.62,0.179,0.1172,35566.45,4,75289.1,6000.0,0.4313,11773.21,0.0,26,82764.48,3.9,20,0,211547.05,30.0
137728.96,11648.49,4618.55,0.0918,0.1023,15418.05,3,53150.34,6000.0,0.4266,8090.53,0.0,16,127101.93,6.6,17,0,215206.33,30.0
11897.52,1932.24,3343.04,0.5151,0.1805,10864.39,4,22671.62,0.0,0.4676,2562.31,42323.88,10,9269.64,1.73,25,1,-7976.09,1.0
146971.43,5672.03,6222.98,0.3738,0.1487,16165.27,5,28531.51,8000.0,0.6061,7934.65,16528.55,11,136875.95,8.82,27,0,120611.72,30.0
32682.78,2712.45,2172.42,0.2244,0.3594,13243.24,4,14646.39,5000.0,0.2117,2222.19,0.0,12,16384.05,3.29,27,0,23033.12,30.0
48255.73,2555.55,1836.38,0.3767,0.2281,14753.53,3,18657.91,0.0,0.4187,7481.16,0.0,14,45803.8,2.85,4,0,44152.32,30.0
11371.27,1204.29,3005.1,0.4881,0.1973,23978.78,3,2361.98,0.0,0.3674,5887.7,54024.31,4,8133.96,1.67,9,1,-19647.73,1.0
239983.02,4986.54,6517.02,0.1784,0.0635,12796.99,3,40594.12,0.0,0.4198,11209.17,45914.36,9,166220.49,6.81,26,0,221201.95,30.0
61687.94,2195.48,3169.04,0.3372,0.3623,21068.59,4,23220.37,0.0,0.256,3236.2,29206.87,24,58138.26,1.84,10,0,15523.49,30.0
50143.84,1857.3,2304.3,0.3843,0.3779,6078.61,4,22384.76,5000.0,0.449,3682.4,13410.11,24,33065.51,2.95,20,0,31209.06,30.0
26403.39,2067.43,3360.52,0.3489,0.1564,15798.27,2,23236.67,14000.0,0.5343,2589.42,38792.79,10,20892.35,4.07,20,1,-4015.43,3.6
55008.48,6349.92,7600.61,0.2198,0.2272,50774.57,3,32980.74,0.0,0.4823,3701.53,37520.89,16,31110.22,9.39,22,1,-23036.51,6.9
344610.77,10317.1,4443.77,0.1287,0.137,27737.47,5,88047.49,6000.0,0.32,3418.58,0.0,10,292604.59,6.49,2,0,387428.65,30.0
54766.07,1701.3,2477.5,0.2553,0.3934,12596.85,3,11699.34,14000.0,0.2681,7524.14,23285.99,24,48864.24,3.09,2,1,14036.44,30.0
55450.69,2924.72,2612.75,0.341,0.3483,23169.7,1,17420.85,0.0,0.5059,7036.95,0.0,2,43618.17,2.96,19,0,38550.1,30.0
12726.11,2628.41,1657.83,0.5318,0.3046,22930.5,1,20178.01,28500.0,0.4675,7682.11,0.0,6,11900.75,3.1,11,1,-13955.16,1.0
221546.49,6567.45,7624.71,0.1826,0.0956,15706.56,4,54607.58,6000.0,0.489,2932.22,31717.73,7,164347.67,3.93,21,0,207355.55,30.0
60505.65,1968.97,2602.07,0.5256,0.2699,7017.29,3,3857.53,14000.0,0.3009,2225.9,18993.08,20,32994.95,3.47,19,0,27493.67,30.0
17269.77,1462.62,2231.21,0.3436,0.2632,11756.31,3,5156.34,5000.0,0.3719,1936.89,23057.43,10,11869.24,3.52,18,1,-6059.01,1.0
22427.92,2758.43,1528.37,0.3282,0.1982,23031.36,1,16322.18,0.0,0.4494,3985.84,0.0,12,16982.56,2.48,9,1,14397.65,10.2
340922.04,9133.13,7020.81,0.1653,0.1275,35813.12,2,82213.61,0.0,0.3994,4910.66,0.0,18,178896.59,7.14,30,0,343701.42,30.0
9593.36,2792.24,3222.49,0.288,0.3565,20621.89,4,19719.52,14000.0,0.3095,7589.8,12907.61,24,5445.71,2.14,13,1,-33173.2,1.1
43861.64,2446.62,2297.16,0.4334,0.178,20362.23,4,18276.07,5000.0,0.3125,1781.87,0.0,7,29061.0,2.72,17,0,26116.96,30.0
31665.2,2380.52,1686.91,0.4047,0.2255,17053.79,3,20699.51,0.0,0.2909,7466.12,0.0,23,26023.07,3.16,13,0,28573.52,30.0
173399.24,6869.81,3898.77,0.2858,0.191,54217.64,5,50126.73,40000.0,0.5097,14168.45,0.0,10,146389.11,5.09,7,0,135520.43,30.0
24530.68,1821.17,1886.87,0.4235,0.3957,10055.35,2,16393.9,28500.0,0.2583,3241.42,1971.02,3,22452.75,3.6,6,1,5018.64,2.6
18026.89,1602.85,1775.74,0.5066,0.1715,17692.38,1,12199.39,28500.0,0.3447,1610.51,5186.44,24,15515.34,1.64,12,1,-20262.13,3.7
64090.92,2882.39,2484.89,0.4535,0.2633,7947.07,1,10641.86,0.0,0.2699,2695.26,0.0,13,36030.44,3.89,10,0,58888.66,30.0
11865.99,2078.23,3516.13,0.5386,0.3272,20670.35,4,2646.68,5000.0,0.472,3026.33,43136.92,9,10768.81,1.99,19,1,-27308.37,1.2
61098.3,1465.86,3110.99,0.5357,0.3892,25784.98,4,17688.18,28500.0,0.2897,3723.5,49353.96,15,31039.28,1.98,2,1,-1161.79,14.2
29397.46,2655.3,3180.4,0.5499,0.2852,26530.74,3,10703.95,0.0,0.4991,1920.87,15752.89,7,21652.05,2.28,12,1,-59.31,2.8
51055.3,3007.95,1437.86,0.3223,0.3732,15009.98,3,17623.05,0.0,0.2072,6986.1,0.0,10,47108.53,2.42,20,0,52539.09,30.0
25788.61,2662.12,2971.82,0.2131,0.1677,27136.33,4,9876.63,14000.0,0.242,5760.16,9290.75,9,15174.51,3.85,12,1,-11426.19,3.5
228371.33,9291.91,5600.31,0.185,0.0887,37198.23,3,64211.58,0.0,0.2808,6354.96,0.0,6,181297.55,7.92,15,0,227366.1,30.0
102345.15,3084.0,5308.37,0.4316,0.1823,18676.8,7,41867.64,8000.0,0.5003,9689.23,66731.28,14,92946.45,8.1,5,0,56568.57,30.0
174253.57,10468.05,5221.54,0.1124,0.1247,16974.87,4,86084.21,0.0,0.311,3096.21,0.0,17,117411.3,7.43,17,0,245254.19,30.0
94479.92,6737.15,3255.7,0.3615,0.141,41571.14,4,28442.32,8000.0,0.6587,7511.12,0.0,16,49547.13,5.98,6,0,94808.71,30.0
196759.31,6783.58,7234.28,0.1189,0.1497,23145.35,4,31634.37,0.0,0.4226,8495.78,13521.04,4,130151.31,5.74,21,0,179596.85,30.0
142195.1,3946.68,4457.5,0.2642,0.1037,52885.06,4,53487.84,40000.0,0.6407,7439.62,15324.54,13,97572.95,7.79,14,0,73760.58,30.0
47676.52,1912.14,1471.46,0.2162,0.3037,5899.52,3,16094.76,0.0,0.3016,2764.44,0.0,15,42549.69,3.11,21,0,49341.24,30.0
45701.37,2608.52,1517.01,0.2989,0.3873,11272.24,1,24380.92,5000.0,0.4657,1910.2,0.0,13,41535.11,2.1,27,0,49108.55,30.0
169818.31,5116.05,7008.39,0.3395,0.2105,22969.47,6,13711.05,20000.0,0.4634,13845.34,56770.4,2,89676.28,5.72,19,0,136398.85,30.0
348845.5,7428.59,4962.82,0.1143,0.0619,19662.01,3,65501.49,0.0,0.4092,10480.32,0.0,6,185328.98,5.69,29,0,361379.48,30.0
120696.94,6880.15,4075.29,0.1686,0.2626,28913.65,4,38039.87,0.0,0.386,7561.65,0.0,4,102626.87,7.45,7,0,112641.35,30.0
105584.52,2859.2,6879.18,0.2882,0.1253,31502.84,4,26911.34,0.0,0.4115,12093.25,120599.4,1,62069.41,4.94,9,0,80308.98,30.0
154678.47,5813.25,4229.66,0.3747,0.192,42444.79,7,18666.29,40000.0,0.3895,6925.59,0.0,6,81259.22,4.35,4,0,102370.6,30.0
47121.03,2718.54,2813.9,0.4036,0.2738,27613.78,3,6467.91,14000.0,0.3375,2621.01,2860.95,20,39527.06,2.52,17,1,2131.93,21.3
258363.54,7308.05,5181.3,0.1403,0.0879,29298.61,2,45824.8,6000.0,0.2948,11943.45,0.0,27,144574.9,6.99,30,0,262615.97,30.0
56793.24,3127.74,6387.08,0.1811,0.244,29191.33,6,37435.47,40000.0,0.5437,5790.25,97780.05,17,42213.37,9.97,6,1,-43880.29,6.4
6938.04,1690.97,2485.49,0.3256,0.3282,12966.24,2,9245.57,0.0,0.3426,2199.32,23835.56,24,4389.94,2.45,24,1,-29812.25,1.0
40942.38,1209.16,1804.71,0.4199,0.2081,7578.07,1,12308.89,0.0,0.4863,4443.94,17866.44,20,25009.65,3.83,20,0,21521.56,30.0
58169.27,1679.27,2216.15,0.5283,0.2905,25444.56,1,22168.71,14000.0,0.5245,4961.9,16106.38,2,54029.67,4.35,5,0,32562.64,30.0
242263.82,11448.75,3019.67,0.082,0.1465,14017.06,3,76279.07,0.0,0.4208,3141.66,0.0,22,209143.93,5.79,7,0,393861.77,30.0
100402.39,5333.57,3724.35,0.2549,0.2015,24847.11,5,22224.24,0.0,0.4462,7317.95,0.0,8,80764.56,5.72,19,0,88930.6,30.0
43292.46,2899.73,2849.02,0.2175,0.3488,14905.4,2,13633.93,28500.0,0.2745,6260.94,0.0,7,37651.12,4.4,6,0,16072.54,30.0
49631.74,1871.43,2959.55,0.4797,0.2895,13449.8,4,21542.53,0.0,0.4168,6808.2,32643.68,8,46495.36,3.41,30,0,32941.05,30.0
235677.44,4561.34,7201.17,0.1702,0.1456,33441.28,4,94348.73,0.0,0.2533,2285.26,79194.88,4,138573.29,3.59,5,0,225729.85,30.0
194294.32,4900.42,5896.66,0.1323,0.0991,28420.47,5,55927.92,6000.0,0.4872,6570.75,29887.21,10,123572.16,6.41,26,0,165902.21,30.0
57586.0,3403.72,4786.16,0.4077,0.2526,33260.06,4,35551.33,0.0,0.6219,6869.49,41473.16,5,42497.76,5.96,28,0,27891.38,30.0
137733.03,2932.03,8204.43,0.2307,0.2815,16574.48,4,17781.08,0.0,0.5292,8990.18,158171.89,14,125592.88,6.08,9,0,45695.37,30.0
45571.39,2043.52,2854.69,0.2552,0.2484,11839.86,4,11625.46,0.0,0.2375,8765.83,24335.2,14,35068.57,2.25,1,0,21506.86,30.0
24890.26,1918.14,2950.6,0.3466,0.2932,24447.73,2,16754.33,0.0,0.3002,6944.86,30973.66,11,21255.06,4.06,28,1,-7491.32,2.7
74966.61,7348.8,3073.2,0.1262,0.0557,16320.36,2,33436.09,0.0,0.4112,2624.61,0.0,20,56988.88,5.85,9,0,128483.33,30.0
167847.15,3755.52,5390.79,0.2297,0.2173,42547.27,3,23088.25,8000.0,0.4492,9696.2,49058.03,10,137917.79,9.22,8,0,106300.38,30.0
268448.33,8844.95,3293.29,0.0962,0.0793,36166.07,4,26895.98,6000.0,0.4808,3469.74,0.0,27,194716.36,5.71,22,0,342274.34,30.0
58807.88,2420.74,2729.96,0.3362,0.3254,14707.19,1,10123.67,5000.0,0.4916,5212.55,9276.65,10,54061.17,2.04,14,0,37752.4,30.0
153824.66,6764.81,6701.65,0.2084,0.256,47411.92,4,52337.96,0.0,0.5525,14536.01,0.0,2,101663.09,7.43,28,0,124319.18,30.0
92794.64,7200.21,7490.83,0.1772,0.1628,53600.46,5,14935.6,40000.0,0.3695,9201.11,8718.41,17,87672.75,8.63,17,1,-4223.62,19.6
109390.19,11671.09,4899.44,0.1213,0.1296,24809.79,5,81326.16,6000.0,0.4633,10365.2,0.0,13,66003.04,3.73,8,0,171779.25,30.0
43717.68,2116.58,3529.51,0.2779,0.2405,9249.76,2,18015.89,0.0,0.2582,1872.99,42387.98,16,28744.8,3.53,14,1,12729.37,14.8
320825.76,10464.29,4403.49,0.136,0.128,22363.62,2,77091.19,0.0,0.3844,7571.56,0.0,13,246143.12,6.15,17,0,380546.61,30.0
36157.21,6952.62,4767.28,0.4295,0.2273,58735.98,4,54407.72,40000.0,0.6346,8505.23,0.0,11,21192.6,5.28,21,1,-11364.4,4.2
10277.96,1937.54,1778.63,0.3761,0.2815,11362.68,1,18809.39,0.0,0.4129,6021.23,0.0,21,8135.55,1.61,26,1,3015.18,1.1
53122.21,2048.35,2539.77,0.3365,0.2879,5533.87,2,21531.15,14000.0,0.2189,4379.32,14742.5,5,41683.82,3.13,11,0,44293.78,30.0
21270.5,2055.77,2741.65,0.4165,0.2639,27909.33,3,6207.3,14000.0,0.2961,1923.71,20576.52,17,11690.14,2.08,30,1,-29887.31,3.1
77895.38,4949.83,7898.61,0.1391,0.1036,34253.17,3,58614.68,6000.0,0.403,11644.43,88463.25,4,54390.35,5.2,12,0,48004.54,30.0
156147.33,6489.05,6299.78,0.4191,0.2388,55705.73,3,15907.22,0.0,0.6434,7778.8,0.0,2,121731.44,9.14,4,0,104389.13,30.0
12212.13,2608.06,2675.66,0.3973,0.2119,14167.37,1,5623.88,0.0,0.2822,8923.01,2028.06,15,10050.13,3.06,9,1,-9196.04,1.3
243681.53,5023.24,4734.78,0.1581,0.091,29361.13,4,48797.92,0.0,0.4993,9533.93,0.0,19,147928.17,4.95,2,0,220252.58,30.0
45999.15,5301.03,4843.85,0.44,0.1607,21373.51,7,40708.0,20000.0,0.4693,11485.05,0.0,13,23170.47,5.16,30,1,23197.68,17.2
53403.89,3166.72,3498.52,0.1756,0.1192,32908.5,3,14721.08,0.0,0.3802,3660.96,9954.0,7,45692.24,5.23,21,1,19492.17,6.1
189205.47,6689.42,4738.53,0.179,0.1061,23131.19,5,84163.49,6000.0,0.3043,2696.86,0.0,14,126762.52,3.01,3,0,205149.58,30.0
174692.85,9633.62,4118.69,0.1803,0.136,22872.26,5,55353.92,0.0,0.3773,7621.75,0.0,11,148492.07,3.76,15,0,214052.92,30.0
53339.0,4709.16,3683.4,0.1951,0.1453,58598.87,5,14246.48,20000.0,0.4668,8282.11,0.0,7,47563.78,6.55,25,1,-9486.82,4.2
147391.83,4720.08,7274.91,0.3834,0.1527,32989.31,7,33733.17,20000.0,0.3555,4239.38,76644.68,7,110718.36,6.75,20,0,93130.25,30.0
16310.7,2545.86,3001.54,0.4208,0.2343,12121.71,4,7546.16,5000.0,0.3542,6821.7,13670.25,15,10708.81,3.87,4,1,-9863.63,1.2
29210.29,2220.32,2157.13,0.2792,0.2132,24158.05,1,18757.03,5000.0,0.4048,6660.8,0.0,22,24808.22,2.93,21,1,2125.51,14.2
92265.72,5171.83,3792.37,0.4182,0.2788,56164.72,3,43885.94,0.0,0.4839,10907.44,0.0,7,84485.13,8.19,17,0,55856.94,30.0
161750.19,4122.88,8056.72,0.2594,0.1019,24326.1,3,24154.65,0.0,0.3763,4072.06,118015.26,3,95515.1,8.97,24,0,132605.16,30.0
74671.59,11425.31,5439.87,0.1716,0.0814,31037.57,5,36089.32,0.0,0.4615,8916.53,0.0,22,38016.54,3.22,14,0,139777.06,30.0
89119.56,6917.29,6622.63,0.3442,0.2576,58583.99,5,9834.9,8000.0,0.4675,14498.06,0.0,2,76889.63,5.5,17,0,28586.82,30.0
107020.38,4741.61,3539.34,0.1655,0.0682,23156.55,5,87289.34,0.0,0.3822,10556.46,0.0,22,96429.22,5.4,19,0,123176.43,30.0
42630.84,2079.92,2014.45,0.3104,0.3858,11315.87,2,16120.27,0.0,0.5332,2259.46,0.0,14,25944.55,1.56,22,0,32066.13,30.0
116176.41,11937.87,7485.5,0.1485,0.0842,25962.99,5,26013.16,0.0,0.4309,6806.64,0.0,14,59106.78,5.26,25,0,129255.38,30.0
19085.97,1804.45,3479.79,0.5149,0.158,26973.0,4,9488.92,0.0,0.2834,4816.93,50260.04,19,11902.41,2.11,19,1,-43033.1,1.0
124165.78,11333.75,4971.44,0.144,0.1111,35620.41,5,68345.58,0.0,0.3266,10955.62,0.0,21,110726.66,3.16,19,0,201636.64,30.0
101326.48,9781.41,3808.77,0.1881,0.07,35528.8,4,79063.33,0.0,0.285,6387.13,0.0,27,84296.14,4.92,8,0,205864.93,30.0
273403.4,11823.23,7562.93,0.1312,0.1005,36017.98,5,83671.98,6000.0,0.2976,6391.81,0.0,18,219797.1,5.66,30,0,301740.64,30.0
54680.82,1534.88,2057.63,0.5222,0.3388,16524.14,4,3643.69,28500.0,0.4566,4913.56,15682.51,5,30144.62,3.23,19,0,20963.72,30.0
58687.84,2807.4,3410.59,0.451,0.3081,25241.22,3,18197.81,5000.0,0.2487,2304.07,18095.47,7,40396.41,4.17,19,0,30006.1,30.0
91429.65,8608.75,3379.84,0.1351,0.0982,21911.3,4,76735.27,0.0,0.433,4089.96,0.0,9,72649.74,6.57,13,0,131854.79,30.0
257256.08,7098.14,3054.34,0.1645,0.1483,8109.42,4,30304.89,0.0,0.3719,3351.06,0.0,17,165338.11,6.13,21,0,305932.28,30.0
7856.6,1992.17,3383.6,0.3997,0.3794,22260.05,2,22311.73,28500.0,0.5057,2069.67,41742.7,23,4221.63,3.47,1,1,-60968.75,1.5
14002.38,1412.23,1481.78,0.4836,0.2199,11115.5,2,2057.05,0.0,0.4551,2564.34,2086.6,4,9626.44,2.0,4,1,2074.23,1.1
88828.45,7600.94,4213.56,0.187,0.0763,34005.23,2,68675.11,0.0,0.4861,10284.02,0.0,23,61454.89,5.71,23,0,124935.64,30.0
145701.04,5205.76,7878.86,0.1582,0.1159,37734.03,3,49008.6,0.0,0.4544,6214.41,80193.01,16,130124.66,3.02,22,0,68252.29,30.0
49746.22,2229.11,2800.47,0.2851,0.192,12037.49,3,11870.17,5000.0,0.2222,7691.83,17140.73,22,44488.51,1.91,26,0,17373.49,30.0
78301.56,8032.75,3852.85,0.1978,0.0884,25267.37,4,66888.34,6000.0,0.4834,8106.19,0.0,15,70592.06,4.33,27,0,115759.58,30.0
21222.5,1613.56,3112.42,0.4445,0.2355,6813.6,3,5321.44,14000.0,0.2494,7850.0,44965.62,10,15163.99,1.89,30,1,-8395.9,3.2
46126.88,2624.79,1783.57,0.4483,0.3985,15640.18,2,19903.48,0.0,0.3029,1789.29,0.0,13,42616.16,3.46,5,0,43032.39,30.0
63852.56,1255.55,2651.83,0.4586,0.2569,13120.41,1,8816.3,0.0,0.4306,3805.55,41888.34,2,55561.45,1.76,13,0,50962.44,30.0
44106.24,2798.01,2635.63,0.4152,0.3059,20908.25,4,3924.83,0.0,0.4006,3143.05,0.0,13,23559.01,2.69,26,0,19303.72,30.0
22233.18,2064.88,3294.91,0.3878,0.268,22518.23,2,17113.76,5000.0,0.2669,8694.47,36900.98,17,13222.56,2.67,20,1,-23432.28,3.5
66664.87,4121.83,7285.84,0.2634,0.2846,17371.77,3,29686.8,40000.0,0.3898,5069.76,94920.21,15,44621.33,6.17,6,1,-18685.43,10.3
30847.74,1993.36,1931.56,0.2428,0.3603,10415.57,4,16262.86,28500.0,0.3805,3321.04,0.0,8,15605.64,1.83,4,1,9092.94,12.8
30018.24,1623.53,3048.08,0.3779,0.3379,12093.97,3,3834.0,28500.0,0.289,1510.89,42736.52,2,24400.89,3.05,1,1,2188.58,1.8
7736.32,1216.58,3290.78,0.5446,0.1832,5655.39,2,6520.88,0.0,0.2217,8358.06,62225.85,16,6819.36,1.55,25,1,-32993.62,1.0
158369.74,3895.1,5446.32,0.2833,0.2666,48052.59,7,14223.23,0.0,0.5866,12365.84,46536.58,5,129154.84,8.62,14,0,104073.32,30.0
111193.6,4411.27,4570.25,0.383,0.2507,19666.37,6,32475.89,40000.0,0.6411,11360.34,4769.39,11,82841.16,6.08,24,0,73481.38,30.0
283071.74,10999.02,2569.94,0.1059,0.122,18516.47,5,36557.01,0.0,0.3196,5539.75,0.0,17,228841.25,7.65,17,0,384729.99,30.0
48273.77,2779.43,1515.39,0.4949,0.2203,18298.92,3,24603.95,5000.0,0.4292,6642.49,0.0,23,24232.01,3.22,12,0,53582.25,30.0
306652.51,9466.0,7861.73,0.12,0.0588,34262.22,2,58817.82,6000.0,0.3102,2991.75,0.0,5,237968.81,4.22,5,0,291542.56,30.0
73525.48,7224.3,6088.49,0.4486,0.2837,52131.04,4,43602.98,8000.0,0.4826,13504.68,0.0,17,62253.1,6.39,30,0,29740.4,30.0
121114.96,6722.19,2523.79,0.1828,0.1447,24985.55,5,63877.39,6000.0,0.3199,5845.55,0.0,10,99990.93,3.77,29,0,147363.54,30.0
175321.69,2807.25,4893.57,0.243,0.1699,58452.72,7,47733.01,8000.0,0.63,7217.96,62589.65,6,142472.36,7.88,29,0,116235.86,30.0
109260.34,4375.22,3208.52,0.2568,0.1605,50209.61,6,14685.01,0.0,0.3851,5383.63,0.0,11,92307.31,7.36,11,0,68630.35,30.0
43742.77,2720.63,3062.05,0.3214,0.2927,12219.08,2,2795.41,0.0,0.4149,3261.36,10242.62,21,26078.4,2.48,10,1,13895.89,30.0
51642.86,5760.7,5927.92,0.2409,0.2385,24979.86,5,11164.78,0.0,0.5299,13088.23,5016.64,6,31255.0,7.32,2,1,22645.37,5.5
135748.85,6900.82,5367.54,0.3825,0.2099,22528.03,5,54605.26,20000.0,0.6343,4024.55,0.0,16,93189.25,6.72,16,0,127395.48,30.0
178424.26,2825.81,4023.91,0.2529,0.2809,45865.87,3,20797.4,8000.0,0.6783,3691.25,35943.12,17,128671.74,6.89,15,0,106762.95,30.0
167138.86,9436.26,4114.98,0.1418,0.1328,9367.25,4,36440.71,0.0,0.4621,2765.27,0.0,19,121777.49,3.92,26,0,237969.03,30.0
127078.81,8858.71,7789.95,0.1565,0.1099,33771.01,4,87487.08,0.0,0.2574,3826.49,0.0,5,102989.65,3.36,7,0,124114.18,30.0
275180.64,11761.14,6761.81,0.1671,0.0928,33667.6,4,41176.12,0.0,0.2766,8303.62,0.0,14,212130.31,4.79,27,0,293984.52,30.0
51153.78,2163.4,3343.89,0.5286,0.2457,26043.25,2,10681.19,28500.0,0.2556,5289.45,35414.81,22,40019.8,2.41,21,1,-20143.58,14.9
273211.81,11809.98,2924.86,0.1358,0.1399,22838.88,4,47826.65,0.0,0.3298,10023.17,0.0,13,156232.91,5.89,18,0,354196.32,30.0
142837.84,4859.74,8255.06,0.4315,0.236,56923.89,3,41687.64,0.0,0.6983,3031.78,101859.36,13,130988.97,9.57,16,0,46234.61,30.0
40436.05,2201.86,2590.16,0.2681,0.1568,12715.39,1,24894.66,5000.0,0.2249,3631.37,11648.83,20,36926.79,2.69,7,0,18872.63,30.0
137554.77,7306.22,7770.08,0.2083,0.1195,42279.02,5,28526.37,0.0,0.3558,11553.82,13915.83,16,73817.95,4.54,18,0,76275.36,30.0
323231.57,5808.97,5384.78,0.098,0.1279,30148.0,2,35642.54,6000.0,0.4552,9851.64,0.0,12,305080.12,7.09,15,0,295665.56,30.0
45125.25,1412.98,2165.51,0.2165,0.2996,6804.87,2,3621.42,0.0,0.4459,1810.83,22575.78,9,38183.17,2.3,23,0,30438.46,30.0
76211.21,8691.36,3406.05,0.1094,0.1235,22714.63,3,30987.05,0.0,0.3132,3798.12,0.0,5,67966.35,6.15,7,0,83209.73,30.0
5966.31,1520.76,2990.54,0.5394,0.336,13532.0,1,19263.5,14000.0,0.4986,7400.59,44093.37,18,4490.15,4.26,2,1,-39168.49,1.0
31166.95,4249.18,3459.72,0.3373,0.2208,54825.71,5,33580.18,0.0,0.5569,4811.89,0.0,5,24026.94,6.59,11,1,-11082.01,1.8
16520.6,2078.43,1434.51,0.3027,0.255,7445.48,4,2030.33,5000.0,0.4025,5574.03,0.0,24,10921.79,4.39,9,1,12829.48,15.0
57755.75,1951.4,2916.69,0.4148,0.268,17341.88,1,21865.42,14000.0,0.4916,1802.66,28958.64,9,44304.58,3.47,3,0,29957.93,30.0
60892.82,2697.19,3176.71,0.4043,0.3077,5745.57,3,12491.56,0.0,0.2774,8325.31,14385.71,22,50659.32,1.5,13,0,37564.15,30.0
342270.36,5488.83,7428.36,0.1578,0.0701,10243.6,4,59637.7,6000.0,0.4179,10113.43,58185.8,24,275391.12,7.32,18,0,279904.94,30.0
161976.55,5281.34,6932.42,0.4364,0.1276,40529.05,7,26776.99,40000.0,0.4853,5625.31,49532.14,5,148639.19,9.06,24,0,98198.08,30.0
164366.51,3967.86,5847.07,0.2958,0.2854,58103.15,4,24064.32,40000.0,0.5098,9435.09,56376.44,6,118925.69,9.6,29,0,79654.67,30.0
48811.71,3041.59,1542.89,0.3823,0.3693,27804.01,2,14454.6,0.0,0.5334,2041.05,0.0,21,26823.35,2.66,15,0,45105.17,30.0
38493.86,3182.83,2999.25,0.3062,0.3691,26885.69,4,11071.98,5000.0,0.2792,4379.94,0.0,15,23612.57,3.5,6,1,6832.82,14.9
39143.22,2448.17,3352.06,0.3088,0.3682,17067.1,2,4713.95,14000.0,0.4357,6877.03,27116.61,18,26793.3,2.01,13,1,-8068.67,12.7
145129.98,6042.34,8193.5,0.4152,0.121,38794.04,3,34675.86,20000.0,0.5963,7723.85,64534.82,10,113967.07,6.83,26,0,76200.44,30.0
53704.33,2410.52,2239.98,0.3899,0.3237,27438.02,4,2988.27,14000.0,0.2747,4060.84,0.0,3,39854.63,3.45,26,0,19875.62,30.0
26877.56,2175.9,1844.76,0.3015,0.3869,9335.6,1,19554.63,5000.0,0.3821,8022.5,0.0,17,23879.34,4.11,16,0,20927.96,30.0
26284.51,2847.81,1907.97,0.3946,0.2595,25334.85,4,6032.5,5000.0,0.4327,6510.04,0.0,16,17686.11,4.31,23,1,7079.97,17.1
163526.85,3037.2,5068.62,0.1605,0.1421,31106.45,6,25939.98,8000.0,0.4899,4476.84,60942.64,15,141969.76,4.7,10,0,98831.45,30.0
63630.1,4987.49,3248.77,0.4133,0.1325,44849.65,5,28504.85,40000.0,0.5253,14145.92,0.0,10,33670.1,7.26,24,1,17096.56,13.9
44783.26,2566.6,1900.37,0.3438,0.2934,17669.03,1,2512.52,5000.0,0.4087,5333.37,0.0,9,41304.49,2.95,12,0,27447.21,30.0
117826.22,4710.79,4946.48,0.2039,0.112,27558.09,3,50156.69,8000.0,0.5721,12350.41,7070.71,13,90314.22,4.2,22,0,90888.59,30.0
156349.26,4754.78,4650.75,0.1698,0.1391,20486.87,2,26452.22,0.0,0.3694,4940.29,0.0,19,80764.63,6.12,20,0,130260.46,30.0
10263.29,2843.91,2458.88,0.3174,0.2123,7560.92,2,21744.12,28500.0,0.3774,2122.8,0.0,7,8748.78,1.56,13,1,-3340.59,1.0
20056.49,2469.97,1646.28,0.2613,0.2294,10276.87,2,21466.68,14000.0,0.2632,8815.88,0.0,3,10079.18,3.15,27,1,11999.6,1.9
61079.42,2850.8,2268.73,0.3605,0.367,10106.0,1,11047.24,5000.0,0.4789,6687.11,0.0,5,54310.46,3.84,17,0,52669.56,30.0
39750.07,2590.32,1924.71,0.4369,0.307,18637.56,3,24228.2,28500.0,0.3124,3223.64,0.0,22,31181.46,2.12,29,0,19486.35,30.0
10520.73,2020.08,3183.28,0.3999,0.3395,7493.69,2,5913.75,0.0,0.4512,3649.18,34895.73,7,7938.43,4.37,29,1,-6059.86,1.0
56072.64,6613.82,6477.99,0.4114,0.1849,23828.44,4,34006.93,20000.0,0.5292,12127.01,0.0,4,40279.52,9.83,2,0,31350.62,30.0
153276.14,3936.57,3586.77,0.3555,0.1603,49633.7,5,8447.73,20000.0,0.5721,3928.73,0.0,10,136315.92,6.86,23,0,92767.73,30.0
48890.48,7059.0,8400.2,0.169,0.1156,52177.94,7,10366.12,40000.0,0.548,9406.81,40236.13,3,31953.18,9.42,12,1,-27944.93,1.5
137207.73,3109.17,6483.2,0.3028,0.1195,53504.12,5,33671.41,0.0,0.5972,6730.68,101221.07,14,126435.07,6.16,16,0,40751.98,30.0
12231.63,3164.16,2884.39,0.4755,0.2504,13989.92,2,6488.72,5000.0,0.3451,8901.69,0.0,12,7816.17,3.74,20,1,-6252.43,1.5
145644.08,4321.14,5157.32,0.4165,0.2499,37191.7,7,36545.08,40000.0,0.4845,5584.3,25085.38,15,80430.33,8.27,12,0,77414.46,30.0
126060.65,5074.67,3953.11,0.2744,0.2235,27864.52,5,9936.81,0.0,0.5871,4403.77,0.0,8,102574.55,9.21,8,0,102991.29,30.0
24890.02,2422.5,2110.37,0.4215,0.1609,7744.04,2,7556.46,14000.0,0.2246,1578.87,0.0,13,14824.22,1.97,20,1,11301.53,30.0
7143.06,3043.24,3468.33,0.4976,0.2201,18883.25,4,17293.82,0.0,0.2428,5943.71,12752.65,19,6385.16,3.08,16,1,-24822.64,1.3
64033.84,6476.25,4337.11,0.2961,0.1757,27194.08,3,53174.56,0.0,0.4207,10375.59,0.0,9,49842.05,5.37,4,0,66021.11,30.0
95157.02,4659.82,5327.43,0.0891,0.1392,17201.0,2,25856.82,0.0,0.455,9148.33,20028.08,21,54281.32,4.37,9,0,54306.42,30.0
9857.35,2943.46,2600.5,0.3148,0.1502,21049.49,4,4316.62,0.0,0.3652,5345.8,0.0,9,5665.18,2.28,21,1,-11613.28,1.0
79374.63,7061.59,7327.16,0.1508,0.2141,47550.75,6,26511.2,20000.0,0.595,3640.87,7967.01,12,63133.17,6.92,21,1,11644.33,12.5
313610.15,6230.75,6711.66,0.1681,0.1263,18215.81,2,28655.22,0.0,0.2707,10094.16,14427.24,11,181808.85,4.53,24,0,288364.54,30.0
191924.72,6917.48,2814.04,0.1434,0.07,27844.51,4,64488.4,0.0,0.485,4381.42,0.0,4,113386.34,3.92,29,0,200085.18,30.0
88112.08,3641.76,7132.01,0.203,0.2091,59462.84,6,20907.46,20000.0,0.6316,8799.23,104707.35,16,76091.94,8.75,28,1,-40697.44,8.9
47642.94,5694.04,4219.77,0.2082,0.1895,57556.91,6,22174.49,8000.0,0.6875,13706.77,0.0,5,30616.27,9.3,5,1,-3570.83,2.6
6344.22,1529.63,3417.24,0.2761,0.3253,16308.48,3,5188.77,5000.0,0.543,8529.56,56628.2,6,5101.75,3.51,9,1,-23189.52,1.0
8949.56,2887.31,3298.74,0.4533,0.3819,18428.92,4,12015.75,0.0,0.421,6297.23,12343.04,3,5395.52,2.56,24,1,-8084.38,1.0
75577.84,6662.27,7975.1,0.2673,0.2199,43853.43,6,16272.97,8000.0,0.3776,8546.26,39385.07,4,69354.72,6.08,8,1,23416.29,3.4
97514.14,6258.02,8373.45,0.3387,0.2632,28677.58,5,20354.46,40000.0,0.4913,3873.88,63462.78,17,66956.18,7.77,5,1,-236.87,19.3
315550.45,11628.11,7212.32,0.1983,0.1139,23458.08,2,29843.24,6000.0,0.3102,3671.33,0.0,9,220988.12,7.21,23,0,319758.94,30.0
90299.16,6871.47,8406.83,0.2656,0.1357,55970.89,3,32799.97,40000.0,0.4473,11087.5,46060.98,1,54518.87,4.19,19,1,24517.35,1.0
124344.03,4592.58,4628.44,0.3195,0.2589,63295.64,5,31148.46,8000.0,0.6632,10097.83,1075.74,9,64014.82,5.57,18,0,61519.25,30.0
31988.33,2037.7,2484.48,0.2698,0.3532,18694.54,2,6701.4,0.0,0.3009,3950.39,13403.55,22,23611.87,2.52,10,1,-2255.65,13.4
47764.4,1452.11,1821.92,0.3378,0.2362,15386.23,1,15396.24,14000.0,0.5044,8977.55,11094.24,8,29803.72,3.51,23,0,26561.35,30.0
204076.59,11497.08,5581.72,0.1149,0.1396,39570.19,4,81148.13,0.0,0.4566,11469.38,0.0,20,102738.95,3.03,12,0,269604.47,30.0
76608.07,3070.91,6692.57,0.2711,0.1994,61932.98,5,30619.19,0.0,0.5475,12222.84,108649.96,8,39145.18,7.25,20,1,-6785.3,4.1
41853.31,1694.75,2849.31,0.2447,0.3124,15649.43,1,21889.64,0.0,0.451,6746.61,34636.76,2,20987.26,2.65,12,0,32426.82,30.0
139870.39,4350.38,7976.13,0.3839,0.2539,48630.29,7,35187.82,40000.0,0.3574,5206.58,108772.5,11,119434.76,5.09,1,0,36189.57,30.0
157647.55,6792.8,5616.93,0.2423,0.1733,21888.78,5,43669.82,40000.0,0.5325,4072.4,0.0,7,142285.81,8.85,25,0,132689.49,30.0
60636.82,2194.99,1523.82,0.244,0.2832,12299.47,4,23303.65,14000.0,0.2055,8363.48,0.0,11,39018.52,3.73,18,0,53439.0,30.0
17060.46,2487.78,2892.54,0.2576,0.3516,19784.97,3,9103.77,0.0,0.525,2097.47,12142.58,9,15860.11,4.4,24,1,-7174.9,1.1
6118.4,3174.29,2975.59,0.4574,0.3157,5375.3,2,17469.2,0.0,0.2503,3050.21,0.0,20,5598.29,2.86,4,1,-1462.74,1.0
58857.75,2753.57,2699.73,0.3102,0.2006,22303.8,2,21333.43,14000.0,0.3158,8470.89,0.0,14,47927.33,2.84,26,0,30723.73,30.0
113025.87,4719.16,4106.87,0.2954,0.1126,15048.62,6,16974.18,8000.0,0.3688,9398.5,0.0,4,79093.57,5.78,27,0,100346.78,30.0
128523.09,6402.46,3851.22,0.172,0.2355,29904.96,6,40060.82,8000.0,0.6487,8757.12,0.0,11,94982.62,5.84,14,0,124362.32,30.0
6698.73,1326.56,2881.15,0.345,0.2156,16504.31,2,13665.05,28500.0,0.5079,7688.15,46637.62,12,3582.15,1.53,11,1,-40504.02,1.1
5171.34,2426.53,2757.35,0.2927,0.22,24305.08,1,21974.65,0.0,0.3184,4155.71,9924.58,23,3950.65,2.38,8,1,-28425.0,1.2
9475.49,2204.24,2064.69,0.2897,0.3996,6077.71,3,21749.03,0.0,0.2693,3266.83,0.0,18,4955.94,3.35,24,1,7377.72,1.1
55848.17,1724.42,2385.41,0.3289,0.3638,12524.73,4,6868.21,0.0,0.4874,4812.74,19829.73,18,50968.63,2.45,9,0,27432.98,30.0
22589.27,1757.84,3050.43,0.4078,0.3206,23066.85,4,6848.93,0.0,0.4206,5109.34,38777.79,5,18874.66,2.88,26,1,-6138.44,1.9
15298.83,1218.38,3588.17,0.2768,0.3581,11277.43,4,17865.58,14000.0,0.4877,3269.72,71093.75,14,9109.38,3.53,27,1,-32975.25,1.2
55750.45,1808.44,2213.58,0.4806,0.3535,27945.5,3,3132.35,14000.0,0.34,5653.69,12154.0,8,51671.65,4.02,11,0,15607.27,30.0
147413.35,5438.35,8324.97,0.2012,0.1779,60455.47,5,10572.92,40000.0,0.525,9640.76,86598.53,10,103570.13,6.27,26,0,31879.63,30.0
53794.09,1442.97,1911.98,0.3486,0.2047,16591.47,4,24816.03,5000.0,0.5247,8458.49,14070.43,5,47302.1,1.55,24,0,41305.92,30.0
48844.77,2436.41,2927.5,0.2691,0.2868,6225.59,3,6937.93,0.0,0.4262,5641.23,14732.72,10,45907.09,4.39,20,0,35725.47,30.0
148431.63,7206.73,3481.74,0.2452,0.2481,24519.71,5,23080.83,8000.0,0.4603,3204.39,0.0,1,133980.61,7.63,16,0,131475.98,30.0
167719.78,6921.2,5400.79,0.4266,0.2265,55379.55,7,14572.4,8000.0,0.5165,9368.29,0.0,1,135856.58,8.29,19,0,113773.86,30.0
37804.99,3023.78,1805.44,0.3203,0.3986,10306.11,1,19629.37,5000.0,0.4764,4381.62,0.0,9,33565.0,3.64,3,0,38575.37,30.0
45232.65,3552.9,6335.48,0.2236,0.2102,59434.71,4,17881.51,0.0,0.5463,10045.13,83477.54,6,28217.81,9.34,23,1,-27344.78,2.8
41363.13,2045.3,2838.07,0.5108,0.2271,5335.08,2,20708.36,5000.0,0.3216,6576.11,23783.27,10,30477.86,2.91,12,0,30053.1,30.0
121992.18,7109.05,6807.33,0.1082,0.1399,27937.91,5,89860.17,6000.0,0.4606,7051.17,0.0,27,102454.42,5.95,10,0,96333.15,30.0
110470.44,5867.39,3322.65,0.4143,0.2066,25057.84,5,23706.99,8000.0,0.5195,9896.31,0.0,9,57647.38,9.64,21,0,103172.92,30.0
162866.75,6351.55,7421.48,0.294,0.2375,19268.63,4,18597.89,40000.0,0.6873,13677.47,32097.71,3,93644.47,5.62,16,0,124416.23,30.0
105914.96,5920.32,3443.2,0.1244,0.1195,36540.65,4,31299.93,0.0,0.411,9246.96,0.0,9,66006.2,3.31,13,0,93673.49,30.0
64607.82,1482.55,1902.42,0.4257,0.3922,25350.41,1,22506.89,5000.0,0.4567,2443.35,12596.09,13,42295.01,3.96,13,0,36310.53,30.0
53807.23,1515.33,3208.52,0.2338,0.2237,9323.72,3,15483.45,14000.0,0.3763,2405.36,50795.5,13,40161.11,3.92,3,0,17916.08,30.0
32403.43,4600.58,6161.47,0.3283,0.2015,35371.71,5,34790.8,40000.0,0.5944,7419.34,46826.57,11,19431.96,6.67,13,1,-35523.4,1.1
19927.29,2969.29,2951.32,0.3951,0.2423,25715.12,4,19494.4,0.0,0.3462,2789.23,0.0,12,14727.53,3.77,18,1,-4824.74,2.0
59161.23,2051.03,1918.97,0.5246,0.2304,17297.85,3,17606.13,14000.0,0.4532,5528.79,0.0,8,38383.64,1.8,10,0,39438.38,30.0
100783.03,3002.32,6036.75,0.1698,0.2032,53347.01,4,27202.72,0.0,0.4253,13003.29,91032.87,9,56259.25,9.82,27,0,26194.03,30.0
19448.05,2829.84,1812.2,0.3178,0.2101,8466.96,4,17700.34,5000.0,0.5362,7771.99,0.0,21,14258.93,2.7,17,0,24631.12,30.0
21408.31,2493.57,2993.5,0.3596,0.3924,26828.22,1,24962.86,14000.0,0.3068,8337.57,14997.86,6,11904.44,3.38,4,1,-8324.29,1.9
41762.85,3091.19,6285.08,0.2066,0.235,44110.18,3,11945.04,40000.0,0.685,7270.21,95816.44,10,37849.39,8.83,17,1,-55889.8,1.9
